asn,as_description,ipv4_addresses,ipv6_48s,keyword_region,mapped_region,dbip_basis,dbip_top,dbip_top_share,dbip_second,dbip_second_share,dbip_agrees_share
204916,RACKTECH,3840,17240062.00,,,ipv4,MOW,1.000,,,
61400,NETRACK-AS,21760,4980737.00,,,ipv4,MOW,0.887,MOS,0.078,
211009,KAA-AS,0,4325376.00,,,ipv6,TR,0.970,MOW,0.030,
44812,IPSERVER-RU-NET Fiord,4608,4194304.00,,,ipv4,MOW,0.944,KHA,0.056,
213220,DATA-DELTA-AS,12544,3997695.00,,,ipv4,MOW,0.755,SVE,0.102,
12389,ROSTELECOM-AS PJSC Rostelecom. Technical Team,9165056,3539199.00,,,ipv4,SPE,0.089,NVS,0.083,
39238,"OKBPROGRESS Moscow, Russia",51456,3473408.00,MOW,,ipv4,MOW,0.403,MOS,0.368,
204490,ASKONTEL,12288,3342336.00,,,ipv4,MOW,0.979,NL,0.021,
34665,PINDC-AS,51456,3014664.00,,,ipv4,SPE,0.945,BE,0.020,
212165,KVMKA,3072,2818049.00,,,ipv4,MOW,0.500,MOS,0.250,
35048,BITERIKA-AS,30208,2359296.00,,,ipv4,MOS,0.856,MOW,0.144,
49505,SELECTEL,295680,1960960.00,,,ipv4,SPE,0.842,MOW,0.131,
8359,MTS,1519360,1929340.00,,,ipv4,MOW,0.512,ROS,0.089,
206174,KKM-AS,0,1900544.00,,,ipv6,TR,0.517,MOW,0.483,
9123,TIMEWEB-AS,236032,1900543.00,,,ipv4,SPE,0.498,MOW,0.458,
29226,"MASTERTEL-AS Moscow, Russia",46592,1835008.00,MOW,,ipv4,MOW,0.852,MOS,0.143,
13178,DIGCOMM,13056,1835008.00,,,ipv4,VOR,0.882,MOW,0.118,
197204,TELEMAKS,7936,1703936.00,,,ipv4,KDA,0.968,AD,0.032,
205828,VAA-AS,0,1638400.00,,,ipv6,TR,0.800,MOW,0.200,
205866,VRV-AS,0,1507328.00,,,ipv6,TR,0.913,MOW,0.087,
212128,Geofeed horizon-telecom.rugeofeed.csv,4096,1441792.00,,,ipv4,MOW,0.750,SPE,0.250,
43581,ZTVCORP-AS,2560,1441792.00,,,ipv4,MOW,0.900,AST,0.100,
213861,VOSTRIK-AS,2304,1376256.00,,,ipv4,MOW,0.556,STA,0.333,
210644,AEZA-AS,94464,1212440.00,,,ipv4,SE,0.317,NL,0.195,
44050,PIN-AS,59136,1179649.00,,,ipv4,SPE,0.731,ORE,0.130,
213505,GBA,0,1114112.00,,,ipv6,US,0.471,SG,0.235,
29182,RU-JSCIOT,125952,1048585.00,,,ipv4,MOW,0.508,MOS,0.404,
202984,TEAM-HOST AS,2816,1048582.00,,,ipv4,MOW,1.000,,,
202619,DOVECOM,18944,1048577.00,,,ipv4,ROS,0.730,NVS,0.216,
3175,CITYTELECOM-MSK,14592,1048576.00,,,ipv4,MOW,0.861,PER,0.070,
34241,NCT-AS,9728,1048576.00,,,ipv4,CHE,0.974,UA,0.026,
52193,EVROKONTAKT-AS,3328,1048576.00,,,ipv4,NGR,0.615,MOW,0.385,
59848,LURE-TRANSIT-AS,512,1048576.00,,,ipv4,MOW,1.000,,,
8595,WESTCALL-AS,77824,1048575.00,,,ipv4,MOW,0.944,TYU,0.026,
51369,FIORD-RU-AS,35072,1044481.00,,,ipv4,MOS,0.584,MOW,0.394,
57487,MIXTELECOM-AS,6656,983040.00,,,ipv4,MOW,1.000,,,
206728,MEDIALAND-AS,512,786432.00,,,ipv4,SPE,1.000,,,
35810,BIGTELECOM-AS,10752,737281.00,,,ipv4,MOS,0.857,MOW,0.143,
49542,AS-ARTPLANET,3840,720898.00,,,ipv4,SPE,0.867,MOW,0.067,
47764,VK-AS,144384,720897.00,,,ipv4,MOW,0.986,BEL,0.004,
12722,RECONN,22016,655361.00,,,ipv4,MOW,0.767,SPE,0.163,
199624,DKTEL-MAIN,2304,655360.00,,,ipv4,MOW,1.000,,,
47541,VKONTAKTE-SPB-AS vk.com,58112,647168.00,,,ipv4,MOW,0.524,SPE,0.476,
48108,VIRTUALDC,1536,590851.00,,,ipv4,MOW,0.833,SPE,0.167,
20485,"TRANSTELECOM Moscow, Russia",322304,589824.00,MOW,,ipv4,MOW,0.350,KYA,0.067,
48642,FOR-AS Russia,87808,589824.00,,,ipv4,SVE,0.725,MOW,0.093,
8492,OBIT-AS OBIT Ltd.,80384,589824.00,,,ipv4,SPE,0.701,MOW,0.197,
6789,CRELCOM-NET,49920,589824.00,,,ipv4,MOW,0.627,RU,0.326,
200044,STACKGROUP,11264,589824.00,,,ipv4,MOW,0.970,MOS,0.017,
31370,MOSLINE-AS,10496,589824.00,,,ipv4,MOW,0.951,MOS,0.049,
12555,IMAQLIQ iqdata.center,6656,589824.00,,,ipv4,SPE,1.000,,,
47747,TMK-NET-AS,3328,589824.00,,,ipv4,MOW,1.000,,,
207133,RUCOMTECH-AS,1792,589824.00,,,ipv4,MOW,1.000,,,
51178,AVANTEL-SPB-AS St.Petersburg branch,7168,589823.00,,SPE,ipv4,SPE,1.000,,,1.000
28884,MR-SIB-MTSAS MR Sibir,8192,556799.00,,,ipv4,NVS,0.906,ALT,0.062,
214891,DENALE-NET,1280,524304.00,,,ipv4,MOW,0.800,TYU,0.200,
56534,"COMFORTEL Comfortel, St.Petersburg, Russia",43520,524290.00,,SPE,ipv4,SPE,0.829,MOW,0.141,0.829
47196,GARANT-PARK-INTERNET,8192,524289.00,,,ipv4,MOW,1.000,,,
207822,NPK-MSA-AS,256,524289.00,,,ipv4,SPE,1.000,,,
207853,NPO-UNIMACH-AS,256,524289.00,,,ipv4,MOW,0.500,SPE,0.500,
42610,NCNET-AS OJSC National Cable Networks,512768,524288.00,,,ipv4,MOW,0.983,MOS,0.015,
35807,AS-SKYNET-SPB,307968,524288.00,,SPE,ipv4,SPE,0.983,LEN,0.017,0.983
8470,MACOMNET,73728,524288.00,,,ipv4,MOW,0.961,MOS,0.018,
208677,CLOUDRU-AS,66815,524288.00,,,ipv4,MOW,0.958,UA,0.015,
201776,MIRANDA-AS Miranda-Media LLC,66048,524288.00,,,ipv4,KDA,0.543,MOW,0.159,
2875,JINR-AS JINRHEPNET,65536,524288.00,,,ipv4,MOS,1.000,,,
16285,"ASN-UMN Technicheskaya Str.18b, Yekaterinburg, Russia",44032,524288.00,SVE,SVE,ipv4,SVE,0.939,PER,0.049,0.939
38917,KOMTEL-AS,44032,524288.00,,,ipv4,IVA,0.791,MOW,0.140,
8416,INFOLINE-AS,41984,524288.00,,,ipv4,SAM,1.000,,,
35598,INETCOM,41216,524288.00,,,ipv4,MOW,0.988,MOS,0.012,
12494,ASN-POSTLTD,33792,524288.00,,,ipv4,STA,0.386,KDA,0.321,
49531,NETCOM-R-AS,33536,524288.00,,,ipv4,MOW,1.000,,,
15552,CK,33280,524288.00,,,ipv4,VOR,1.000,,,
2683,RADIO-MSU MSU,32768,524288.00,,,ipv4,MOW,1.000,,,
35032,TAHIONISP-AS,31232,524288.00,,,ipv4,SAM,0.931,MOW,0.069,
42514,SIGNAL-AS,28672,524288.00,,,ipv4,KRS,0.768,MOW,0.196,
47759,POIG-AS,28416,524288.00,,,ipv4,MOW,0.620,MOS,0.380,
50596,ITNET33,24576,524288.00,,,ipv4,VLA,1.000,,,
47626,ASTIMER,24320,524288.00,,,ipv4,ROS,0.600,KDA,0.274,
57494,ADMAN-AS,22528,524288.00,,,ipv4,NVS,0.705,MOW,0.193,
8636,MAXNET Russia,22016,524288.00,,,ipv4,KLU,0.924,RYA,0.052,
50477,SV-EN-AS,20480,524288.00,,,ipv4,MOW,0.500,KOS,0.412,
42742,INTERKAMSERVICE-AS,19456,524288.00,,,ipv4,KAM,0.921,MOW,0.066,
51219,K2_INT,18176,524288.00,,,ipv4,MOW,0.944,PK,0.028,
41275,"LEALTA-AS Moscow, Russia",17920,524288.00,MOW,,ipv4,MOW,0.871,MOS,0.114,
50009,QUARTZ-AS,17920,524288.00,,,ipv4,MOS,1.000,,,
6761,INGATE,17408,524288.00,,,ipv4,MOW,0.706,TUL,0.294,
6694,RTSNET-AS,16640,524288.00,,,ipv4,MOW,1.000,,,
13227,"KRAFT-S Samara, Russia",16384,524288.00,SAM,SAM,ipv4,SAM,0.984,TA,0.016,0.984
196750,SETI-WEBA,16384,524288.00,,,ipv4,MOW,0.984,SPE,0.016,
201952,ATEL-RYBINSK,16384,524288.00,,YAR,ipv4,YAR,0.891,MOW,0.109,0.891
44391,ESD-AS,14080,524288.00,,,ipv4,DA,0.709,SPE,0.273,
30745,"SITENETWORK-AS Sakhalin, Russia",13824,524288.00,,,ipv4,SAK,1.000,,,
9110,AGTELECOM-AS,12544,524288.00,,,ipv4,MOW,0.959,YAR,0.041,
29329,"NODEX-AS NODEX Fiber Optic Network Saint-Petersburg, Russia",12544,524288.00,,SPE,ipv4,SPE,0.735,UD,0.245,0.735
20764,RASCOM-AS CJSC RASCOM ISP,12288,524288.00,,,ipv4,SPE,0.405,MOW,0.284,
200483,ENEVA-AS,10496,524288.00,,,ipv4,SPE,0.951,LEN,0.049,
43404,UCARU-AS,10240,524288.00,,,ipv4,MOW,1.000,,,
50911,AS-ELECTRON,10240,524288.00,,,ipv4,MOS,0.975,MOW,0.025,
56689,ELTL-AS,10240,524288.00,,,ipv4,SPE,0.975,KDA,0.025,
35278,SPRINTHOST,10239,524288.00,,,ipv4,SPE,0.825,MOW,0.175,
47156,MALNET-AS,9472,524288.00,,,ipv4,MOW,0.527,MOS,0.473,
30835,STECCOM-AS,9216,524288.00,,,ipv4,MOW,1.000,,,
31275,SAMTELECOM-AS,9216,524288.00,,,ipv4,MOW,0.437,RYA,0.396,
201211,DRUGOYTEL-AS,9216,524288.00,,,ipv4,SAM,0.972,RYA,0.028,
56864,WELLSERVER-AS,8704,524288.00,,,ipv4,MOW,0.971,SPE,0.029,
51009,NICOS-MSK Nicos Autonomous System,8192,524288.00,,,ipv4,MOS,1.000,,,
42148,BEIREL-AS,7168,524288.00,,,ipv4,MOS,1.000,,,
39087,PAKT-AS,6912,524288.00,,,ipv4,SPE,0.926,LEN,0.037,
41344,VOL-AS,6912,524288.00,,,ipv4,VGG,0.926,MOW,0.074,
8774,ETYPE,6144,524288.00,,,ipv4,KGD,0.875,RYA,0.125,
25520,FT-AS,6144,524288.00,,,ipv4,MOW,0.625,SPE,0.375,
31566,ASSKYNETWORK FGAOU_VO_KAI,6144,524288.00,,,ipv4,TA,1.000,,,
50313,"TESLATEL-AS Moscow, Russia",6144,524288.00,MOW,,ipv4,MOW,1.000,,,
201825,RUSPHONE-AS,5888,524288.00,,,ipv4,MOW,1.000,,,
48399,AS-LINXDATACENTER,5376,524288.00,,,ipv4,MOW,0.900,SPE,0.100,
58067,ASCHITATEH,5120,524288.00,,,ipv4,ZAB,0.900,MOW,0.050,
204272,ASARTA-SPB-AS St.Petersburg,4864,524288.00,,SPE,ipv4,SPE,0.605,LEN,0.211,0.605
48763,SMARTCENTER-AS ERTH,4608,524288.00,,,ipv4,SAR,0.833,MOW,0.111,
50214,QWARTA,4352,524288.00,,,ipv4,MOW,0.824,KDA,0.118,
35526,MASTERBIT-AS,4096,524288.00,,,ipv4,MOW,1.000,,,
208349,O2CLOUD,3840,524288.00,,,ipv4,MOW,1.000,,,
216368,-Reserved AS-,3840,524288.00,,,ipv4,MOW,0.600,SPE,0.400,
35237,SBERBANK,3584,524288.00,,,ipv4,MOW,0.929,SAM,0.071,
47440,BST-AS,3584,524288.00,,,ipv4,MOW,0.830,MOS,0.098,
51685,MICRON-MEDIA-AS,3584,524288.00,,,ipv4,MOW,0.786,MOS,0.214,
51783,DEDIC-CENTER-AS,3584,524288.00,,,ipv4,SPE,1.000,,,
42136,DVTK-AS,3328,524288.00,,,ipv4,MOW,0.769,MAG,0.231,
52163,OPTIMA-AS,3328,524288.00,,,ipv4,MOW,1.000,,,
58314,B2B-TELECOM,3328,524288.00,,,ipv4,MOW,0.538,KDA,0.462,
212136,NUBES,3328,524288.00,,,ipv4,MOW,1.000,,,
213691,PLATFORMA,3328,524288.00,,,ipv4,MOW,0.769,MOS,0.231,
41639,INCOMSV-AS,3072,524288.00,,,ipv4,MOS,1.000,,,
44322,RCNTEC-AS,3072,524288.00,,,ipv4,MOW,1.000,,,
56724,TINCO,3072,524288.00,,,ipv4,MOW,0.583,SPE,0.417,
62241,FORESTNET ForestNet ISP,3072,524288.00,,,ipv4,SPE,1.000,,,
201193,IPRJ-4-0,3072,524288.00,,,ipv4,MOW,0.500,SPE,0.500,
202629,IMS-0,3072,524288.00,,,ipv4,MOW,0.917,SPE,0.083,
15848,RSVOSPB-AS,2816,524288.00,,,ipv4,SPE,0.636,MOW,0.273,
49558,"LIVECOMM-AS Volodarskogo str., 62k2, 1",2560,524288.00,,,ipv4,YAR,1.000,,,
51093,VMCITY UPLINK,2560,524288.00,,,ipv4,SPE,1.000,,,
51341,GCS-AS,2560,524288.00,,,ipv4,MOS,1.000,,,
41743,ASOPTIMASET,2304,524288.00,,,ipv4,DA,1.000,,,
56814,T2TELECOM-AS,2304,524288.00,,,ipv4,MOW,0.556,SE,0.444,
25231,RU-NSO-CIT,2048,524288.00,,,ipv4,NVS,0.562,MOW,0.438,
43299,"TELECONTACT-AS Moscow, Russia",2048,524288.00,MOW,,ipv4,MOW,1.000,,,
48909,CITYLINE,2048,524288.00,,,ipv4,ORE,0.625,SAM,0.250,
57842,URALKONNEKTSERVIS-AS,2048,524288.00,,,ipv4,PER,0.875,MOW,0.125,
198539,ASUNITEDNETS United Networks LLC,2048,524288.00,,,ipv4,MOS,0.875,MOW,0.125,
199546,MOSCOMNET-AS NetOne Rus JSC IPv4IPv6,2048,524288.00,,,ipv4,MOW,1.000,,,
205500,MEGATEC-AS,2048,524288.00,,,ipv4,PRI,1.000,,,
206066,TELEDOM-AS LK Telecom,1536,524288.00,,,ipv4,MOS,1.000,,,
51092,TVIPMEDIA,1280,524288.00,,,ipv4,SPE,1.000,,,
202234,SEMANTICNETWORK,1280,524288.00,,,ipv4,MOS,1.000,,,
204576,K12-SERVERMALL,1280,524288.00,,,ipv4,SPE,0.800,LEN,0.200,
21140,FLY-TELECOM-AS,1024,524288.00,,,ipv4,MOW,1.000,,,
34855,STROY-TELECOM,1024,524288.00,,,ipv4,KDA,1.000,,,
42897,TELNET-LTD-AS,1024,524288.00,,,ipv4,IRK,0.500,KAM,0.250,
43684,OTK-AS,1024,524288.00,,,ipv4,ORE,1.000,,,
43826,SPNETRU-AS,1024,524288.00,,,ipv4,MOS,1.000,,,
201144,ISS-AS,1024,524288.00,,,ipv4,MOW,1.000,,,
203203,RTS-TENDER-AS,1024,524288.00,,,ipv4,MOW,1.000,,,
203387,ASTLX,1024,524288.00,,,ipv4,SPE,1.000,,,
203498,MSA-AS,1024,524288.00,,,ipv4,MOW,1.000,,,
203561,KTK-TELECOM,1024,524288.00,,,ipv4,MOW,1.000,,,
204623,NEWLINE-AS,1024,524288.00,,,ipv4,MOS,0.875,MOW,0.125,
207056,BONCH-IT,1024,524288.00,,,ipv4,MOW,0.500,SPE,0.500,
207547,SVTEL-AS,1024,524288.00,,,ipv4,MO,0.812,MOW,0.188,
208178,NLR,1024,524288.00,,,ipv4,MOW,1.000,,,
209141,CMI-RUSSIA,1024,524288.00,,,ipv4,MOW,1.000,,,
33962,DATAHOUSE-EKT Ekt branch,768,524288.00,,,ipv4,MOW,0.667,SVE,0.333,
49892,TETATELECOM-AS,768,524288.00,,,ipv4,MOW,1.000,,,
206955,EVOTOR-AS,768,524288.00,,,ipv4,MOW,1.000,,,
215116,IP-BARKOWSKI-AS,768,524288.00,,,ipv4,MOW,1.000,,,
34527,"NETFORT-AS Netfort, Moscow, Russia",512,524288.00,MOW,,ipv4,MOW,1.000,,,
59639,LUREIT-AS,512,524288.00,,,ipv4,MOW,1.000,,,
216247,SITILAJT-AS,512,524288.00,,,ipv4,MOS,1.000,,,
31480,SILVERCOMRU-AS,256,524288.00,,,ipv4,YAR,1.000,,,
44731,MWS,256,524288.00,,,ipv4,MOW,1.000,,,
48084,UMLC,256,524288.00,,,ipv4,MOW,1.000,,,
207979,RU_APEX,256,524288.00,,,ipv4,MOW,1.000,,,
210471,MASTER,256,524288.00,,,ipv4,MOW,1.000,,,
9107,IOS-NET,0,524288.00,,,ipv6,MOW,1.000,,,
48363,CLX-AS,0,524288.00,,,ipv6,MOW,1.000,,,
205773,TELECOM-SERVICE-AS,0,524288.00,,,ipv6,SAM,1.000,,,
8641,NAUKANET-AS BACKBONE AS of Nauka-Svyaz,41216,524287.00,,,ipv4,MOW,0.913,MOS,0.062,
201706,AS-SERVICEPIPE,6400,524287.00,,,ipv4,MOW,0.840,KZ,0.080,
48293,UNIONTEL-RU-AS,5632,524287.00,,,ipv4,MOW,1.000,,,
13215,CPLUS1-AS,1536,524286.00,,,ipv4,SPE,1.000,,,
47165,OMKC-AS,86016,524285.00,,,ipv4,OMS,0.997,NVS,0.003,
49718,NTS-REAL-AS,18432,524284.00,,,ipv4,AST,1.000,,,
8342,RTCOMM-AS,309248,524246.00,,,ipv4,MOW,0.509,VLA,0.137,
198610,BEGET-AS,115968,516096.00,,,ipv4,SPE,0.828,MOW,0.135,
59504,Hosting vpsville.ru,13824,483330.00,,,ipv4,MOW,1.000,,,
12695,DINET-AS,134144,458755.00,,,ipv4,MOW,0.985,MOS,0.006,
206873,GALAXYDATA,1792,393238.00,,,ipv4,SVE,1.000,,,
50340,SELECTEL-MSK,263424,337924.00,,,ipv4,MOW,0.898,SPE,0.094,
25159,SONICDUO-AS,139008,332035.00,,,ipv4,MOW,0.882,MOS,0.053,
208626,SERV-TECH,4096,327683.00,,,ipv4,MOW,0.750,TVE,0.250,
56694,SMARTAPE,18176,262146.00,,,ipv4,MOW,0.972,BY,0.014,
199669,ATLEX-AS,5888,262146.00,,,ipv4,MOW,0.826,NVS,0.130,
21453,FLEX-AS,117248,262144.00,,,ipv4,MOS,0.851,MOW,0.117,
3226,MARK-ITT-AS,73728,262144.00,,,ipv4,UD,0.889,MOW,0.104,
39134,UNITEDNET,18944,262144.00,,,ipv4,MOW,0.946,MOS,0.054,
8395,EAST-AS,8192,262144.00,,,ipv4,MOW,0.906,MOS,0.094,
47258,PREMIER-GC-AS,3072,262144.00,,,ipv4,MOW,1.000,,,
47724,HEADHUNTER-AS,1536,262144.00,,,ipv4,MOW,1.000,,,
208411,MEDLINX-AS,1024,262144.00,,,ipv4,SPE,1.000,,,
208360,PNA-AS,0,262144.00,,,ipv6,MOW,1.000,,,
35000,SEVEREN-TELECOM_TRANSIT SEVEREN-TELECOM,36864,262143.00,,,ipv4,SPE,0.840,MOW,0.146,
15774,TTK-RTL Retail,268544,225280.00,,,ipv4,MOW,0.196,ROS,0.105,
33993,UFO-AS,9216,196608.00,,,ipv4,MOW,0.917,MOS,0.056,
60764,TK-TELECOM,2048,196608.00,,,ipv4,SAM,1.000,,,
199805,UGO-AS,1024,196608.00,,,ipv4,MOW,0.500,AE,0.250,
204909,ZIN-AS,0,196608.00,,,ipv6,MOW,1.000,,,
213294,SAV-AS,0,196608.00,,,ipv6,MOW,1.000,,,
15974,"VTT-AS ISP, Saratov, Russia.",45312,196606.00,SAR,,ipv4,SAR,0.449,MOW,0.337,
197695,AS-REG,116736,131094.00,,,ipv4,MOW,0.982,SPE,0.015,
200350,YANDEXCLOUD,219648,131088.00,,,ipv4,MOW,0.990,MOS,0.003,
3267,NIKS,118784,131078.00,,,ipv4,MOW,0.646,SPE,0.154,
3216,SOVAM-AS,846848,131074.00,,,ipv4,MOW,0.804,SPE,0.054,
12714,"MEGAFON-AS Moscow, Russia",1153024,131072.00,MOW,,ipv4,MOW,0.950,BEL,0.015,
25513,ASN-MGTS-USPD,466176,131072.00,,,ipv4,MOW,0.942,MOS,0.052,
34602,"STARLINK-AS Moscow, Russia",78848,131072.00,MOW,,ipv4,MOW,0.994,IVA,0.003,
51032,NEVOD-AS,42496,131072.00,,,ipv4,VGG,0.946,KDA,0.054,
21367,WILAND-AS,27136,131072.00,,,ipv4,MOW,0.984,RYA,0.010,
57304,RETNRU-AS,12032,131072.00,,,ipv4,MOW,0.851,AM,0.043,
41722,MIRAN-AS Miran DC,10496,131072.00,,,ipv4,SPE,1.000,,,
39153,SETEL-AS1 TELEKONIKA-IX-AS,10240,131072.00,,,ipv4,MOW,1.000,,,
60388,TRANSNEFT-TELECOM-AS Moscow Russia,9216,131072.00,MOW,,ipv4,MOW,1.000,,,
28761,CRIMEACOM-LLC CrimeaCom South LTD. Autonomous system,7680,131072.00,,,ipv4,KDA,0.433,LEN,0.233,
28769,STTK-AS,7168,131072.00,,,ipv4,KYA,1.000,,,
202486,SKYTELECOM +,4608,131072.00,,,ipv4,KDA,1.000,,,
44020,CLN-AS,4352,131072.00,,,ipv4,IVA,0.941,MOW,0.059,
52091,LEVEL-MSK-AS Level-MSK Ltd.,768,131072.00,,,ipv4,MOW,1.000,,,
203359,RVC-AS,0,131072.00,,,ipv6,MOW,1.000,,,
204968,VAV-AS,0,131072.00,,,ipv6,MOW,1.000,,,
39811,MTSNET-FAR-EAST-AS An Autonomous System for the Far East divisions,2560,126976.00,,,ipv4,IRK,0.900,NVS,0.100,
9049,ERTH-TRANSIT-AS,12544,66044.00,,,ipv4,PER,0.449,OMS,0.163,
44493,CHELYABINSK-SIGNAL-AS,5632,65543.00,CHE,CHE,ipv4,CHE,0.591,DE,0.091,0.591
207713,GIR-AS,9472,65541.00,,,ipv4,MOW,0.378,NVS,0.270,
39494,RU-CENTER-AS,19200,65540.00,,,ipv4,MOW,0.853,SPE,0.147,
49392,ASBAXETN,5888,65540.00,,,ipv4,MOW,0.870,NVS,0.130,
200993,NYANET NyaNet,256,65540.00,,,ipv4,SAR,1.000,,,
51659,ASBAXET,11520,65538.00,,,ipv4,MOW,0.667,TA,0.156,
47193,LAN-OPTIC,16640,65537.00,,,ipv4,TVE,1.000,,,
49368,DOMOLAN-AS,10240,65537.00,,,ipv4,MOS,1.000,,,
216334,LANDVPS-AS,7680,65537.00,,,ipv4,MOW,0.767,BA,0.100,
51028,SVOLS-AS,3072,65537.00,,,ipv4,TYU,0.917,STA,0.083,
47909,BAIKAL-AS,2560,65537.00,,,ipv4,IRK,1.000,,,
60476,MYCOM-AS,2304,65537.00,,,ipv4,NL,0.889,MOW,0.111,
48430,FIRSTDC-AS,1536,65537.00,,,ipv4,SPE,0.833,AM,0.167,
202717,TELESET,1280,65537.00,,,ipv4,MOS,1.000,,,
201511,STARLINE,1024,65537.00,,,ipv4,SPE,0.999,MOW,0.001,
8402,CORBINA-AS OJSC Vimpelcom,1770240,65536.00,,,ipv4,MOW,0.898,YAR,0.009,
31200,NTK IPv6 customers,566272,65536.00,,,ipv4,NVS,0.990,PER,0.007,
8369,"INTERSVYAZ-AS 38-B, Komsomolsky prospekt",327168,65536.00,,,ipv4,CHE,0.998,MOW,0.002,
16345,BEE-AS Russia,285184,65536.00,,,ipv4,MOW,0.774,MOS,0.061,
2854,ROSPRINT-AS,258048,65536.00,,,ipv4,MOW,0.778,SPE,0.038,
21127,"ZSTTKAS Novosibirsk, Russia",214528,65536.00,NVS,,ipv4,NVS,0.324,KEM,0.200,
12668,MIRALOGIC-AS,206336,65536.00,,,ipv4,SVE,1.000,,,
29124,ISKRATELECOM-AS SEVEN-SKY,154368,65536.00,,,ipv4,MOW,0.973,MOS,0.027,
8732,COMCOR-AS Moscow,129024,65536.00,MOW,,ipv4,MOW,0.963,MOS,0.023,
25490,STC-AS OJSC Southern Telecommunications Company,119040,65536.00,,,ipv4,KDA,0.755,KL,0.108,
34123,NETORN-AS,90624,65536.00,,,ipv4,MOW,0.895,MOS,0.054,
28890,INSYS-AS INSYS ISP,87552,65536.00,,,ipv4,SVE,0.787,MOW,0.111,
20597,ELTEL-AS,81408,65536.00,,,ipv4,SPE,0.847,MOW,0.146,
15582,AKADO-B2C-AS,76544,65536.00,,,ipv4,MOW,0.993,MOS,0.007,
24739,"SEVEREN-TELECOM St.Petersburg, Russia",75776,65536.00,,SPE,ipv4,SPE,0.820,MOW,0.136,0.820
35816,"SEVSTAR Sevastopol, Russia",71168,65536.00,,,ipv4,RU,0.899,MOW,0.054,
15640,FPIC-AS,67072,65536.00,,,ipv4,PER,0.966,SVE,0.034,
31214,TIS-DIALOG-AS,64512,65536.00,,,ipv4,KGD,0.909,MOW,0.087,
48524,"INTERRA-AS at Pervouralsk Bilimbay, Severka, Sredneuralsk, Revda Degtyarsk, Kachkanar, Lesnoy N.Tura, Polevskoy, Krasnoufimsk, Asbest cities of Sverdlovsk reg",64512,65536.00,SVE,SVE,ipv4,SVE,0.888,MOW,0.103,0.888
6856,IC-VORONEZH-AS Informsvyaz - Chernozemye,62464,65536.00,VOR,VOR,ipv4,VOR,0.992,LEN,0.004,0.992
35539,"INFOLINK-T-AS Moscow, Russia",59392,65536.00,MOW,,ipv4,MOW,0.652,MOS,0.339,
25227,"ASN-AVANTEL-MSK Located in Moscow, Russia.",58880,65536.00,MOW,,ipv4,MOW,0.695,KDA,0.305,
35154,TELENET-AS Teleset Service LLC,58368,65536.00,,,ipv4,SVE,0.882,MOW,0.118,
25549,AVANTEL-AS,43520,65536.00,,,ipv4,NVS,0.782,MOW,0.194,
29072,RDTC-AS RDTC Autonomous System ISP at Novokuznetsk city,39936,65536.00,,KEM,ipv4,KEM,0.923,MOW,0.077,0.923
31430,TEL-NET-AS,37632,65536.00,,,ipv4,MOW,0.980,MOS,0.020,
44724,OCTOPUSNET-AS,31744,65536.00,,,ipv4,PRI,0.984,MOW,0.016,
48347,MTW-AS,31488,65536.00,,,ipv4,MOW,0.715,MOS,0.236,
31376,SMART-AS,31312,65536.00,,,ipv4,SPE,0.914,MOW,0.049,
31499,YCC-AS -- iHome --,29184,65536.00,,,ipv4,SVE,0.849,YAR,0.140,
5495,"ASN-SPBGU St.Petersburg, Russia",28928,65536.00,,,ipv4,SPE,0.825,MOW,0.175,
20985,ARTX-AS,28928,65536.00,,,ipv4,MOS,0.813,MOW,0.187,
2848,"MSU Vorobjovy Gory, Moscow, Russia",28672,65536.00,MOW,,ipv4,MOW,0.955,VLA,0.027,
34352,MCN-AS,26880,65536.00,,,ipv4,MOW,1.000,,,
43727,KVANT-TELECOM,26880,65536.00,,,ipv4,VOR,0.952,MOW,0.029,
39264,METROMAX-AS,26368,65536.00,,,ipv4,SAM,0.954,KDA,0.029,
34629,ORNRU-AS Kvant-telecom uplink:,25856,65536.00,,,ipv4,ORL,1.000,,,
8752,ASVT-NETWORK Russia,25600,65536.00,,,ipv4,MOW,1.000,,,
21191,ASN-SEVERTTK,25600,65536.00,,,ipv4,MOS,0.370,YAR,0.240,
197078,YARNET-AS,25600,65536.00,,,ipv4,YAR,0.950,SPE,0.030,
44056,TRYTECH-AS,25088,65536.00,,,ipv4,VLA,0.714,MOW,0.276,
28745,SUTTK-AS,24064,65536.00,,,ipv4,CHE,0.748,ORE,0.160,
196695,NETONERUS,22784,65536.00,,,ipv4,MOW,0.989,MOS,0.011,
48166,FORTEX-AS,22528,65536.00,,,ipv4,MOS,0.591,MOW,0.409,
43714,EPL-AS,21504,65536.00,,,ipv4,MOS,0.857,MOW,0.143,
33991,IGRA-SERVICE-AS,20992,65536.00,,,ipv4,KYA,0.927,MOW,0.049,
35271,AVIEL-AS Network in Ramenskoye city,20480,65536.00,,,ipv4,MOS,0.988,MOW,0.013,
8749,"REDCOM-AS Redcom, Khabarovsk, Russia",19712,65536.00,KHA,,ipv4,KHA,0.987,MOW,0.013,
50923,METRO-SET-AS Metroset Autonomous System,19456,65536.00,,,ipv4,KHM,0.974,MOW,0.026,
15672,TZTELECOM advertise with no-export community not available in all areas x7,18432,65536.00,,,ipv4,MOW,0.957,IVA,0.042,
35401,"SUNLINK-AS Sunlink Telecom ISP, Tula, Russia",17408,65536.00,TUL,TUL,ipv4,TUL,1.000,,,1.000
51004,SCTS-AS,17408,65536.00,,,ipv4,SAK,1.000,,,
20870,KAVKAZ-TRANSTELECOM-AS,16896,65536.00,,,ipv4,MOW,0.428,KDA,0.257,
206805,T1CLOUD-AS,16896,65536.00,,,ipv4,MOW,0.970,RYA,0.015,
44068,ARBITAL-AS Arbital ISP,16384,65536.00,,,ipv4,LEN,1.000,,,
12976,AS-CWSVYAZ,15616,65536.00,,,ipv4,MOW,1.000,,,
44128,INTERNET-PRO-AS,15616,65536.00,,,ipv4,SVE,0.926,MOW,0.074,
16083,STACK-AS,15360,65536.00,,,ipv4,MOS,0.784,MOW,0.143,
29470,RETNRU-MSK-AS,15360,65536.00,,,ipv4,MOW,1.000,,,
5387,NSC,15104,65536.00,,,ipv4,NVS,0.981,MOW,0.019,
34139,DIVO-AS,15104,65536.00,,,ipv4,MOW,0.644,MOS,0.186,
8491,BSH-AS,14592,65536.00,,,ipv4,MOW,0.944,ROS,0.056,
47586,BUSINESS-SVYAZ,14336,65536.00,,,ipv4,KDA,1.000,,,
40993,ALTAIRTULA-AS former LLC Altair,14080,65536.00,,,ipv4,TUL,1.000,,,
21378,CTCTVER PJSC Rostelecom. Tver branch,13312,65536.00,,TVE,ipv4,TVE,0.923,MOW,0.077,0.923
41349,MVMTECH-AS,13312,65536.00,,,ipv4,MOW,1.000,,,
199599,CIREX,12800,65536.00,,,ipv4,MOW,1.000,,,
25532,"MASTERHOST-AS Moscow, Russia",12544,65536.00,MOW,,ipv4,MOW,0.980,KHM,0.020,
51034,DSI-EAS DSI Edge AS,12544,65536.00,,,ipv4,IRK,0.959,RYA,0.041,
49779,INVESTPRIBOR-AS,12288,65536.00,,,ipv4,MOW,1.000,,,
49821,BAZA-AS,11520,65536.00,,,ipv4,VLG,0.800,MOW,0.111,
47562,FASTLINK,11264,65536.00,,,ipv4,TVE,0.818,MOW,0.182,
199420,FLYGROUP-AS,11264,65536.00,,,ipv4,MOW,0.955,CY,0.023,
41601,OBLTEL-AS,10240,65536.00,,,ipv4,MOW,0.975,LEN,0.025,
48739,IRNET-AS LTD SPUTNIK,10240,65536.00,,,ipv4,MOW,0.975,MOS,0.025,
12739,NETLINE_AS,9984,65536.00,,,ipv4,MOW,0.923,MOS,0.077,
34168,ELCOM-ISP-AS PJSC Rostelecom. Vladimir branch,9984,65536.00,VLA,,ipv4,VLA,0.949,MOW,0.051,
61436,ASMAP-AS,9984,65536.00,,,ipv4,TAM,1.000,,,
24638,RAMBLER-TELECOM-AS,9472,65536.00,,,ipv4,MOW,1.000,,,
9113,VLANT-AS,9216,65536.00,,,ipv4,MOS,0.528,MOW,0.417,
15930,WIPLINE-AS,9216,65536.00,,,ipv4,VOR,1.000,,,
20655,E-STYLEISP-AS,9216,65536.00,,,ipv4,MOW,1.000,,,
39586,SATURNTELECOM,9216,65536.00,,,ipv4,NVS,1.000,,,
44300,IPLS-AS IPLS autonomous system,9216,65536.00,,,ipv4,MOS,1.000,,,
48822,UNIVERSUMNET-AS,9216,65536.00,,,ipv4,MOW,1.000,,,
20895,UGTEL Granting of services Intelligent Network,8960,65536.00,,,ipv4,KDA,1.000,,,
205952,RUSONYX-AERO,8960,65536.00,,,ipv4,MOW,1.000,,,
25592,"NETIS-AS NETIS TELECOM ISP, Yaroslavl region, Russia",8704,65536.00,YAR,YAR,ipv4,YAR,0.588,MOW,0.412,0.588
58002,SINFORM,8704,65536.00,,,ipv4,ORL,0.527,MOW,0.473,
62205,"UNITEL Saint-Petersburg, Russia, LLC Unitel",8704,65536.00,,SPE,ipv4,SPE,0.853,MOW,0.147,0.853
209974,AS-ITGLOBALCOM-RU ITGLOBAL.COM Russia,8448,65536.00,,,ipv4,MOW,0.970,SPE,0.030,
8592,IMT,8192,65536.00,,,ipv4,MOW,0.938,RYA,0.062,
28775,TTCNET,8192,65536.00,,,ipv4,MOW,0.938,MOS,0.031,
47723,SOFTLINE_DC,8192,65536.00,,,ipv4,MOW,1.000,,,
199860,XELENT-AS,8192,65536.00,,,ipv4,LEN,0.749,SPE,0.219,
213572,JSC-TSI-SERVICE,8192,65536.00,,,ipv4,MOS,0.812,MOW,0.188,
62429,CSTNET,7424,65536.00,,,ipv4,MOW,0.586,MOS,0.414,
30833,TNC-AS,7168,65536.00,,,ipv4,MOW,1.000,,,
39256,FANNET,7168,65536.00,,,ipv4,SAR,1.000,,,
21446,AS21446 - SOTEL LLC,6912,65536.00,,,ipv4,MOW,1.000,,,
43045,SVHOLD-AS,6912,65536.00,,,ipv4,MOW,1.000,,,
28968,EUT-AS EUT IP Network,6400,65536.00,,,ipv4,MOW,0.760,SPE,0.120,
206011,FREEDOM1-AS,6400,65536.00,,,ipv4,KGD,0.560,KDA,0.440,
42291,ISTRANET-AS Istranet LLC AS,6144,65536.00,,,ipv4,MOS,1.000,,,
48479,KUBAN-TELECOM-AS,6144,65536.00,,KDA,ipv4,KDA,0.958,MOW,0.042,0.958
47478,MSTN-AS,5888,65536.00,,,ipv4,MOW,0.878,LEN,0.043,
51115,HLL-AS,5888,65536.00,,,ipv4,MOW,0.879,AE,0.043,
59833,SEVTELECOM-AS,5632,65536.00,,,ipv4,RU,0.591,KLU,0.182,
16143,RADIONET-AS,5376,65536.00,,,ipv4,MOW,0.952,MOS,0.048,
50187,BWC BaikalWestCom LLC,5376,65536.00,,,ipv4,IRK,0.667,MOW,0.333,
39101,PITEL,5120,65536.00,,,ipv4,SPE,0.686,MOW,0.314,
42339,"CHTP-AS St.Petersburg, Russia",5120,65536.00,,SPE,ipv4,SPE,0.950,MOW,0.050,0.950
43226,SAFEDATA Uplinks,5120,65536.00,,,ipv4,MOW,0.750,RYA,0.250,
43247,YOOMONEY-AS,5120,65536.00,,,ipv4,MOW,1.000,,,
2895,FREE-NET-AS FREEnet,4864,65536.00,,,ipv4,MOW,1.000,,,
39046,"THEOREMA St. Petersburg, Russian Federation",4864,65536.00,,SPE,ipv4,SPE,0.632,MOW,0.368,0.632
25478,IHOME-AS iHome LLC,4608,65536.00,,,ipv4,MOW,1.000,,,
50538,PETROS,4608,65536.00,,,ipv4,SPE,0.889,LEN,0.056,
12335,TARIO,4096,65536.00,,,ipv4,MOW,0.938,CZ,0.062,
29388,"ASN-BESTCOM Moscow, Russia",4096,65536.00,MOW,,ipv4,MOW,1.000,,,
34784,RUSAT-AS AS a Satellite Teleport RuSat,4096,65536.00,,,ipv4,MOW,1.000,,,
38984,M9COM-AS,4096,65536.00,,,ipv4,MOW,1.000,,,
42322,LLC-ZHANR-AS,4096,65536.00,,,ipv4,VLA,1.000,,,
42919,DARYA-AS,4096,65536.00,,,ipv4,ROS,1.000,,,
48670,UNIS,4096,65536.00,,,ipv4,SPE,1.000,,,
51218,AS51218 - Zvuk LLC,4096,65536.00,,,ipv4,MOW,1.000,,,
200487,OOOVPS-AS,4096,65536.00,,,ipv4,SPE,1.000,,,
15682,ITERANET-AS ISP in Moscow,3840,65536.00,MOW,,ipv4,MOW,1.000,,,
35087,NTSI-AS,3840,65536.00,,,ipv4,MOW,1.000,,,
42187,REGIT-AS KSU,3840,65536.00,,,ipv4,KEM,0.867,MOW,0.133,
48078,DAGOMYS-AS,3840,65536.00,,,ipv4,KDA,0.867,MOW,0.133,
60720,POLYCOMM-AS,3840,65536.00,,,ipv4,MOW,0.667,KGD,0.267,
61121,ODINTSOVO-AS,3840,65536.00,,,ipv4,MOS,1.000,,,
60651,STEK-KAZAN from Rostelecom,3328,65536.00,TA,TA,ipv4,TA,0.923,NVS,0.077,0.923
60879,SYSTEMPROJECTS-AS Krasnoyarsk,3328,65536.00,KYA,,ipv4,KYA,0.846,NVS,0.077,
5572,BOTIK Public network of Pereslavl-Zalessky,3072,65536.00,,,ipv4,YAR,0.734,MOW,0.266,
8440,SNCNET-AS SNC Autonomus System,3072,65536.00,,,ipv4,SAK,0.510,KHA,0.406,
21051,NIVAL-AS,3072,65536.00,,,ipv4,MOW,1.000,,,
44923,AIRNET,3072,65536.00,,,ipv4,MOW,0.750,SPE,0.250,
45005,GORIZONT-YAROSLAVL-AS,3072,65536.00,YAR,YAR,ipv4,YAR,1.000,,,1.000
47989,MOSINFOCOM-AS Mosinfocom Llc,3072,65536.00,,,ipv4,MOW,1.000,,,
49641,ALFACOM-AS,3072,65536.00,,,ipv4,NGR,0.833,MOW,0.167,
198354,"SISTELECOM-AS Moscow, Russia",3072,65536.00,MOW,,ipv4,MOW,1.000,,,
198947,RETNRU-SPB-AS,3072,65536.00,,,ipv4,SPE,0.750,MOW,0.250,
61276,EKACOD-AS,2816,65536.00,,,ipv4,SVE,0.636,MOW,0.364,
34959,PROCLOUD PROCLOUD MSK,2560,65536.00,,,ipv4,KGD,0.600,MOS,0.100,
43182,ITTITT-AS,2560,65536.00,,,ipv4,IN,1.000,,,
44943,RAMNET-AS Internet Service Provider RamNet,2560,65536.00,,,ipv4,MOW,0.600,MOS,0.400,
57354,SYSTEMA-AS,2560,65536.00,,,ipv4,GE,0.400,KDA,0.200,
59494,ENIGMA-TELECOM-AS,2560,65536.00,,,ipv4,KGD,1.000,,,
29425,SAKHCOM-AS,2304,65536.00,,,ipv4,MOW,0.667,SAK,0.333,
42451,SSN-AS,2304,65536.00,,,ipv4,NVS,0.667,SA,0.333,
49825,LNTK,2304,65536.00,,,ipv4,MOW,1.000,,,
39741,DCE-AS,2048,65536.00,,,ipv4,SVE,1.000,,,
41783,ITAEC-AS,2048,65536.00,,,ipv4,MOW,0.875,MOS,0.125,
43048,MITIGATOR-CLOUD,2048,65536.00,,,ipv4,MOW,0.875,SVE,0.125,
43287,RU-VITNET-AS,2048,65536.00,,,ipv4,MOW,1.000,,,
43594,SVYAZ-AS,2048,65536.00,,,ipv4,IRK,1.000,,,
43776,RELSOFTCOM-NET Relsoft Communications Route,2048,65536.00,,,ipv4,MOW,1.000,,,
48223,SENATOR-AS,2048,65536.00,,,ipv4,SPE,0.734,MOW,0.266,
201646,AS_FLEXL,2048,65536.00,,,ipv4,MOS,1.000,,,
202136,A-SITI-AS,2048,65536.00,,,ipv4,TYU,0.750,MOW,0.250,
59627,DOCKER-RU-AS,1792,65536.00,,,ipv4,SPE,0.714,MOW,0.286,
61964,FREEDOM-AS,1792,65536.00,,,ipv4,CHE,0.571,KGD,0.286,
202173,MAXIMATELECOM,1792,65536.00,,,ipv4,MOW,1.000,,,
216363,ISTRA-DOT-NET-AS,1792,65536.00,,,ipv4,MOS,1.000,,,
8496,RU-OPTIBIT,1536,65536.00,,,ipv4,KYA,0.833,MOW,0.167,
28762,"DATAHOUSE-SPB Saint-Petersburg, Russia",1536,65536.00,,,ipv4,MOW,1.000,,,
42971,INTERFONICA,1536,65536.00,,,ipv4,IRK,1.000,,,
43097,WEBRA,1536,65536.00,,,ipv4,KYA,0.500,MOW,0.500,
56621,INTEXLTD-AS,1536,65536.00,,,ipv4,KDA,1.000,,,
199933,"ELEKTRANET-AS Elektrogorsk, Russia",1536,65536.00,,,ipv4,MOS,0.500,MOW,0.333,
202611,YCTL,1536,65536.00,,,ipv4,MOW,1.000,,,
207059,UNISENDER,1536,65536.00,,,ipv4,KGD,0.667,MOW,0.333,
216140,SPLF,1536,65536.00,,,ipv4,MOW,1.000,,,
8331,RINET-AS Cronyx Plus Ltd,1280,65536.00,,,ipv4,MOW,1.000,,,
39143,BSH2-AS,1280,65536.00,,,ipv4,MOW,1.000,,,
42861,FOTONTELECOM-TRANSIT-AS FOTONTELECOM ISP,1280,65536.00,,,ipv4,MOW,1.000,,,
48467,PRANET-AS,1280,65536.00,,,ipv4,MOW,1.000,,,
213075,STARTRU-AS,1280,65536.00,,,ipv4,MOW,1.000,,,
25451,RUNTT,1024,65536.00,,,ipv4,MOW,1.000,,,
31294,LANTECH-AS TTK upstream,1024,65536.00,,,ipv4,MOW,1.000,,,
39360,MOSOBLCOM-AS,1024,65536.00,,,ipv4,MOS,0.500,MOW,0.500,
43886,UTEL,1024,65536.00,,,ipv4,KYA,0.750,KDA,0.250,
51012,RU-URALPROMSERVICE-AS,1024,65536.00,,,ipv4,SVE,1.000,,,
60768,FFORMA,1024,65536.00,,,ipv4,MOW,1.000,,,
60832,ASOKEY,1024,65536.00,,,ipv4,SPE,1.000,,,
198297,UL-COM-AS,1024,65536.00,,,ipv4,MOW,0.750,MOS,0.250,
205439,IPPARK-AS,1024,65536.00,,,ipv4,MOS,1.000,,,
206767,TIONIX-AS,1024,65536.00,,,ipv4,MOW,0.750,TA,0.250,
215307,MOVETEL,1024,65536.00,,,ipv4,MOW,0.750,CHE,0.250,
48076,NETRACK2-AS,768,65536.00,,,ipv4,MOW,1.000,,,
48989,SIDIEN,768,65536.00,,,ipv4,SPE,0.667,MOW,0.333,
205412,I-DIGITAL-AS,768,65536.00,,,ipv4,SPE,1.000,,,
49181,GCX-AS,512,65536.00,,,ipv4,MOS,1.000,,,
49373,CENTURILINK-AS centurilink,512,65536.00,,,ipv4,MOW,1.000,,,
59589,KA2,512,65536.00,,,ipv4,MOW,1.000,,,
62444,ALTRUM,512,65536.00,,,ipv4,MOW,1.000,,,
208502,NPOSAM-AS,512,65536.00,,,ipv4,MOW,1.000,,,
43238,OPTIBIT-CDN,256,65536.00,,,ipv4,KYA,1.000,,,
49281,M100 LLC M100,256,65536.00,,,ipv4,MOW,1.000,,,
50766,AS50766 - Roman Eduardovich Zamkov,256,65536.00,,,ipv4,MOW,1.000,,,
62200,ISPSYSTEM-AS,256,65536.00,,,ipv4,IRK,1.000,,,
206083,IPARK,256,65536.00,,,ipv4,SPE,1.000,,,
210431,TKH-I-AS,256,65536.00,,,ipv4,MOW,1.000,,,
210491,QUANTEK-AS,256,65536.00,,,ipv4,SPE,1.000,,,
39191,GNR-GROUP-AS,0,65536.00,,,ipv6,NL,1.000,,,
47728,HYPERUS-AS,0,65536.00,,,ipv6,KGD,1.000,,,
59467,RADAR_TEST,0,65536.00,,,ipv6,US,1.000,,,
206306,GRA-AS,0,65536.00,,,ipv6,MOW,1.000,,,
214842,AY7-AS,0,65536.00,,,ipv6,MOW,1.000,,,
215330,CDE-AS,0,65536.00,,,ipv6,MOW,1.000,,,
29076,CITYTELECOM-AS Filanco LTD,37888,65535.00,,,ipv4,MOW,0.892,SPE,0.068,
57073,WILDBERRIES-AS,5376,65530.00,,,ipv4,MOW,0.689,MOS,0.311,
49063,DTLN,40704,65280.00,,,ipv4,MOW,0.950,MOS,0.012,
35026,GELICON-AS,768,65280.00,,,ipv4,MOW,1.000,,,
42087,"KANAL7-AS MTS PJSC, MR Sibir, Norilsk",26880,61697.00,,,ipv4,KYA,0.990,SVE,0.010,
30881,TENSOR-AS Yaroslavl branch,37120,61440.00,YAR,,ipv4,YAR,0.945,MOW,0.048,
44895,ANTENNA-GARANT-AS,7680,61440.00,,,ipv4,RYA,0.933,MOW,0.067,
8773,"AS8773 - PJSC ""Vimpelcom""",0,45056.00,,,ipv6,MOW,1.000,,,
200441,CRIMEADC-NET,256,32768.00,,,ipv4,LEN,1.000,,,
31257,ORIONNET-KRK,46336,16384.00,,,ipv4,KYA,0.972,MOW,0.028,
48096,ITGRAD,29696,16384.00,,,ipv4,SPE,0.724,MOW,0.147,
44534,YANDEX-OFFICE,11264,16384.00,,,ipv4,MOW,0.771,RS,0.071,
50427,ORIONNET-ABK,5376,16384.00,,,ipv4,KYA,0.571,KK,0.429,
204137,ORIONNET-IRK,2048,16384.00,,,ipv4,KYA,0.875,IRK,0.125,
201786,COMLINE-AS COMLINE Novokuznetsk AS,1280,16384.00,,KEM,ipv4,KEM,1.000,,,1.000
31133,MF-MGSM-AS PJSC MegaFon,370432,10380.00,,,ipv4,MOW,0.703,SAM,0.088,
13302,"LINKEY-CLOUD St.-Petersburg, Russia",1536,8448.00,SPE,,ipv4,MOW,0.500,SPE,0.500,
216246,RU-AEZA-AS,13824,8224.00,,,ipv4,MOW,0.537,SPE,0.241,
207104,BIZONE-AS,1792,8193.00,,,ipv4,MOW,1.000,,,
34757,SIBSET-NSK-AS,22016,8192.00,,NVS,ipv4,NVS,0.802,KYA,0.198,0.802
209446,VASEXPERTS,512,8192.00,,,ipv4,MOW,1.000,,,
31483,ERTELECOM-DC-AS,9472,4609.00,,,ipv4,PER,0.270,MOW,0.243,
31163,MF-KAVKAZ-AS,72704,4354.00,,,ipv4,MOW,0.680,SAM,0.208,
29588,IVSTARNET-AS,3072,4097.00,,,ipv4,MOS,1.000,,,
48176,OOOSET-AS,34560,4096.00,,,ipv4,STA,0.837,VGG,0.096,
56690,VNET-LLC-AS,14848,4096.00,,,ipv4,MOS,0.552,MOW,0.448,
61976,SELECTEL-NSK,9216,4096.00,,,ipv4,NVS,0.861,SPE,0.111,
49863,LITE-TELECOM-AS,5120,4096.00,,,ipv4,MOS,1.000,,,
50045,MONNET-AS,4352,4096.00,,,ipv4,MOS,1.000,,,
57712,SOFTVIDEO-AS,4096,4096.00,,,ipv4,MOS,1.000,,,
47645,STC-NET-AS,3840,4096.00,,,ipv4,MOS,1.000,,,
59584,INDIKOM-AS,3584,4096.00,,,ipv4,MOW,0.857,MOS,0.143,
44881,CYBERTECH-AS,3072,4096.00,,,ipv4,MOS,1.000,,,
51579,CORP-PARTNER-AS,3072,4096.00,,,ipv4,MOS,1.000,,,
42842,HELIOS-TV-AS,2304,4096.00,,,ipv4,NVS,0.778,KEM,0.111,
47542,VKONTAKTE-MSK-CDN-AS Moscow CDN vk.com,1024,4096.00,MOW,,ipv4,MOW,0.750,SPE,0.250,
199070,TBD-AS,1024,4096.00,,,ipv4,YAN,1.000,,,
58036,SKYLINE-AS,768,4096.00,,,ipv4,MOW,0.667,MOS,0.333,
2766,"GlasNet, Computer Network User Association 4 Sadovaya-Chernogriazskaya, 16 Room Moscow, 107078",512,4096.00,MOW,,ipv4,MOW,1.000,,,
201279,AWAS-AS,512,4096.00,,,ipv4,DE,1.000,,,
48610,OFORO,256,4096.00,,,ipv4,MOW,1.000,,,
49755,TELECOM-159-RU 159.ru,256,4096.00,,,ipv4,MOW,1.000,,,
2599,PJSC Vimpelcom,0,4096.00,,,ipv6,MOW,1.000,,,
8755,CITYLINESPB-AS,0,4096.00,,,ipv6,MOW,1.000,,,
49144,ITCOM-AS,0,4096.00,,,ipv6,MOW,1.000,,,
31208,MF-CENTER-AS,14592,3454.00,,,ipv4,NIZ,0.439,MOW,0.333,
50928,SYNTSIB-AS,10752,2560.00,,,ipv4,NVS,0.607,MOW,0.238,
29648,COMLINE-AS,46336,2308.00,,,ipv4,SVE,0.879,CHE,0.060,
48043,OZYORSK-TELECOM-AS,2048,2048.00,,,ipv4,CHE,1.000,,,
31195,MF-DV-AS,21760,1792.00,,,ipv4,MOW,0.718,KHA,0.200,
31213,MF-NWGSM-AS,76032,1026.00,,,ipv4,MOW,0.612,SPE,0.227,
12768,ER-TELECOM-AS,149760,1025.00,,,ipv4,PER,0.979,MOW,0.012,
42682,ERTH-NNOV-AS,124672,1025.00,,NIZ,ipv4,NIZ,0.992,SPE,0.004,0.992
34533,ESAMARA-AS,104704,1025.00,,,ipv4,SAM,1.000,,,
31363,MOSCOW-AS,156160,1024.00,MOW,,ipv4,MOW,0.869,MOS,0.052,
51604,EKAT-AS,143616,1024.00,,,ipv4,SVE,0.982,BA,0.014,
51570,SPB-AS,123392,1024.00,,SPE,ipv4,SPE,0.817,VGG,0.056,0.817
57044,BRYANSK-AS,81152,1024.00,BRY,BRY,ipv4,BRY,0.968,PER,0.016,0.968
51645,IRKUTSK-AS,73216,1024.00,IRK,IRK,ipv4,IRK,0.920,CU,0.028,0.920
39435,EVOLGOGRAD-AS,70144,1024.00,,,ipv4,VGG,1.000,,,
56420,RYAZAN-AS,67584,1024.00,RYA,RYA,ipv4,RYA,0.924,SPE,0.030,0.924
41843,ERTH-OMSK-AS,66816,1024.00,OMS,OMS,ipv4,OMS,0.958,ALT,0.011,0.958
50512,BARNAUL-AS,66304,1024.00,ALT,ALT,ipv4,ALT,0.969,PER,0.015,0.969
57378,ROSTOV-AS,64512,1024.00,ROS,ROS,ipv4,ROS,0.984,NVS,0.016,0.984
41668,ERTH-KAZAN-AS,62976,1024.00,TA,TA,ipv4,TA,1.000,,,1.000
50543,SARATOV-AS,61696,1024.00,SAR,SAR,ipv4,SAR,0.946,MOS,0.033,0.946
42116,ERTH-NCHLN-AS,57600,1024.00,,,ipv4,TA,1.000,,,
50498,LIPETSK-AS,57600,1024.00,LIP,LIP,ipv4,LIP,0.907,MOS,0.071,0.907
41682,ERTH-TMN-AS,56832,1024.00,,TYU,ipv4,TYU,1.000,,,1.000
34590,IZHEVSK-AS,50432,1024.00,UD,UD,ipv4,UD,0.939,SAM,0.041,0.939
50544,KRSK-AS,49664,1024.00,,KYA,ipv4,KYA,0.943,ME,0.036,0.943
52207,TULA-AS,49664,1024.00,TUL,TUL,ipv4,TUL,0.995,ORE,0.005,0.995
41754,ERTH-PENZA-AS,48640,1024.00,PNZ,PNZ,ipv4,PNZ,0.968,TOM,0.032,0.968
51819,YAR-AS,47616,1024.00,,,ipv4,YAR,0.952,TA,0.043,
41661,ERTH-CHEL-AS,43776,1024.00,,CHE,ipv4,CHE,0.994,SPE,0.006,0.994
41727,ERTH-KIROV-AS,41216,1024.00,KIR,,ipv4,NGR,0.938,KIR,0.056,
57026,CHEB-AS,41216,1024.00,,,ipv4,CU,1.000,,,
42683,ERTH-OREN-AS,40448,1024.00,,,ipv4,ORE,0.791,SAR,0.196,
51035,UFA-AS,40192,1024.00,,BA,ipv4,BA,0.924,TOM,0.051,0.924
50542,VORONEZH-AS,38656,1024.00,VOR,VOR,ipv4,VOR,0.987,KRS,0.013,0.987
43478,ERTH-NSK-AS,38144,1024.00,,NVS,ipv4,NVS,0.906,KGN,0.054,0.906
39028,ULSK-AS,27392,1024.00,,,ipv4,ULY,0.841,MOW,0.093,
41786,ERTH-YOLA-AS,26880,1024.00,,,ipv4,ME,0.771,CHE,0.133,
56330,KURGAN-AS,24320,1024.00,KGN,KGN,ipv4,KGN,1.000,,,1.000
34150,RU-ERTH-KRASNODAR-AS,22272,1024.00,KDA,,ipv4,KDA,0.908,RYA,0.092,
59713,ERTH-KURSK-AS,19712,1024.00,KRS,KRS,ipv4,KRS,0.987,BEL,0.013,0.987
56377,MGSK-AS,16640,1024.00,,,ipv4,CHE,1.000,,,
48651,UCN-AS,512,1024.00,,,ipv4,CHE,1.000,,,
49048,TVER-AS,23296,1023.00,TVE,TVE,ipv4,TVE,1.000,,,1.000
199133,NYAIP,768,772.00,,,ipv4,CH,0.333,DE,0.333,
56807,ASKLON,512,768.00,,,ipv4,CHE,0.500,IVA,0.500,
213704,RU-SHARK-U,256,768.00,,,ipv4,MOS,1.000,,,
203493,YACOLO-AS,1536,516.00,,,ipv4,KEM,0.833,MOW,0.167,
31224,MF-UGSM-AS,15872,514.00,,,ipv4,SVE,0.500,MOW,0.339,
41691,SUMTEL-AS-RIPE CJSC Sumtel,10240,512.00,,,ipv4,MOW,0.700,VOR,0.150,
49371,"RU-SHARK-AS Moscow, Russia",1536,512.00,MOW,,ipv4,MOW,0.833,MOS,0.167,
210756,EDGECENTERLLC,30720,352.00,,,ipv4,MOW,0.433,KHA,0.158,
24955,UBN-AS,180224,290.00,,,ipv4,BA,1.000,,,
198770,VIRTUAALINFRA-AS,5376,288.00,,,ipv4,MOW,1.000,,,
200954,NUVIRA-AS,256,288.00,,,ipv4,PL,1.000,,,
213922,NXA-MSK,68096,258.00,,,ipv4,MOW,0.996,KG,0.004,
31205,MF-SIB-AS,19712,258.00,,,ipv4,MOW,0.558,NVS,0.208,
41704,OGS-AS,38912,257.00,,,ipv4,BA,0.882,ORE,0.118,
39045,GAZTELECOM-AS,16384,256.00,,,ipv4,MOW,0.797,KGD,0.078,
56791,CT-AS,13312,256.00,,,ipv4,KDA,1.000,,,
44267,ENPLUS-TELECOM,3840,256.00,,,ipv4,IRK,1.000,,,
198755,GORSET-AS,1280,256.00,,,ipv4,TYU,0.600,MOW,0.400,
57045,NGS,1024,256.00,,,ipv4,MOW,0.500,NIZ,0.500,
198675,INTERSVYAZ-M-NET,768,256.00,,,ipv4,VLA,0.667,MOW,0.333,
211282,PG19-VEYDELEVKA,512,256.00,,,ipv4,BEL,1.000,,,
62142,KONNEKTIKA-NET,256,256.00,,,ipv4,PER,1.000,,,
211366,ISP-OOO-LINK-NET-AS,256,256.00,,,ipv4,PER,1.000,,,
206680,PG19-ROVENKI,0,256.00,,,ipv6,BEL,1.000,,,
218637,A-SHIELD-AS - ALEKSANDR VITALEVICH MAKSIMOV,0,256.00,,,ipv6,PL,1.000,,,
219058,MULTEDNET - Evgenii Lisovskii,0,256.00,,,ipv6,KYA,1.000,,,
60490,MTS-CLOUD,19456,129.00,,,ipv4,MOW,0.763,NVS,0.092,
204582,TCI-AS,7168,67.00,,,ipv4,MOW,0.464,KDA,0.357,
62261,MSK-IX-AS,1792,64.00,,,ipv4,MOS,0.571,MOW,0.429,
44406,BELIY-MOST-AS,0,64.00,,,ipv6,CN,0.250,FI,0.250,
60246,PG-19,14592,59.00,,,ipv4,ROS,1.000,,,
61992,UCI-AS,1536,56.00,,,ipv4,MOW,0.667,SPE,0.333,
57629,IVI-,2048,44.00,,,ipv4,MOW,0.875,YAR,0.125,
44677,MTS-NGCLOUD-AS,4608,32.00,,,ipv4,MOW,1.000,,,
42385,RIPN-,7424,21.00,,,ipv4,MOW,0.724,MOS,0.207,
51255,MTIKPRO-AS,256,18.00,,,ipv4,PER,1.000,,,
57128,KGS-NET,12288,17.00,,,ipv4,BA,0.833,TA,0.167,
60095,NN-AS,5120,17.00,,,ipv4,BA,0.700,NIZ,0.300,
219297,c0redev-AS - Vadim Deynichenko,256,17.00,,,ipv4,MOW,1.000,,,
210643,INEY-NET,0,17.00,,,ipv6,TH,1.000,,,
28812,JSCBIS-AS,323328,16.00,,,ipv4,BA,0.915,MOW,0.085,
51352,VLSU-AS,2816,16.00,,,ipv4,VLA,1.000,,,
210079,EUROBYTE,28416,15.00,,,ipv4,MOW,1.000,,,
41034,IMPULS-AS,13568,15.00,,,ipv4,PER,0.509,ORE,0.453,
219529,PODRIL1AK2-AS - Yulia Kurganova,0,14.00,,,ipv6,NL,0.571,DE,0.214,
21416,TCINET-AS,3072,12.00,,,ipv4,MOW,0.667,KDA,0.333,
204720,CDNETWORKS,14336,11.00,,,ipv4,MOW,0.357,UA,0.214,
57363,CDNVIDEO-AS,16384,10.00,,,ipv4,MOW,0.875,MOS,0.094,
43832,RIPN-NS5-RU-MSK,3072,10.00,,,ipv4,MOW,0.583,PRI,0.333,
197068,CURATOR,1792,9.00,,,ipv4,MOW,1.000,,,
47481,AS-LHD,1024,9.00,,,ipv4,CU,0.500,MOW,0.500,
31261,"GARS-AS Moscow, Russia",29184,8.00,MOW,,ipv4,MOW,0.930,RYA,0.035,
41740,NDNS,1536,8.00,,,ipv4,MOW,1.000,,,
35608,RLINE1-AS,3328,6.00,,,ipv4,IRK,0.615,MOW,0.385,
42632,"MNOGOBYTE-AS Moscow, Russia",25088,5.00,MOW,,ipv4,MOW,0.944,IRK,0.036,
8985,MSK-IX_SERVICES,6656,5.00,,,ipv4,MOW,1.000,,,
28709,VKONTAKTE-REGIONAL-CDN Regional CDN vk.com,3584,5.00,,,ipv4,MOW,0.571,SPE,0.357,
20632,PETERSTAR-AS Saint-Petersburg,305664,4.00,,SPE,ipv4,SPE,0.985,MOW,0.011,0.985
47530,NVTC-AS,10240,4.00,,,ipv4,KEM,1.000,,,
48614,ITSOFT-AS,9472,4.00,,,ipv4,MOW,0.919,SI,0.054,
44941,ASTRAKHAN-DTV-AS Megafon,4608,4.00,AST,AST,ipv4,AST,1.000,,,1.000
200513,STM-NVR,2816,4.00,,,ipv4,KDA,1.000,,,
215013,YACLOUDCDN,2560,4.00,,,ipv4,MOW,0.700,KZ,0.200,
49874,ERTH-DC,2048,4.00,,,ipv4,NIZ,1.000,,,
197793,GIGABIT-NET,1792,4.00,,,ipv4,TUL,0.714,KLU,0.286,
60216,FAITID-AS,1024,4.00,,,ipv4,MOW,1.000,,,
12418,QUANTUM,68096,3.00,,,ipv4,SPE,0.814,MOW,0.034,
15493,"RUSCOMP-AS Russian company LLC. Internet Service Provider, Tyumen",15872,3.00,TYU,TYU,ipv4,TYU,0.984,MOW,0.016,0.984
3218,COSMOS-3218-AS AS-COSMOS root,9472,3.00,,,ipv4,MOW,1.000,,,
56577,ASRELINK,3328,3.00,,,ipv4,MOW,0.692,BG,0.308,
25446,ERTH-CLOUD-AS,2304,3.00,,,ipv4,MOW,1.000,,,
43298,STORMNETWORKS,2304,3.00,,,ipv4,MOW,1.000,,,
61280,CMU_GRCHC,2304,3.00,,,ipv4,MOW,0.556,PSK,0.444,
203004,GLAVTEL,1792,3.00,,,ipv4,SPE,0.714,MOW,0.286,
42394,MICROCOMPONENT-AS,1280,3.00,,,ipv4,KDA,0.600,KC,0.200,
45029,RIPN-SU-NET,1280,3.00,,,ipv4,MOW,0.800,PRI,0.200,
47445,RIPN-RU-RND RND RU services AS,768,3.00,,,ipv4,MOW,1.000,,,
202344,BASEALT,768,3.00,,,ipv4,MOW,0.667,SAR,0.333,
42072,POZITIS-RU-AS,512,3.00,,,ipv4,MOW,1.000,,,
215376,MLCLOUD,256,3.00,,,ipv4,TA,1.000,,,
218750,CHEESE-AS - Egor Belanov,0,3.00,,,ipv6,KP,0.333,MOW,0.333,
219123,WhyFucked - Oleg Mironov,0,3.00,,,ipv6,CA,0.333,FI,0.333,
56981,TOMSK-AS,179200,2.00,TOM,TOM,ipv4,TOM,0.817,PER,0.171,0.817
48282,VDSINA-AS,43264,2.00,,,ipv4,MOW,0.947,CZ,0.024,
48149,ITKM-AS,12288,2.00,,,ipv4,MOS,1.000,,,
209024,MTS-CLOUD-A,12288,2.00,,,ipv4,MOW,0.896,KYA,0.062,
3316,RELARN Research & Education Network,11008,2.00,,,ipv4,MOW,0.884,PRI,0.070,
212441,CLOUDASSETS,5376,2.00,,,ipv4,MOW,1.000,,,
57010,CLODO-AS,5120,2.00,,,ipv4,SPE,0.950,MOW,0.050,
216365,CLOUD_SOLUTIONS_2,5120,2.00,,,ipv4,MOW,1.000,,,
43278,CASTLES-AS AntiDDoS Protection for your services,4352,2.00,,,ipv4,MOW,0.706,RS,0.176,
49675,SKBKONTUR-AS,4096,2.00,,,ipv4,MOW,0.562,SVE,0.438,
62222,QS-AS,4096,2.00,,,ipv4,MOW,1.000,,,
44964,DAPL DATAPLANET Ltd.,3552,2.00,,,ipv4,MOW,0.640,MOS,0.360,
209207,-Reserved AS-,3328,2.00,,,ipv4,NL,0.538,DE,0.385,
58310,IZHTELEPORT-AS,3072,2.00,,,ipv4,UD,0.833,MOW,0.167,
56679,TECOM-AS,2816,2.00,,,ipv4,SPE,0.727,MOW,0.273,
202423,MGNHOST-AS,2816,2.00,,,ipv4,MOW,1.000,,,
35298,MF-MGSM-AS,2560,2.00,,,ipv4,SAM,0.600,MOW,0.300,
51655,ILIM-NET,2048,2.00,,,ipv4,SPE,0.500,IRK,0.250,
197467,Samara University,2048,2.00,SAM,,ipv4,SAM,1.000,,,
201119,ICEWOOD,2048,2.00,,,ipv4,MOS,0.500,MOW,0.250,
43489,ANYCAST-AS,1792,2.00,,,ipv4,MOW,0.857,ROS,0.143,
49395,RTCLOUD-3RD-AS,1024,2.00,,,ipv4,NVS,0.500,SPE,0.500,
52016,ADFACT,1024,2.00,,,ipv4,MOW,1.000,,,
56674,MARYA-AS,1024,2.00,,,ipv4,SAR,1.000,,,
44597,RIPN-RU-SMR for Samara Project,768,2.00,SAM,,ipv4,MOW,0.667,PRI,0.333,
45018,RIPN-RU-VLV,768,2.00,,,ipv4,MOW,0.667,MOS,0.333,
57681,ASN-MGTS-USPD2,768,2.00,,,ipv4,MOW,1.000,,,
215601,ALLHOSTINGS,768,2.00,,,ipv4,KGD,0.667,US,0.333,
216235,CYBERP-NET,768,2.00,,,ipv4,MOW,1.000,,,
42139,RIPN-RU-NSK,512,2.00,,,ipv4,MOW,0.500,PRI,0.500,
42728,RIPN-RU-EKT,512,2.00,,,ipv4,MOW,1.000,,,
57503,TAXTELECOM,512,2.00,,,ipv4,CHE,0.500,KGN,0.500,
62135,RESOLVER_PROJECT,512,2.00,,,ipv4,MOW,1.000,,,
205442,SMSTRAFFIC,512,2.00,,,ipv4,MOW,1.000,,,
211796,INVASION,512,2.00,,,ipv4,MOW,1.000,,,
56603,NET-AS NETAS,256,2.00,,,ipv4,PER,1.000,,,
59679,ARZHI-AS,256,2.00,,,ipv4,MOW,1.000,,,
201513,AS_WILDBERRIES_KZ,256,2.00,,,ipv4,CHE,1.000,,,
211517,AS_WILDBERRIES_GE,256,2.00,,,ipv4,GE,1.000,,,
213461,NEMTSOV,256,2.00,,,ipv4,SE,1.000,,,
215070,WB-BY,256,2.00,,,ipv4,BY,1.000,,,
50532,SKA-SPB-CORP-DC-AS SKA SPB CORP DC,0,2.00,,,ipv6,MOW,1.000,,,
199580,DRUNK-GROUP,0,2.00,,,ipv6,NL,0.500,TVE,0.500,
219442,PMV1SHH-AS - Petr Buzikov,0,2.00,,,ipv6,AL,0.500,GB,0.500,
41745,FORTIS-AS Hosting services,58624,1.00,,,ipv4,FI,0.201,NL,0.183,
25515,CTCNET-AS PJSC Rostelecom. Moscow branch,46592,1.00,MOW,,ipv4,MOW,0.897,MOS,0.076,
47914,CREATIVEDIRECTMARKETINGSOLUTIONS,34816,1.00,,,ipv4,MOS,0.985,KDA,0.007,
47438,PSKOVLINE-AS,33024,1.00,,,ipv4,PSK,0.999,MOW,0.001,
56361,ORGTECH-AS,32256,1.00,,,ipv4,AD,1.000,,,
31357,TOMICA-AS Tomsk Information and Consulting Agency,18432,1.00,TOM,TOM,ipv4,TOM,0.962,CHE,0.038,0.962
42239,FARLINE-AS,17920,1.00,,,ipv4,MOW,1.000,,,
49120,GORSET-AS,16384,1.00,,,ipv4,TVE,0.984,MOS,0.016,
44882,VSEVNET-AS,14336,1.00,,,ipv4,LEN,1.000,,,
47531,GORPTUS-AS,14336,1.00,,,ipv4,BEL,1.000,,,
59793,CISP-AS,14336,1.00,,,ipv4,MOS,0.857,MOW,0.143,
49814,"TOMGATE-AS Internet Service Provider, Tomsk, Russia",13312,1.00,TOM,TOM,ipv4,TOM,0.865,MOW,0.077,0.865
50716,TELECOMRUNET,12288,1.00,,,ipv4,ULY,1.000,,,
44112,SWEB-AS,11264,1.00,,,ipv4,SPE,0.773,MOW,0.182,
44417,NEOTELECOM-AS,11264,1.00,,,ipv4,TOM,0.818,PER,0.182,
47211,KOLPINONET-AS,10240,1.00,,,ipv4,SPE,0.975,LEN,0.025,
48327,RAY-AS,10240,1.00,,,ipv4,KEM,1.000,,,
50241,UNITTEL-AS,10240,1.00,,,ipv4,MOW,1.000,,,
42574,NSPLUS-AS,9728,1.00,,,ipv4,IRK,1.000,,,
201848,TRADERSOFT,9216,1.00,,,ipv4,SPE,0.778,MOW,0.222,
12616,HOSTING-MSK,8704,1.00,,,ipv4,MOW,0.529,SPE,0.471,
44030,OTRADNOE-AS,8704,1.00,,,ipv4,LEN,1.000,,,
57724,DDOS-GUARD,8448,1.00,,,ipv4,ROS,0.674,MOW,0.235,
59624,KIAE-COMPUTING-AS supercomputing division,8448,1.00,,,ipv4,MOW,1.000,,,
51973,KOLT-AS,8192,1.00,,,ipv4,LEN,1.000,,,
34518,"FATUM-AS Russia, Kazan, 420061, Kosmonavtov, str.29a",7424,1.00,TA,TA,ipv4,TA,0.886,MOW,0.114,0.886
34858,TELEZON,6656,1.00,,,ipv4,KYA,0.846,NVS,0.154,
196705,ARDINVEST,6656,1.00,,,ipv4,RU,0.385,LEN,0.346,
60042,ONTELECOM-AS,6144,1.00,,,ipv4,RYA,0.958,MOW,0.042,
13259,DELTA-TELESYSTEMS-AS,5632,1.00,,,ipv4,TYU,1.000,,,
30877,ARIADNA,5120,1.00,,,ipv4,LEN,1.000,,,
52201,TCTEL,5120,1.00,,,ipv4,MOW,0.500,SPE,0.500,
3205,ELECTRON-SERVICE-AS,4608,1.00,,,ipv4,KEM,1.000,,,
47397,BASE-AS,4608,1.00,,,ipv4,IRK,1.000,,,
8684,PSU-AS,4352,1.00,,,ipv4,PER,1.000,,,
29147,NSTU-AS,4352,1.00,,,ipv4,NVS,0.941,KYA,0.059,
62082,HOSTLAND,4352,1.00,,,ipv4,SPE,0.882,MOW,0.059,
9162,TSTU,4096,1.00,,,ipv4,TAM,1.000,,,
29581,ASU,4096,1.00,,,ipv4,NVS,1.000,,,
43031,V-LAN-AS,4096,1.00,,,ipv4,CHE,1.000,,,
51698,ACTIVEHOST-RU-AS,3840,1.00,,,ipv4,MOW,1.000,,,
62410,LINENET-AS,3584,1.00,,,ipv4,MOS,1.000,,,
15632,ALFA-BANK-AS,3328,1.00,,,ipv4,MOW,1.000,,,
21030,CDNNOW-AS,3328,1.00,,,ipv4,SPE,0.769,MOW,0.231,
48061,UMA-TECH-AS,3328,1.00,,,ipv4,MOW,1.000,,,
48858,MILECOM-AS,3328,1.00,,,ipv4,ALT,0.538,SVE,0.385,
200702,SPKVA-NET,3328,1.00,,,ipv4,MOW,0.923,MOS,0.077,
44843,MALOCO-AS MSS LLC.,2816,1.00,,,ipv4,SPE,1.000,,,
219147,RAWI-NETWORK-AS - Moskalev Georgiy,2816,1.00,,,ipv4,TA,0.545,NL,0.182,
43595,UGRESHA-NET-AS,2560,1.00,,,ipv4,MOS,1.000,,,
47655,LINKINTEL,2560,1.00,,,ipv4,MOS,1.000,,,
57988,FOTON-AS,2560,1.00,,,ipv4,YAR,1.000,,,
44094,WEBHOST1-AS,2304,1.00,,,ipv4,MOW,0.889,CH,0.111,
44491,AQUAFON-AS,2304,1.00,,,ipv4,KDA,0.889,GE,0.111,
205642,H-R-AS,2304,1.00,,,ipv4,MOW,1.000,,,
8981,VSU,2048,1.00,,,ipv4,VOR,1.000,,,
29493,GRIDPNPI Petersburg Institute of Nuclear Physics of B.P. Konstantinov,2048,1.00,,,ipv4,LEN,1.000,,,
35295,PETERHOST-PITER,2048,1.00,,,ipv4,MOW,1.000,,,
39577,GOODNET-AS,2048,1.00,,,ipv4,KDA,1.000,,,
43849,"SEVER-SVYAZ-AS Noyabrsk, YNAO",2048,1.00,,YAN,ipv4,YAN,1.000,,,1.000
49124,CENTROSET-AS ISP CentroSet,2048,1.00,,,ipv4,MOW,1.000,,,
51740,ASZZZING,2048,1.00,,,ipv4,TOM,0.625,MOW,0.375,
57798,IT-NET-LTD-AS,2048,1.00,,,ipv4,LIP,0.875,TUL,0.125,
42151,P24-CLOUD,1792,1.00,,,ipv4,MOW,0.571,CHE,0.429,
50166,"RTCLOUD-AS RUSSIA, Novosibirsk",1792,1.00,NVS,,ipv4,NVS,1.000,,,
51538,TEKCOM,1792,1.00,,,ipv4,MOW,1.000,,,
52008,NESTER-NET,1792,1.00,,,ipv4,KC,1.000,,,
57271,BITWEB-AS,1792,1.00,,,ipv4,BRY,0.714,FR,0.143,
58255,INRRAS,1792,1.00,,,ipv4,MOW,1.000,,,
42608,YAMALSOFT-AS,1536,1.00,,,ipv4,SVE,1.000,,,
43465,REINFOCOM-AS,1536,1.00,,,ipv4,BEL,1.000,,,
47682,A2-AS,1536,1.00,,,ipv4,MOW,1.000,,,
49554,SIORAS-AS,1536,1.00,,,ipv4,MOW,1.000,,,
62008,CABLE-SYSTEMS-AS,1536,1.00,,,ipv4,AMU,1.000,,,
197577,KOMTELECOM-AS,1536,1.00,,,ipv4,TA,0.833,IRK,0.167,
201097,KVANTA-LLC,1536,1.00,,,ipv4,MOW,0.333,SPE,0.333,
201512,AS_WILDBERRIES,1536,1.00,,,ipv4,MOW,0.833,NVS,0.167,
207239,GIG-NET,1536,1.00,,,ipv4,SPE,0.667,PER,0.333,
15870,BST-AS,1280,1.00,,,ipv4,OMS,0.800,MOW,0.200,
50509,TRANSROUTE,1280,1.00,,,ipv4,SPE,1.000,,,
61111,RTCLOUD-2ND-AS RUSSIA,1280,1.00,,,ipv4,MOW,1.000,,,
64432,VARITI-AS,1280,1.00,,,ipv4,MOW,1.000,,,
215457,DCS_LLC,1280,1.00,,,ipv4,MOW,1.000,,,
6704,CITYLAN-AS,1024,1.00,,,ipv4,MOW,1.000,,,
8817,OMSK-SBRAS Campus network OSC - abbrivate in russian for,1024,1.00,OMS,,ipv4,OMS,1.000,,,
13075,MEGALABS-AS,1024,1.00,,,ipv4,MOW,1.000,,,
28734,ATON-AS,1024,1.00,,,ipv4,MOW,1.000,,,
31138,PROEKT-AS,1024,1.00,,,ipv4,ULY,1.000,,,
34121,RUSAL-AS,1024,1.00,,,ipv4,MOW,1.000,,,
35165,ASWEBMAX,1024,1.00,,,ipv4,LEN,1.000,,,
41599,RFEI-AS,1024,1.00,,,ipv4,KRS,1.000,,,
41681,NTV-TV-AS,1024,1.00,,,ipv4,MOW,1.000,,,
43385,GSGLOBALCOM-AS Russia,1024,1.00,,,ipv4,KGD,0.500,SPE,0.500,
44014,VMI-AS,1024,1.00,,,ipv4,MOW,1.000,,,
47775,UBN-TRANSIT-AS,1024,1.00,,,ipv4,BA,1.000,,,
50306,POLUHIN,1024,1.00,,,ipv4,LEN,1.000,,,
50465,IQHOST,1024,1.00,,,ipv4,MOW,1.000,,,
50776,SYSTEMTELECOM,1024,1.00,,,ipv4,SE,0.750,NVS,0.250,
52007,ADRIVER,1024,1.00,,,ipv4,SPE,1.000,,,
57587,ASINTEGSETISVYAZI,1024,1.00,,,ipv4,KDA,0.500,ROS,0.500,
57652,ZELTELECOM-AS,1024,1.00,,,ipv4,MOS,0.500,MOW,0.500,
58006,TECHNET-AS,1024,1.00,,,ipv4,VLG,1.000,,,
59516,ASLANAMAR,1024,1.00,,,ipv4,SPE,1.000,,,
59714,KSU-AS,1024,1.00,,,ipv4,NIZ,1.000,,,
206904,CITILINK-AS,1024,1.00,,,ipv4,MOW,1.000,,,
210171,AVP-TECHNOLOGY-AS,1024,1.00,,,ipv4,KHA,0.750,KDA,0.250,
212414,KASAT,1024,1.00,,,ipv4,PRI,1.000,,,
5568,RBNET,768,1.00,,,ipv4,MOW,1.000,,,
15370,MFISOFT-AS,768,1.00,,,ipv4,NIZ,1.000,,,
44975,BLIZCO-AS,768,1.00,,,ipv4,MOW,0.667,MOS,0.333,
47613,MIATEL-MOBILE,768,1.00,,,ipv4,SPE,1.000,,,
48511,SECTOR-TELECOM-AS,768,1.00,,,ipv4,BRY,1.000,,,
50832,PHRG,768,1.00,,,ipv4,MOW,1.000,,,
52022,KLIMENKO-AA-AS Klimenko A.A. PE,768,1.00,,,ipv4,ROS,1.000,,,
199961,MTLS-AS,768,1.00,,,ipv4,MOW,0.667,NVS,0.333,
213787,CLOUDRACK,768,1.00,,,ipv4,MOW,0.667,KGD,0.333,
30920,MOBILON-AS,512,1.00,,,ipv4,KYA,1.000,,,
34944,"ZENIT-ARENA-AS Russian Federation, Saint-Petersburg",512,1.00,,,ipv4,SPE,1.000,,,
35522,BUSINESS-CENTER_CAPITAL_AS,512,1.00,,,ipv4,MOW,1.000,,,
41430,RNCB-AS,512,1.00,,,ipv4,MOW,0.500,RU,0.500,
42135,"AVGA-TERRA-AS Moscow, Russia",512,1.00,MOW,,ipv4,MOW,1.000,,,
42260,SKYSYSTEMS-AS,512,1.00,,,ipv4,SA,1.000,,,
50038,SIRENATRAVEL-AS,512,1.00,,,ipv4,MOW,1.000,,,
50169,INVENTOS-AS,512,1.00,,,ipv4,ORL,1.000,,,
50317,ADOPT-AS,512,1.00,,,ipv4,STA,1.000,,,
51147,ASDELTATELECOM,512,1.00,,,ipv4,MOS,1.000,,,
51957,AQUAFON-AS,512,1.00,,,ipv4,KDA,1.000,,,
56879,PETROPAVLOVSK-AS,512,1.00,,,ipv4,MOW,1.000,,,
56975,METREX-AS,512,1.00,,,ipv4,MOW,1.000,,,
58116,ASMAMBA,512,1.00,,,ipv4,MOW,1.000,,,
62247,BTK-AS,512,1.00,,,ipv4,BEL,1.000,,,
62379,FREEWAY,512,1.00,,,ipv4,MOS,1.000,,,
197185,ASTLAN,512,1.00,,,ipv4,ROS,1.000,,,
197761,HOSTSLIM-AS,512,1.00,,,ipv4,NL,1.000,,,
199072,CKR-AS,512,1.00,,,ipv4,SPE,1.000,,,
200679,SPSIT,512,1.00,,,ipv4,SPE,1.000,,,
201974,CLOUD_SOLUTIONS,512,1.00,,,ipv4,MOW,1.000,,,
203118,EZERDI,512,1.00,,,ipv4,MOW,0.500,PER,0.500,
203163,INTERNET04-AS,512,1.00,,,ipv4,AL,1.000,,,
203597,STEKSPB-AS,512,1.00,,,ipv4,SPE,1.000,,,
204048,VFT-AS,512,1.00,,,ipv4,NIZ,1.000,,,
204600,REPUBLER-AS,512,1.00,,,ipv4,SPE,1.000,,,
205022,ESCROW,512,1.00,,,ipv4,MOW,1.000,,,
205421,SCULKSOFT-AS,512,1.00,,,ipv4,MOW,0.500,SK,0.500,
207209,IT-ZAVOD,512,1.00,,,ipv4,MOS,1.000,,,
208447,FASTMILE,512,1.00,,,ipv4,SVE,1.000,,,
208541,IT-MEDIA,512,1.00,,,ipv4,BEL,0.500,MOW,0.500,
209406,IPWAY,512,1.00,,,ipv4,MOW,1.000,,,
211000,DH-TD-AS,512,1.00,,,ipv4,YAR,1.000,,,
211347,CPOSO-AS,512,1.00,,,ipv4,SAM,1.000,,,
212800,COCOBRI-AS,512,1.00,,,ipv4,PER,1.000,,,
212899,MIREA86,512,1.00,,,ipv4,MOS,1.000,,,
215206,KAS-AS,512,1.00,,,ipv4,MOW,0.500,NO,0.500,
8742,SANTEKHKOMPLEKT,256,1.00,,,ipv4,MOS,1.000,,,
13238,YANDEX,256,1.00,,,ipv4,MOW,1.000,,,
39293,RTCENTER-AS,256,1.00,,,ipv4,SAM,1.000,,,
41617,SOLID-IFC solidbroker.ru,256,1.00,,,ipv4,MOW,1.000,,,
42276,EASTWIND-AS,256,1.00,,,ipv4,SVE,1.000,,,
42301,RADIO-CAPRICORN-AS,256,1.00,,,ipv4,SPE,1.000,,,
42577,VAM-AS,256,1.00,,,ipv4,MOW,1.000,,,
44522,RIPN-RU-PRG,256,1.00,,,ipv4,MOS,1.000,,,
48586,BAIKAL-IX-AS,256,1.00,,,ipv4,IRK,1.000,,,
49730,AUXO-AS,256,1.00,,,ipv4,MOW,1.000,,,
50157,INDATA,256,1.00,,,ipv4,MOW,1.000,,,
50222,MARIINSKY-AS,256,1.00,,,ipv4,SPE,1.000,,,
50955,AHOST-AS,256,1.00,,,ipv4,MOW,1.000,,,
51067,KRAZ-AS,256,1.00,,,ipv4,KYA,1.000,,,
51081,TETRON-AS,256,1.00,,,ipv4,MOS,1.000,,,
51289,SKYDNS-AS,256,1.00,,,ipv4,SVE,1.000,,,
51410,AS51410 - Fastnet LLC,256,1.00,,,ipv4,MOW,1.000,,,
51628,EAV-AS,256,1.00,,,ipv4,PER,1.000,,,
51883,PUMORI-AS,256,1.00,,,ipv4,SVE,1.000,,,
56390,KEMOMS-AS,256,1.00,,,ipv4,KEM,1.000,,,
56880,ASTECOM,256,1.00,,,ipv4,NIZ,1.000,,,
56881,ASRND,256,1.00,,,ipv4,MOW,1.000,,,
57078,RAPPORTO,256,1.00,,,ipv4,MOW,1.000,,,
57683,MONITEL-AS,256,1.00,,,ipv4,STA,1.000,,,
58027,XYLONET-AS,256,1.00,,,ipv4,NVS,1.000,,,
58319,KAZAKOV-AS,256,1.00,,,ipv4,MOW,1.000,,,
59731,LIFELINK-AS,256,1.00,,,ipv4,MOW,1.000,,,
59738,FOKKS-AS,256,1.00,,,ipv4,PRI,1.000,,,
60299,MMTS-AS SCTS,256,1.00,,,ipv4,MOW,1.000,,,
60328,SCOMM,256,1.00,,,ipv4,MOW,1.000,,,
60834,ROMANOVA-AS,256,1.00,,,ipv4,ROS,1.000,,,
60915,TAXTELECOM,256,1.00,,,ipv4,KGN,1.000,,,
64492,PARTNERSERVICE-AS,256,1.00,,,ipv4,DA,1.000,,,
197044,"STEK-AS Chelyabinsk, Russia",256,1.00,CHE,,ipv4,CHE,1.000,,,
197374,DSTS - OOO CIFROVYE RESHENIYA,256,1.00,,,ipv4,MOW,1.000,,,
197404,INFOSYSCO,256,1.00,,,ipv4,SVE,1.000,,,
197911,RU-JSCIOT,256,1.00,,,ipv4,MOW,1.000,,,
198303,ABSOLYT-AS,256,1.00,,,ipv4,CHE,1.000,,,
198324,ETERSOFT-AS,256,1.00,,,ipv4,SPE,1.000,,,
198877,UTAIR-AS,256,1.00,,,ipv4,TYU,1.000,,,
199009,TCINET-AS-IT,256,1.00,,,ipv4,MOW,1.000,,,
199365,MZS,256,1.00,,,ipv4,MOW,1.000,,,
200235,IKNOWIT-AS,256,1.00,,,ipv4,VOR,1.000,,,
200479,MERANN-AS,256,1.00,,,ipv4,NIZ,1.000,,,
200503,DLINK-AS,256,1.00,,,ipv4,RYA,1.000,,,
200643,LABOR-SPB-,256,1.00,,,ipv4,SPE,1.000,,,
200902,HOSTING-MINECRAFT,256,1.00,,,ipv4,MOW,1.000,,,
201717,PARALLEL-AS,256,1.00,,,ipv4,CHE,1.000,,,
201820,AIRKHV,256,1.00,,,ipv4,KHA,1.000,,,
202181,TAMCOM-AS,256,1.00,,,ipv4,MOW,1.000,,,
203395,ITC-AS,256,1.00,,,ipv4,MOW,1.000,,,
203517,AVILEX-AS,256,1.00,,,ipv4,VLA,1.000,,,
203784,FIBERTELECOM-AS,256,1.00,,,ipv4,KEM,1.000,,,
204169,ICG-AS,256,1.00,,,ipv4,STA,1.000,,,
204496,GAGRATEL-AS,256,1.00,,,ipv4,GE,1.000,,,
207207,YL30,256,1.00,,,ipv4,MOW,1.000,,,
207518,NIPIGAZ-AS,256,1.00,,,ipv4,KDA,1.000,,,
211221,STANKOMACH-AS,256,1.00,,,ipv4,TVE,1.000,,,
211883,NET_3LAN_,256,1.00,,,ipv4,MOS,1.000,,,
213067,TCSP-AS Tuapse Commercial Sea Port ASN,256,1.00,,,ipv4,SPE,1.000,,,
213501,FLARESU-ORG-AS,256,1.00,,,ipv4,SPE,1.000,,,
214525,PLANETA-AS,256,1.00,,,ipv4,MOW,1.000,,,
215346,BIGDATAHOST-AS,256,1.00,,,ipv4,MOW,1.000,,,
215402,ASAD-AS,256,1.00,,,ipv4,NL,1.000,,,
215455,G-I-T-KRASNODAR-AS,256,1.00,KDA,,ipv4,KDA,1.000,,,
215745,MEOWNET-AS MeowNetworks,256,1.00,,,ipv4,FI,1.000,,,
218569,PODRIL1AK2-AS - Viktor Nesmeianov,256,1.00,,,ipv4,DE,1.000,,,
218762,VP - NKO Perspektiva ltd,256,1.00,,,ipv4,OMS,1.000,,,
219407,han - German Khanin,256,1.00,,,ipv4,MOW,1.000,,,
219477,border-as-01 - Alexey Andreevich Shantora,256,1.00,,,ipv4,MOW,1.000,,,
5543,TEST-ASN1,0,1.00,,,ipv6,SAR,1.000,,,
8485,TEST-ASN2,0,1.00,,,ipv6,SAR,1.000,,,
39229,SAN-AS OJSC VolgaTelecom,0,1.00,,,ipv6,SAR,1.000,,,
39652,SYSTEMYTELECOM-AS,0,1.00,,,ipv6,KEM,1.000,,,
41002,ERTH-TRANSIT2-AS,0,1.00,,,ipv6,PER,1.000,,,
42240,VARITI-INT-AS,0,1.00,,,ipv6,MOW,1.000,,,
44636,ITDELUXE-AS,0,1.00,,,ipv6,NVS,1.000,,,
47246,OMSKTRANSITTELECOM,0,1.00,,,ipv6,OMS,1.000,,,
49479,ZUMMER-AS Uplinks,0,1.00,,,ipv6,TYU,1.000,,,
50798,ANTON,0,1.00,,,ipv6,SMO,1.000,,,
51408,SIRIUS-AS,0,1.00,,,ipv6,MOW,1.000,,,
198027,X5-AS,0,1.00,,,ipv6,MOW,1.000,,,
198790,NIKOLAI-GNUSOV,0,1.00,,,ipv6,DE,1.000,,,
199678,AS-6RW-,0,1.00,,,ipv6,MOW,1.000,,,
200694,SKRIN-AS,0,1.00,,,ipv6,MOW,1.000,,,
203748,ITGRAD,0,1.00,,,ipv6,MW,1.000,,,
208003,EMTIA-LINK,0,1.00,,,ipv6,MOW,1.000,,,
208657,ASU-AS,0,1.00,,,ipv6,AST,1.000,,,
208975,KNYAZEV,0,1.00,,,ipv6,SPE,1.000,,,
209186,HOSTLINECLOUD-AS,0,1.00,,,ipv6,KYA,1.000,,,
211362,KINOAFISHA-AS,0,1.00,,,ipv6,SPE,1.000,,,
212461,NEMTCOV,0,1.00,,,ipv6,SVE,1.000,,,
212840,SENSYS-PPPOE-NET,0,1.00,,,ipv6,RYA,1.000,,,
214576,BRM5-AS,0,1.00,,,ipv6,BRY,1.000,,,
214745,VEXELIA-AS,0,1.00,,,ipv6,DE,1.000,,,
215096,MADHOST-AS This is MadHost,0,1.00,,,ipv6,MOW,1.000,,,
218704,VSTelecom - VS.Telecom ltd,0,1.00,,,ipv6,OMS,1.000,,,
219342,ALEKSEY-AS - Aleksey Aslanov,0,1.00,,,ipv6,MOW,1.000,,,
209059,GCOM-AS,768,0.00,,,ipv4,MOS,0.667,SPE,0.333,
39927,ELIGHT-AS,352768,0.00,,,ipv4,KEM,0.999,MOW,0.001,
28840,TATTELECOM-AS,336896,0.00,,TA,ipv4,TA,0.994,MOW,0.006,0.994
41733,ZTELECOM-AS,301824,0.00,,,ipv4,SPE,0.979,LEN,0.015,
8615,"CNT-AS Moscow, Russia",256256,0.00,MOW,,ipv4,MOW,0.894,SPE,0.080,
12332,PRIMORYE-AS PJSC Rostelecom ex RU.PRIMORYE,157184,0.00,PRI,PRI,ipv4,PRI,0.797,MOW,0.133,0.797
12683,STATEL-AS PJSC Rostelecom. Stavropol branch,136960,0.00,STA,STA,ipv4,STA,0.979,VLA,0.013,0.979
12772,ENFORTA-AS Enforta Autonomous System,120064,0.00,,,ipv4,MOW,0.709,PRI,0.034,
8439,AIST JSC AIST,82944,0.00,,,ipv4,SAM,0.935,MOW,0.065,
29190,OVERTA-AS,78848,0.00,,,ipv4,SAR,0.899,MOW,0.062,
16301,DATACOM-AS Novgorod Datacom LLC,78592,0.00,,,ipv4,NGR,1.000,,,
5523,CREDO-TELECOM,71680,0.00,,,ipv4,MOW,0.998,KLU,0.002,
42277,KURSKTELECOM-AS CUSTOMERS:,71680,0.00,,,ipv4,KRS,0.986,MOW,0.014,
35728,MTS-PENZA-AS,66560,0.00,PNZ,PNZ,ipv4,PNZ,0.765,BU,0.215,0.765
5563,URAL Ural Regional Net,64000,0.00,,,ipv4,SVE,0.824,PER,0.128,
6863,ROSNET-AS OJSC Rosnet,61696,0.00,,,ipv4,MOW,0.928,SPE,0.069,
6854,SYNTERRA-AS,60672,0.00,,,ipv4,MOW,0.990,MOS,0.004,
8905,DIGIT1-AS Digit One Moscow Network,59648,0.00,MOW,,ipv4,MOW,0.979,MOS,0.013,
47241,IV-TELECOM-AS,58368,0.00,,,ipv4,IVA,0.961,MOW,0.039,
3253,SOVINTEL-EF-AS Uralrelcom Net,56832,0.00,,,ipv4,SVE,0.866,MOW,0.129,
12958,MCC T2 Russia Network,56320,0.00,,,ipv4,MOW,0.461,MOS,0.223,
21353,ARTCOMS-AS,51456,0.00,,,ipv4,MOW,0.732,PER,0.109,
20807,CREDOLINK-ASN St.-Petersburg,51200,0.00,SPE,SPE,ipv4,SPE,1.000,,,1.000
8334,CO-2COM-AS Moscow,49664,0.00,MOW,,ipv4,MOW,0.979,MOS,0.015,
8371,"VIMPELCOM-NN Vimpelcom, Nizhniy Novgorod branch, fixed network",49408,0.00,,NIZ,ipv4,NIZ,0.574,NGR,0.259,0.574
8427,"MAGINFO-AS Magnitogorsk, Russia",49152,0.00,,CHE,ipv4,CHE,1.000,,,1.000
30922,MTS-FBN-SIBERIA-AS,48896,0.00,,,ipv4,NVS,0.995,KEM,0.005,
41560,UT-SVR,47872,0.00,,,ipv4,SVE,0.941,MOW,0.059,
33934,VOLGOGRADEC-AS OJSC Volgogradelectrosviaz,47360,0.00,,,ipv4,VGG,0.762,BU,0.216,
42038,VLADLINK-AS,47104,0.00,,,ipv4,PRI,0.995,IRK,0.005,
42362,ALANIA-AS PJSC Rostelecom. North Ossetion branch,46592,0.00,,SE,ipv4,SE,0.956,BU,0.044,0.956
34456,RIALCOM-AS,46080,0.00,,,ipv4,MOS,0.994,MOW,0.006,
39493,RU-KSTV Kolomna Group of companies Guarantee-tv,42240,0.00,,,ipv4,MOS,0.994,MOW,0.006,
39812,"KAMENSKTEL-AS Pobedy Str.37b, Kamensk-Uralsky",41984,0.00,,,ipv4,SVE,0.963,RYA,0.024,
42132,RADIONET-AS Vodocomfort,41984,0.00,,,ipv4,MOW,0.828,MOS,0.172,
44507,KMTN-AS,41984,0.00,,,ipv4,KOS,0.854,MOW,0.146,
8580,"SANDY MTS Nizhniy Novgorod, Russia",41216,0.00,,NIZ,ipv4,NIZ,0.981,MOW,0.006,0.981
48092,NSB-AS T2 Russia Network,41216,0.00,,,ipv4,NIZ,0.385,OMS,0.298,
21365,"INTELECA-AS Russia, Barnaul",36864,0.00,ALT,ALT,ipv4,ALT,0.434,NVS,0.295,0.434
56340,UMNYESETI-AS,36608,0.00,,,ipv4,MOS,0.622,MOW,0.371,
12688,"BAIKALTRANSTELECOM Irkutsk, Russia",35840,0.00,IRK,,ipv4,KYA,0.543,IRK,0.364,
30822,MAGEAL-AS,34816,0.00,,,ipv4,MOS,1.000,,,
35645,INFOCENTER,34816,0.00,,,ipv4,VLA,0.963,SPE,0.029,
41330,T2-NOVOSIBIRSK-AS T2 Russia Network,34816,0.00,NVS,NVS,ipv4,NVS,0.257,MOW,0.228,0.257
21479,ROSTOV-TELEGRAF-AS PJSC Rostelecom. Rostov-na-Dony branch,34560,0.00,ROS,ROS,ipv4,ROS,0.722,MOW,0.178,0.722
41575,INTERCITY-AS,33536,0.00,,,ipv4,BEL,1.000,,,
29194,"ASN-TVT Kazan, Tatarstan, Russia",33024,0.00,TA,TA,ipv4,TA,0.992,SAM,0.008,0.992
6801,Federal State Institution Russian Scientific Center Kurchatovsky institute,32768,0.00,,,ipv4,MOW,1.000,,,
31364,INTELBI-AS,32512,0.00,,,ipv4,ALT,0.929,MOW,0.071,
34137,PJSC Rostelecom. Blagoveschensk branch,32512,0.00,,,ipv4,AMU,0.992,MOW,0.008,
48190,T2-EKATERINBURG-AS T2 Russia Network,30976,0.00,,SVE,ipv4,SVE,0.537,MOW,0.165,0.537
15378,TELE2-RU-AS T2 Russia Network,30464,0.00,,,ipv4,SPE,0.580,OMS,0.160,
39785,AXIOMA,30464,0.00,,,ipv4,KYA,1.000,,,
31359,FORATEC-AS Foratec Net,29952,0.00,,,ipv4,SVE,0.675,MOW,0.316,
39001,MTS,29952,0.00,,,ipv4,UD,0.932,PER,0.068,
44265,SMOLTELECOM-NET,29696,0.00,,,ipv4,SMO,0.940,IVA,0.043,
42893,NWLINK-AS,28672,0.00,,,ipv4,SPE,0.991,LEN,0.009,
48287,RU-CENTER,27904,0.00,,,ipv4,MOW,0.972,RYA,0.018,
39442,UNICO-AS,27136,0.00,,,ipv4,VGG,0.719,MOW,0.252,
212667,ISPIRIA-AS,27136,0.00,,,ipv4,MOW,0.868,SPE,0.057,
47395,SCARTEL-AS,25600,0.00,,,ipv4,MOW,0.980,SAM,0.010,
50060,ANNET,25600,0.00,,,ipv4,TVE,1.000,,,
59815,TRINITY-AS,25600,0.00,,,ipv4,MOW,1.000,,,
25591,BCLAN-AS BCLan Networks,25088,0.00,,,ipv4,KDA,0.776,MOW,0.224,
34879,CCT-AS NGENIX,25088,0.00,,,ipv4,MOW,0.918,DE,0.061,
42668,NEVALINK-AS,25088,0.00,,,ipv4,SPE,0.959,LEN,0.041,
205515,TELESYSTEMS,25088,0.00,,,ipv4,MOS,0.531,MOW,0.459,
5567,AS5567 - National Research Tomsk Polytechnic University,24576,0.00,TOM,,ipv4,TOM,1.000,,,
15673,TELESETI-PLUS-AS,24064,0.00,,,ipv4,PSK,1.000,,,
8570,LES OJSC Lipetskelectrosvyaz,23552,0.00,,,ipv4,LIP,0.826,MOW,0.163,
13105,LUKOIL-INFORM-AS,23552,0.00,,,ipv4,MOW,0.947,CZ,0.011,
48475,OSKOLNET-AS,23552,0.00,,,ipv4,BEL,0.913,ORL,0.087,
21487,PJSC Rostelecom. Yakutsk branch,22528,0.00,SA,SA,ipv4,SA,1.000,,,1.000
39728,LUGANET,22528,0.00,,,ipv4,NVS,0.943,UA,0.045,
42110,STK-AS,22528,0.00,,,ipv4,KDA,0.693,MOW,0.307,
41403,ULAN-UDE-AS,22272,0.00,BU,BU,ipv4,BU,0.759,SA,0.184,0.759
41822,TNGS-NORTH-AS,22272,0.00,,,ipv4,KHM,0.667,SVE,0.310,
41789,TELEDYNE-AS,22016,0.00,,,ipv4,AMU,0.849,MOW,0.081,
34038,COMTEL-TMN-AS,21760,0.00,,TYU,ipv4,TYU,0.659,MOW,0.306,0.659
8920,"VTC-AS Russia, Vladivostok",21504,0.00,PRI,PRI,ipv4,PRI,0.595,KHA,0.298,0.595
21017,VSI-AS PJSC Rostelecom. Voronezh branch,21504,0.00,VOR,VOR,ipv4,VOR,0.871,MOW,0.097,0.871
43530,IRTELCOM-AS,21504,0.00,,,ipv4,SE,1.000,,,
196739,USPEKH-AS,21504,0.00,,,ipv4,LEN,1.000,,,
34974,PJSC Rostelecom. Kamchatka branch,21248,0.00,KAM,KAM,ipv4,KAM,0.556,MOW,0.193,0.556
35177,ASI-AS PJSC Rostelecom. Astrakhan branch,21248,0.00,AST,AST,ipv4,AST,1.000,,,1.000
8345,DSI-IAS DSI Infrastructure Autonomous System,20992,0.00,,,ipv4,IRK,0.707,RYA,0.134,
42548,KCHR-AS PJSC Rostelecom. Karachaevo-Cherkess branch,20480,0.00,,KC,ipv4,KC,1.000,,,1.000
48940,LINK-AS,20480,0.00,,,ipv4,MOS,1.000,,,
41535,RUSONYX-AS,20224,0.00,,,ipv4,MOW,1.000,,,
21332,NTC-AS,19968,0.00,,,ipv4,PRI,0.821,MOW,0.179,
47236,CITYLINK-AS,19712,0.00,,,ipv4,KR,0.740,MUR,0.117,
48330,GIGANET-UA-AS,19712,0.00,,,ipv4,RU,0.532,MOW,0.442,
13055,CSVLG-AS,19456,0.00,,,ipv4,VLG,0.697,SPE,0.303,
15757,GASCOM-NET,19456,0.00,,,ipv4,MOW,0.395,MOS,0.375,
24689,ROSINTEL-AS,19456,0.00,,,ipv4,TUL,1.000,,,
30733,GLOBUS-AS,19456,0.00,,,ipv4,MOW,0.947,RYA,0.039,
44347,SINT-AS,19456,0.00,,,ipv4,VGG,0.474,KDA,0.237,
34300,SPACENET-AS Internet Service Provider,18944,0.00,,,ipv4,MOW,0.919,AL,0.041,
48781,AVK-COM-AS,18944,0.00,,,ipv4,MOS,1.000,,,
57227,ASSUBNET05,18944,0.00,,,ipv4,DA,0.986,MOW,0.014,
48209,"LANCRONIX-AS Moscow, Russia",18688,0.00,MOW,,ipv4,MOW,0.973,LEN,0.014,
50473,ECO-AS,18688,0.00,,,ipv4,MOW,0.863,MOS,0.137,
197023,ASCOMTELTV MTS Belgorod branch,18688,0.00,BEL,BEL,ipv4,BEL,0.904,MOW,0.068,0.904
29125,TATINT-AS,18432,0.00,,,ipv4,TA,0.972,MOW,0.028,
39578,MAXIMA,18432,0.00,,,ipv4,NGR,0.847,MOW,0.153,
43274,TELEOS-1-AS,18432,0.00,,,ipv4,IRK,0.986,MOW,0.014,
204144,COMFORT-AS,18176,0.00,,,ipv4,MOW,0.437,RU,0.310,
24881,INTERPHONE-AS,17920,0.00,,,ipv4,ROS,1.000,,,
34550,INTERCON-AS INTERCON AS,17664,0.00,,,ipv4,VOR,0.986,IN,0.014,
196949,PODRYAD-AS,17664,0.00,,,ipv4,PRI,0.942,MOW,0.058,
211183,ADMINVPS,17664,0.00,,,ipv4,MOW,1.000,,,
12543,KUBTELECOM-AS,17408,0.00,,,ipv4,KDA,0.529,MOW,0.456,
42892,LOFIS-AS,17408,0.00,,,ipv4,MOS,1.000,,,
43660,SHUPASHKARTRANS-AS,17408,0.00,,,ipv4,CU,1.000,,,
49342,SPEEDYLINE,17408,0.00,,,ipv4,MOW,1.000,,,
51669,HCN-NET,17408,0.00,,,ipv4,TVE,1.000,,,
51812,KTVS-AS,17408,0.00,,,ipv4,NIZ,1.000,,,
25100,MIPT-NET,16896,0.00,,,ipv4,MOW,0.879,MOS,0.121,
51522,ONLINE,16896,0.00,,,ipv4,MOW,0.939,RU,0.061,
34584,PJSC Rostelecom. Khabarovsk branch,16640,0.00,KHA,KHA,ipv4,KHA,0.606,KAM,0.185,0.606
44206,SIBSET-KRS-AS,16640,0.00,,,ipv4,KYA,0.631,NVS,0.308,
12380,LENSVYAZ PJSC Rostelecom Leningrad Region Autonomous System,16384,0.00,,,ipv4,SPE,0.515,MOW,0.422,
31028,NOVOE-KTV-AS,16384,0.00,,,ipv4,CU,1.000,,,
31425,FORATEC-AS Foratec Net AS,16384,0.00,,,ipv4,SPE,0.453,MOW,0.198,
34896,VTELECOM-AS,16384,0.00,,,ipv4,KHA,0.812,YEV,0.125,
38951,TKT-AS OJSC TKT,16384,0.00,,,ipv4,SPE,0.734,MOW,0.266,
41802,KVIDEX-AS,16384,0.00,,,ipv4,MOW,1.000,,,
48249,CAPTEL-AS,16384,0.00,,,ipv4,LEN,0.813,MOW,0.187,
49136,TELECOM-NETWORKS-AS,16384,0.00,,,ipv4,SAM,1.000,,,
49218,NTKS-AS,16384,0.00,,,ipv4,SVE,0.984,MOW,0.016,
49483,SKATISP,16384,0.00,,,ipv4,CHE,1.000,,,
49776,GORSET-AS,16384,0.00,,,ipv4,VLA,1.000,,,
214822,MTFINANCE-AS,16384,0.00,,,ipv4,MOW,0.703,SPE,0.094,
5429,IIP-NET-AS5429,16128,0.00,,,ipv4,MOW,0.980,VLA,0.020,
24699,IVTELECOM-AS PJSC Rostelecom. Ivanovo branch,16128,0.00,IVA,IVA,ipv4,IVA,1.000,,,1.000
35140,SPIN,15872,0.00,,,ipv4,MOW,0.451,MOS,0.297,
42437,T2-ROSTOV-AS T2 Russia Network,15872,0.00,ROS,ROS,ipv4,ROS,0.758,OMS,0.081,0.758
43567,SOUTHTEL-AS,15872,0.00,,,ipv4,MOS,1.000,,,
197298,ATEL-LTDR,15872,0.00,,,ipv4,YAR,0.661,KOS,0.210,
20533,SAKHTEL-AS,15360,0.00,,,ipv4,SAK,0.850,MOW,0.150,
41039,DON-FTTH,15360,0.00,,,ipv4,ROS,0.546,UA,0.310,
42387,SSERV-AS,15360,0.00,,,ipv4,KR,0.989,MOW,0.011,
60098,INSIT-AS,15360,0.00,,,ipv4,CHE,1.000,,,
198541,INTERCOMTEL-AS Intercomtel-as MTT segment,15360,0.00,,,ipv4,IVA,0.817,MOW,0.183,
15468,KLGELECS-AS PJSC Rostelecom. Kaluga branch,15104,0.00,KLU,KLU,ipv4,KLU,0.962,MOW,0.038,0.962
44533,DAVYDOV-NET,14848,0.00,,,ipv4,MOW,0.655,VOR,0.241,
24588,NETPROVODOV-AS,14592,0.00,,,ipv4,SVE,0.348,PER,0.308,
39775,HYPERNET-AS,14592,0.00,,,ipv4,CHE,0.912,MOW,0.070,
13257,POLARCOM-AS Murmansk,14336,0.00,MUR,MUR,ipv4,MUR,0.804,SPE,0.161,0.804
28947,INTURAL-AS ZAO InT,14336,0.00,,,ipv4,SVE,0.518,RYA,0.268,
35558,IZHNET-AS,14336,0.00,,,ipv4,UD,0.679,MOW,0.321,
42676,SMARTKOM Uplinks,14336,0.00,,,ipv4,OMS,0.857,MOS,0.143,
43132,KBT-AS OJSC Kabbalktelekom,14336,0.00,,,ipv4,LEN,0.536,KB,0.446,
48320,KETIS-AS,14336,0.00,,,ipv4,VLA,1.000,,,
196797,CITYTELENET,14336,0.00,,,ipv4,BA,0.661,MOW,0.250,
196991,SO-UPS,14080,0.00,,,ipv4,MOW,0.745,YAR,0.036,
24810,TELESET-KAZAN PJSC Rostelecom. Kazan branch,13824,0.00,TA,TA,ipv4,TA,1.000,,,1.000
57093,ASYALTA,13824,0.00,,,ipv4,MOW,1.000,,,
30855,TELE-PLUS-AS,13568,0.00,,,ipv4,KHM,0.830,MOW,0.094,
8241,RELLINE-AS,13312,0.00,,,ipv4,MOW,1.000,,,
31724,SVYAZIST-AS,13312,0.00,,,ipv4,NIZ,0.962,MOW,0.038,
33871,NORILSK-TELECOM-AS,13312,0.00,,KYA,ipv4,KYA,0.346,NVS,0.308,0.346
38934,"PRIDENET-AS Nizhnevartovsk, Russia",13312,0.00,,KHM,ipv4,KHM,0.923,MOW,0.077,0.923
47119,VLTELECOM,13312,0.00,,,ipv4,BA,0.596,MOS,0.404,
47954,ALFANETTELECOM-AS,13312,0.00,,,ipv4,MOS,0.923,MOW,0.077,
196767,INMART1-AS,13312,0.00,,,ipv4,UA,0.923,ROS,0.077,
208397,INFOSTROY-AS INFOSTROY AS,13312,0.00,,,ipv4,MOW,1.000,,,
210616,SIBMEDVED-AS,13312,0.00,,,ipv4,NVS,0.212,KDA,0.192,
29456,BELSVYAZ-AS PJSC Rostelecom. Belgorod branch,12800,0.00,BEL,BEL,ipv4,BEL,0.900,MOW,0.060,0.900
51515,VEGA-NET-AS,12800,0.00,,,ipv4,CHE,1.000,,,
196638,PROMTELECOM-AS,12800,0.00,,,ipv4,MOW,0.880,ROS,0.100,
43966,ITREGION-AS,12544,0.00,,,ipv4,LEN,1.000,,,
5386,COSMOS-SN-AS SpaceNet,12288,0.00,,,ipv4,MOW,1.000,,,
8629,MCNTT-AS MCNTT Autonomous System,12288,0.00,,,ipv4,MOW,0.833,RYA,0.125,
12737,RIGHTSIDE16,12288,0.00,,,ipv4,KYA,0.792,MOW,0.146,
16043,SAMARA-TELECOM-AS,12288,0.00,SAM,SAM,ipv4,SAM,0.729,MOW,0.271,0.729
31643,GES-AS,12288,0.00,,,ipv4,OMS,1.000,,,
47684,FCOMM-AS,12288,0.00,,,ipv4,ORE,1.000,,,
47913,MIS-AS,12288,0.00,,,ipv4,MOW,0.688,TYU,0.312,
51042,KLIMOVSK-AS,12288,0.00,,,ipv4,VOR,0.625,MOS,0.375,
21483,TEL-AS,11776,0.00,,,ipv4,KYA,1.000,,,
24663,COMPLAT-AS,11776,0.00,,,ipv4,MOW,1.000,,,
44587,MEGACOM-AS,11776,0.00,,,ipv4,NVS,0.978,OMS,0.022,
49583,KOM_LAN_LTD-AS,11776,0.00,,,ipv4,MOW,1.000,,,
50289,WELLCOM-L,11776,0.00,,,ipv4,MOS,0.973,MOW,0.022,
200302,FNC-AS,11776,0.00,,,ipv4,SPE,1.000,,,
13174,"MTSNET Moscow, Russia",11520,0.00,MOW,,ipv4,MOW,1.000,,,
34205,MRBD-AS PJSC Rostelecom. Magadan branch,11520,0.00,MAG,MAG,ipv4,MAG,0.867,MOW,0.133,0.867
51200,DIDI-AS,11520,0.00,,,ipv4,ROS,0.733,MOW,0.222,
61390,GARANT-G,11520,0.00,,,ipv4,UD,1.000,,,
21480,WBT-AS,11264,0.00,,,ipv4,KGD,0.909,MOW,0.091,
25880,YURGATELEKOM-AS,11264,0.00,,,ipv4,KEM,0.636,NVS,0.364,
29554,SVYAZNOY-CHAIN-AS LLC Svyaznoy Chain SV,11264,0.00,,,ipv4,MOW,1.000,,,
30936,RENET-COM-AS RENET COM Autonomous System,11264,0.00,,,ipv4,SAR,0.932,MOW,0.068,
35815,URALCOMSETI-AS  UPLINKS,11264,0.00,,,ipv4,SVE,0.636,MOW,0.364,
48481,RYBALKA-AS,11264,0.00,,,ipv4,LEN,1.000,,,
52043,TAIGET-AS,11264,0.00,,,ipv4,KDA,1.000,,,
57529,GTNT-AS,11264,0.00,,,ipv4,MOW,0.932,MOS,0.045,
13118,ASN-YARTELECOM PJSC Rostelecom. Yaroslavl branch,11008,0.00,YAR,YAR,ipv4,YAR,0.958,MOW,0.042,0.958
34267,DEBRYANSK-AS-1 PJSC Rostelecom. Bryansk branch,11008,0.00,,BRY,ipv4,BRY,0.930,MOW,0.070,0.930
40995,SIBSET-NKZ-AS,10752,0.00,,,ipv4,NVS,0.952,KEM,0.048,
199274,MNGTNET,10752,0.00,,,ipv4,MOW,1.000,,,
13056,RT-TMB-AS PJSC Rostelecom. Tambov branch,10496,0.00,TAM,TAM,ipv4,TAM,0.878,MOW,0.122,0.878
43148,MTS-KURGAN-AS,10496,0.00,KGN,KGN,ipv4,KGN,0.476,SVE,0.390,0.476
9177,MZRTA-AS,10240,0.00,,,ipv4,MOW,1.000,,,
20483,"EUROCOM 141407, Russia",10240,0.00,,,ipv4,MOS,0.717,MOW,0.283,
34892,INFOLINK-AS PJSC Rostelecom. Technical Team,10240,0.00,,,ipv4,CU,0.950,MOW,0.050,
49106,OPTICOM-AS,10240,0.00,,,ipv4,MOS,1.000,,,
50556,OOO_KISS,10240,0.00,,,ipv4,VLA,0.800,MOW,0.200,
57214,VIDIKON,10240,0.00,,,ipv4,RYA,0.925,MOW,0.075,
196742,EKRAN-AS,10240,0.00,,,ipv4,KGD,1.000,,,
197453,BIZTEL-AS,10240,0.00,,,ipv4,MOW,0.975,MOS,0.025,
42498,GERKON-AS,9984,0.00,,,ipv4,SVE,1.000,,,
44736,TSVRN-AS,9984,0.00,,,ipv4,VOR,1.000,,,
6903,"ZENON-AS Moscow, Russia",9728,0.00,MOW,,ipv4,MOW,1.000,,,
12403,FEONET-AS,9728,0.00,,,ipv4,KDA,0.974,MOW,0.026,
34467,SOTCOM-AS,9728,0.00,,,ipv4,RYA,0.789,MOW,0.211,
42289,ITMO-AS ITMO,9728,0.00,,,ipv4,SPE,0.947,MOW,0.053,
43936,EVPANET-AS,9728,0.00,,,ipv4,MOW,1.000,,,
44172,COURIER-PLUS-AS,9728,0.00,,,ipv4,KGN,0.895,CHE,0.105,
44266,TEHNO-AS,9728,0.00,,,ipv4,KRS,1.000,,,
42007,BIG-AS,9472,0.00,,,ipv4,SPE,0.946,MD,0.027,
47111,RU-AKADO-SPB-AS Peering Ltd,9472,0.00,,,ipv4,PER,0.973,SPE,0.027,
56707,NETCOM,9472,0.00,,,ipv4,TOM,1.000,,,
57251,INTELCOM,9472,0.00,,,ipv4,KYA,0.892,MOW,0.108,
6858,"SEVEREN_COMLINK-AS St.Petersburg, Russia",9216,0.00,,SPE,ipv4,SPE,0.750,MOW,0.250,0.750
15638,UTL Ussuriysk,9216,0.00,,,ipv4,PRI,1.000,,,
29069,TLK-AS PJSC Rostelecom. Technical Team,9216,0.00,,,ipv4,MOW,0.750,MOS,0.222,
31444,"SEANET-AS Russia, Saint-Petersburg",9216,0.00,,SPE,ipv4,SPE,0.806,MOW,0.167,0.806
34747,ISI-AS,9216,0.00,,,ipv4,UD,0.806,MOW,0.194,
35239,BALTTELECOM-AS,9216,0.00,,,ipv4,KGD,0.806,MOW,0.194,
39709,EXTREME-AS,9216,0.00,,,ipv4,MOW,1.000,,,
39860,INTEKS-AS,9216,0.00,,,ipv4,KEM,1.000,,,
41148,ZOLOTAYALINIA-AS,9216,0.00,,,ipv4,RYA,0.556,MOW,0.306,
42104,CENTRLAN-AS,9216,0.00,,,ipv4,KO,1.000,,,
44270,TKTOR,9216,0.00,,,ipv4,LEN,1.000,,,
44484,XTRIM-AS,9216,0.00,,,ipv4,LEN,0.889,SPE,0.111,
47235,DONAPEX-AS,9216,0.00,,,ipv4,ROS,1.000,,,
48128,U-LAN-AS,9216,0.00,,,ipv4,MOW,0.972,MOS,0.028,
48515,PRAKTIKA-AS,9216,0.00,,,ipv4,TVE,1.000,,,
49350,TINET-AS,9216,0.00,,,ipv4,AMU,0.778,KHA,0.111,
49724,VAINAHTELECOM-AS,9216,0.00,,,ipv4,CE,1.000,,,
51592,ASSVIFTTELECOM,9216,0.00,,,ipv4,KO,1.000,,,
56580,CYBERCOM,9216,0.00,,,ipv4,KC,0.778,MOW,0.222,
57164,OT,9216,0.00,,,ipv4,ROS,1.000,,,
209367,HAPOTELE,9216,0.00,,,ipv4,MOW,0.972,SAM,0.028,
16256,RECOM-AS,8960,0.00,,,ipv4,ORL,0.771,MOW,0.171,
20919,DF Moscow,8960,0.00,MOW,,ipv4,MOW,0.971,RYA,0.029,
34470,PTKOM-AS PortTelekom Autonomous system,8960,0.00,,,ipv4,PRI,1.000,,,
57803,TELESERVIS-AS,8960,0.00,,,ipv4,VLA,0.971,KDA,0.029,
8901,Moscow Mayors Office,8704,0.00,MOW,,ipv4,MOW,1.000,,,
42589,UDP-AS,8704,0.00,,,ipv4,MOS,1.000,,,
43400,"SV3-AS Russia, Simpheropol",8704,0.00,,,ipv4,RU,0.941,KLU,0.059,
43574,DAGSV-AS PJSC Rostelecom. Daghestan branch,8704,0.00,,,ipv4,SAK,0.529,DA,0.471,
48470,JSCMTUKRISTALL-AS,8704,0.00,,,ipv4,BA,1.000,,,
5467,MIPT MIPT-NET,8448,0.00,,,ipv4,MOS,1.000,,,
8249,TOTCOM-AS OJSC VolgaTelecom,8448,0.00,,,ipv4,SAM,0.545,MOW,0.455,
34351,MTS-IVANOVO-AS,8448,0.00,IVA,IVA,ipv4,IVA,0.727,MOW,0.273,0.727
34573,OBERON-ASN,8448,0.00,,,ipv4,TOM,1.000,,,
41925,IZET-CHELYABINSK,8448,0.00,CHE,CHE,ipv4,CHE,0.515,MOW,0.455,0.515
44387,REEDLAN-AS,8448,0.00,,,ipv4,RU,0.545,MOW,0.394,
49476,MTT-AS,8448,0.00,,,ipv4,MOW,0.970,US,0.030,
50265,GT-AS,8448,0.00,,,ipv4,MOW,0.970,RYA,0.030,
201052,GOVCERT-RU-AS Cyber Security and Incident Response Team for the governmental networks of the Russian Federation,8448,0.00,,,ipv4,MOW,1.000,,,
204161,TRITEL-MSK-204161,8448,0.00,,,ipv4,MOW,0.818,RU,0.182,
211508,DOS,8448,0.00,,,ipv4,KDA,0.970,MOW,0.030,
216322,ATOMDATA-INN-AS,8448,0.00,,,ipv4,TA,1.000,,,
5468,URFU,8192,0.00,,,ipv4,SVE,1.000,,,
5598,NETLUX-AS,8192,0.00,,,ipv4,ROS,0.969,MOW,0.031,
6820,LEIVO IP service provider,8192,0.00,,,ipv4,SPE,0.940,LEN,0.031,
8443,SKHDSV-AS PJSC Rostelecom. Sakhalin branch,8192,0.00,,SAK,ipv4,SAK,0.757,MOW,0.243,0.757
8515,DATAFORCE-AS Internet Service Provider,8192,0.00,,,ipv4,MOW,1.000,,,
8557,ELKATEL-AS PJSC Rostelecom. Moscow branch,8192,0.00,MOW,,ipv4,MOW,0.719,MOS,0.281,
8675,AS_TULATEL OJSC CenterTelecom,8192,0.00,,,ipv4,TUL,0.812,MOW,0.156,
8828,BURNET-AS OJSC National Cable Networks,8192,0.00,,,ipv4,BU,0.781,MOW,0.219,
13079,ZONDH AS for RU-ZNETWORK,8192,0.00,,,ipv4,MOW,1.000,,,
13095,CTK-NET-AS,8192,0.00,,,ipv4,YAR,0.906,MOW,0.094,
15868,NALTEL-AS,8192,0.00,,,ipv4,KB,1.000,,,
15934,ZEBRA-AS PJSC Rostelecom. Technical Team,8192,0.00,,,ipv4,MOW,0.688,RYA,0.281,
20576,"GAZSVYAZ 16, Nametkina street",8192,0.00,,,ipv4,MOW,1.000,,,
20702,CSSMPS-AS,8192,0.00,,,ipv4,MOW,1.000,,,
24789,NOVGORODTELECOM-AS TELESET LLC,8192,0.00,,,ipv4,NGR,1.000,,,
25096,CYBERNET-,8192,0.00,,,ipv4,SPE,1.000,,,
28860,PARMA-INFORM-AS OJSC SPBNIT,8192,0.00,,,ipv4,KO,0.656,SPE,0.312,
30854,VELNET-TELECOM-AS1,8192,0.00,,,ipv4,MOW,1.000,,,
33987,NETWAY-AS,8192,0.00,,,ipv4,MOW,1.000,,,
35125,SMOLENSK-AS PJSC Rostelecom. Smolensk branch,8192,0.00,SMO,SMO,ipv4,SMO,0.906,SPE,0.062,0.906
39178,OPTILINK-AS,8192,0.00,,,ipv4,SA,1.000,,,
39376,WTCMOSCOW-NET-AS,8192,0.00,,,ipv4,MOW,1.000,,,
41302,MART-AS,8192,0.00,,,ipv4,PSK,1.000,,,
42478,YUG-LINK-AS,8192,0.00,,,ipv4,KDA,0.625,MOW,0.375,
42518,UNETCOM-AS,8192,0.00,,,ipv4,SPE,0.844,LEN,0.125,
44035,RU-AXIOMA-AS,8192,0.00,,,ipv4,KYA,1.000,,,
47286,OTS-AS,8192,0.00,,,ipv4,MOS,1.000,,,
47895,R-LINE-AS,8192,0.00,,,ipv4,DA,1.000,,,
48416,INFOLAN-AS,8192,0.00,,,ipv4,SPE,0.719,MOW,0.250,
48541,NVKZ-STREAM-AS,8192,0.00,,,ipv4,KEM,0.594,NVS,0.250,
49816,CMST-VOLGA-SIMBIRSKAS,8192,0.00,,,ipv4,ULY,1.000,,,
49893,BITRACE-TELECOM,8192,0.00,,,ipv4,MOS,1.000,,,
51343,FORCELINE-AS Forceline ISP,8192,0.00,,,ipv4,KGD,1.000,,,
51891,GSPNET-AS,8192,0.00,,,ipv4,KO,1.000,,,
52015,DANCER-AS DANCER ISP AS,8192,0.00,,,ipv4,KHM,0.938,RYA,0.031,
52194,IT-AS,8192,0.00,,,ipv4,KDA,0.969,MOW,0.031,
56407,ASZHIGULI-NET,8192,0.00,,,ipv4,SAM,1.000,,,
56476,ASCITYLINE,8192,0.00,,,ipv4,IVA,0.719,TVE,0.281,
56487,SOTRUDNIK-AS,8192,0.00,,,ipv4,ALT,1.000,,,
57333,ASKASPIYTELEKOM,8192,0.00,,,ipv4,DA,1.000,,,
57396,ASIZBERBASH,8192,0.00,,,ipv4,DA,1.000,,,
57534,ASAHMEDOV,8192,0.00,,,ipv4,DA,1.000,,,
58158,KTV-AS,8192,0.00,,,ipv4,SPE,0.969,LEN,0.031,
59559,ASGREENLINE,8192,0.00,,,ipv4,KHM,0.969,SVE,0.031,
207744,MEGALINK-AS,8192,0.00,,,ipv4,ROS,0.938,LEN,0.031,
209759,ASMT6,8192,0.00,,,ipv4,MOW,1.000,,,
211101,MAXLINK,8192,0.00,,,ipv4,MOW,0.531,ROS,0.375,
214721,PHOENIX-AS,8192,0.00,,,ipv4,MOW,1.000,,,
12730,INECO_AS JSC Telecommunication Company,7936,0.00,,,ipv4,RYA,1.000,,,
12925,SINP-MSU,7936,0.00,,,ipv4,MOW,0.960,VLA,0.032,
24783,ASN-MELS-MURMANELECTROSVIAZ PJSC Rostelecom Murmansk Region Autonomous System,7936,0.00,MUR,MUR,ipv4,MUR,0.903,MOW,0.097,0.903
25189,COUNTRYCOM,7936,0.00,,,ipv4,MOW,1.000,,,
25308,CITYLAN-AS,7936,0.00,,,ipv4,MOW,0.968,RYA,0.032,
25355,ASN-INTELE,7936,0.00,,,ipv4,MOW,0.968,MOS,0.032,
34287,VOLGOGRAD-GSM-AS T2 Russia Network,7936,0.00,VGG,VGG,ipv4,VGG,0.581,MOW,0.323,0.581
41134,CTC-OREL-AS PJSC Rostelecom. Orel branch,7936,0.00,,ORL,ipv4,ORL,1.000,,,1.000
43362,MAJORDOMO,7936,0.00,,,ipv4,SPE,0.548,MOW,0.452,
58096,ELIT-TV-AS,7936,0.00,,,ipv4,ROS,1.000,,,
8507,"Moscow, Russia",7680,0.00,MOW,,ipv4,MOW,1.000,,,
9039,IIAT-AS IIAT Autonomous System,7680,0.00,,,ipv4,MOW,1.000,,,
29319,ASN-IMSYS,7680,0.00,,,ipv4,MOW,0.967,MOS,0.033,
33892,SELS-AS,7680,0.00,,,ipv4,TOM,1.000,,,
39799,"COMINTEL-AS Tyumen, Russia",7680,0.00,TYU,,ipv4,SVE,0.800,KHM,0.200,
41341,TMK-AS,7680,0.00,,,ipv4,NIZ,1.000,,,
48738,ELVIS-AS,7680,0.00,,,ipv4,MUR,1.000,,,
48882,OPTIMA-SHID-AS,7680,0.00,,,ipv4,IRK,0.767,VOR,0.200,
59595,ASTENETATELEKOM,7680,0.00,,,ipv4,KLU,0.867,SPE,0.100,
197831,DISKUS-AS,7680,0.00,,,ipv4,NVS,1.000,,,
215182,AVELACOM-BUSINESS,7680,0.00,,,ipv4,MOW,0.933,MOS,0.033,
43865,INTEK-M-AS,7424,0.00,,,ipv4,MOS,1.000,,,
44676,VMAGE-AS,7424,0.00,,,ipv4,SPE,1.000,,,
44927,TELECOM-MPK,7424,0.00,,,ipv4,MOS,0.655,MOW,0.345,
197628,SUDAK-NET,7424,0.00,,,ipv4,MOW,0.862,SVE,0.069,
34703,PRTNET-AS,7168,0.00,,,ipv4,SAR,1.000,,,
34975,AZIMUTR-AS,7168,0.00,,,ipv4,MOS,1.000,,,
41209,COMSTAR-VOLGA,7168,0.00,,,ipv4,MOW,0.571,SAM,0.429,
41829,"REGIONSET-AS Zheleznogorsk, Russia",7168,0.00,,,ipv4,KRS,0.929,MOW,0.036,
42526,COMCOMSYS-AS,7168,0.00,,,ipv4,STA,0.991,KDA,0.009,
43038,TVK-AS MTS Kursk,7168,0.00,KRS,KRS,ipv4,MOW,0.714,KRS,0.250,0.250
44539,REDI,7168,0.00,,,ipv4,ROS,0.821,MOW,0.143,
48212,MKS-CHITA-AS,7168,0.00,ZAB,ZAB,ipv4,ZAB,0.786,IRK,0.143,0.786
48612,RTC-ORENBURG-AS MTS Orenburg,7168,0.00,ORE,ORE,ipv4,ORE,0.429,SAM,0.357,0.429
51153,INFKOM-AS,7168,0.00,,,ipv4,BA,1.000,,,
57261,YARTV-AS,7168,0.00,,,ipv4,KYA,1.000,,,
8291,RSNET-AS RSNET,6912,0.00,,,ipv4,MOW,1.000,,,
29304,SATISNET-AS JSC Satis-TL-94 is a full-scale satellite service ISP with channel and IP service,6912,0.00,,,ipv4,MOW,0.861,SA,0.111,
39735,RU-PERMTELECOM,6912,0.00,,,ipv4,PER,0.646,MOW,0.169,
44604,KVANT-TELECOM-AS,6912,0.00,,,ipv4,VOR,0.852,BEL,0.037,
44622,MTK-MOSINTER-AS,6912,0.00,,,ipv4,MOW,1.000,,,
49352,LOGOL-AS,6912,0.00,,,ipv4,MOW,1.000,,,
57334,SATS-AS,6912,0.00,,,ipv4,SPE,1.000,,,
197175,VITA-AS,6912,0.00,,,ipv4,RU,0.444,MOW,0.407,
197394,TELECOMMUNICATIONS21CENTURY,6912,0.00,,,ipv4,TA,1.000,,,
8410,NIR-AS,6656,0.00,,,ipv4,NVS,1.000,,,
43434,CONTACTTV-AS,6656,0.00,,,ipv4,MO,1.000,,,
43797,RSNET2-AS RSNET2,6656,0.00,,,ipv4,MOW,0.923,RYA,0.077,
49325,STAVSET-AS,6656,0.00,,,ipv4,ROS,0.538,STA,0.462,
50071,SRDV-AS,6656,0.00,,,ipv4,SPE,0.558,ARK,0.442,
51764,AMTEL-AS,6656,0.00,,,ipv4,MOW,0.846,ALT,0.077,
58136,ASPARUS,6656,0.00,,,ipv4,MO,1.000,,,
201250,ZT-LPT-AS,6656,0.00,,,ipv4,LIP,0.385,MOW,0.308,
47342,TARIO-AS,6400,0.00,,,ipv4,IRK,1.000,,,
61308,PVONET-AS,6400,0.00,,,ipv4,MOS,0.880,MOW,0.120,
206926,LETIT-AS,6400,0.00,,,ipv4,MOW,1.000,,,
211609,OKKO-AS,6400,0.00,,,ipv4,SPE,0.840,MOW,0.120,
8324,URC-AS,6144,0.00,,,ipv4,CHE,1.000,,,
24811,KES-AS,6144,0.00,,,ipv4,KEM,0.917,MOW,0.042,
25511,ASN-NET21,6144,0.00,,,ipv4,MOW,0.923,LEN,0.040,
41566,"TUSUR-AS Tomsk, Russia",6144,0.00,TOM,,ipv4,MOW,0.667,TOM,0.333,
42998,CROSS-I,6144,0.00,,,ipv4,MOS,1.000,,,
48219,THREEDATA-AS,6144,0.00,,,ipv4,MOW,1.000,,,
48257,SATNETSPB,6144,0.00,,,ipv4,SPE,1.000,,,
49293,ALLIANCE-AS,6144,0.00,,,ipv4,TOM,1.000,,,
49403,AVK-WELLCOM-AS,6144,0.00,,,ipv4,MOS,1.000,,,
49749,VMS-AS,6144,0.00,,,ipv4,ORE,0.667,YAR,0.333,
50174,INTEXCOM-AS,6144,0.00,,,ipv4,MOW,1.000,,,
50367,BENET-AS,6144,0.00,,,ipv4,CHE,1.000,,,
51428,IRONNET-AS,6144,0.00,,,ipv4,BU,1.000,,,
57781,YARTELESERVICE-AS,6144,0.00,,,ipv4,YAR,1.000,,,
57818,KIK-AS,6144,0.00,,,ipv4,MOS,0.917,ORE,0.083,
60771,C-CORP-AS,6144,0.00,,,ipv4,MOW,0.792,AST,0.042,
203451,K-TELECOM-NETWORK,6144,0.00,,,ipv4,KDA,0.542,MOW,0.458,
5480,"R61NET Network of educational, scientific and",5888,0.00,,,ipv4,ROS,1.000,,,
5547,"ORTEL-AS Irkutsk Region, Russia",5888,0.00,IRK,IRK,ipv4,IRK,1.000,,,1.000
8904,BANK_OF_RUSSIA CBRF Autonomous System,5888,0.00,,,ipv4,MOW,1.000,,,
20848,ROSBUSINESSCONSULTING-AS,5888,0.00,,,ipv4,MOW,1.000,,,
24680,COMPNET-AS This AS intended for multihome routing of CompNet IP address space,5888,0.00,,,ipv4,MOW,0.630,STA,0.370,
25531,INTFRM-AS PJSC Rostelecom. Technical Team,5888,0.00,,,ipv4,MOW,0.870,SPE,0.087,
29071,RU-SATSVYAZ-AS Sputnikovaya svyaz LLC,5888,0.00,,,ipv4,KYA,0.957,MOW,0.043,
39858,COMSTAR-VOLGA-ARZAMAS,5888,0.00,,,ipv4,NIZ,0.957,MOW,0.043,
49301,"TRANSTELECOM-DV Khabarovsk, Russia",5888,0.00,KHA,KHA,ipv4,KHA,0.783,MOW,0.130,0.783
49811,UZLOVAYA-NET,5888,0.00,,,ipv4,TUL,1.000,,,
64419,ECOTEL-AS,5888,0.00,,,ipv4,MOW,1.000,,,
24823,VTB-BANK-AS,5632,0.00,,,ipv4,MOW,1.000,,,
31558,ZGTK-AS,5632,0.00,,,ipv4,MOW,0.955,KYA,0.045,
43235,SPRINTINET-NVR-AS,5632,0.00,,,ipv4,KDA,1.000,,,
43267,SEVEREN-MSK-NET,5632,0.00,,,ipv4,MOW,0.909,SPE,0.091,
48036,NPO-AIDMA-AS,5632,0.00,,,ipv4,MOW,1.000,,,
49732,TYVASVIAZINFORM-AS,5632,0.00,,,ipv4,TY,1.000,,,
51070,TOKS-AS,5632,0.00,,,ipv4,TVE,1.000,,,
56701,AVANTA-AS,5632,0.00,,,ipv4,KDA,1.000,,,
61431,VOLS-AS,5632,0.00,,,ipv4,PER,0.773,UD,0.136,
197235,AVANTEL-SAMARA,5632,0.00,SAM,SAM,ipv4,SAM,1.000,,,1.000
39156,"FTELECOM-AS Vorontsovskaya str., 35b, building 2",5376,0.00,,,ipv4,MOW,1.000,,,
43667,VRMNT-AS,5376,0.00,,,ipv4,MOS,0.952,RYA,0.048,
44963,POTOK-AS,5376,0.00,,,ipv4,STA,1.000,,,
47939,YALTANET,5376,0.00,,,ipv4,RU,1.000,,,
48485,CRANE-AS,5376,0.00,,,ipv4,UD,0.952,KIR,0.048,
197309,RSMEDIA-AS,5376,0.00,,,ipv4,MOW,0.952,MH,0.048,
198056,TELEOKA-KOM-AS,5376,0.00,,,ipv4,NIZ,1.000,,,
203806,GRANLINE-AS,5376,0.00,,,ipv4,MOW,0.443,MOS,0.381,
210656,YACLOUDBMS,5376,0.00,,,ipv4,MOW,0.952,IVA,0.048,
15886,REKKON-AS,5120,0.00,,,ipv4,MOW,1.000,,,
21135,MTT-AS MTT AS Russia,5120,0.00,,,ipv4,MOW,1.000,,,
21143,"TULSUISP an Autonomous System for Tula State University located in Tula, Russia.",5120,0.00,TUL,,ipv4,TUL,0.800,MOW,0.200,
29303,PIC-AS,5120,0.00,,,ipv4,PER,0.950,MOW,0.050,
30729,TRANSFER-AS,5120,0.00,,,ipv4,OMS,1.000,,,
30767,TAGILTELECOM-AS,5120,0.00,,,ipv4,SVE,1.000,,,
30852,VIS,5120,0.00,,,ipv4,MOW,0.550,SAM,0.450,
34887,CIRT-AS,5120,0.00,,,ipv4,TA,0.700,RYA,0.300,
35738,KVANT-AS,5120,0.00,,,ipv4,KLU,0.950,RYA,0.050,
39374,RU-DI-EX-AS T2 Russia Network,5120,0.00,,,ipv4,ROS,0.400,NIZ,0.350,
39593,ML-AS,5120,0.00,,,ipv4,BA,0.850,ME,0.150,
41816,MEGALOG-PLUS-AS,5120,0.00,,,ipv4,STA,1.000,,,
42765,LINER,5120,0.00,,,ipv4,SPE,0.900,LEN,0.100,
43319,GP-INTERNET-AS,5120,0.00,,,ipv4,MOW,1.000,,,
43521,RECOM-OREL-AS,5120,0.00,,ORL,ipv4,ORL,0.550,MOW,0.400,0.550
43550,DSC-AS,5120,0.00,,,ipv4,SAK,1.000,,,
43991,VORONEZHTELECOM-AS,5120,0.00,,,ipv4,VOR,0.900,MOW,0.050,
44552,SCTS-NET Erth,5120,0.00,,,ipv4,SAR,0.788,MOW,0.212,
45055,DONTECHSVYAZ,5120,0.00,,,ipv4,ROS,1.000,,,
47118,MANNET-AS,5120,0.00,,,ipv4,SMO,1.000,,,
48000,STREAM-TV-TAMBOV-AS,5120,0.00,TAM,TAM,ipv4,TAM,0.800,MOW,0.100,0.800
48494,MKNET-AS,5120,0.00,,,ipv4,MOS,1.000,,,
50449,RU-KVANTZ LLC Kvant Zaraysk AS number,5120,0.00,,,ipv4,MOS,1.000,,,
51511,TRADE-EXPRESS-AS,5120,0.00,,,ipv4,NIZ,1.000,,,
60459,FLEXLINE-AS,5120,0.00,,,ipv4,MOW,0.700,MOS,0.250,
60569,ARD-TELEPORT,5120,0.00,,,ipv4,TUL,0.950,MOW,0.050,
60840,TELECOMSERVICEVRN,5120,0.00,,,ipv4,VOR,0.800,MOW,0.100,
60931,LAN-SERVICE-AS,5120,0.00,,,ipv4,TVE,1.000,,,
62440,TERRALINK-AS,5120,0.00,,,ipv4,IN,0.900,MOW,0.100,
62462,CONCEPTCOMM_2,5120,0.00,,,ipv4,KDA,0.944,MOW,0.056,
198110,VISTLINK-AS,5120,0.00,,,ipv4,NIZ,0.850,MOW,0.150,
201826,ERA-TELECOM,5120,0.00,,,ipv4,NIZ,1.000,,,
203972,LLC-TATAISNEFT-AS,5120,0.00,,,ipv4,TA,0.650,BA,0.300,
205638,TM-AS-MSK,5120,0.00,,,ipv4,MOW,0.500,MOS,0.250,
214574,BITERIKA-ZEL-AS,5120,0.00,,,ipv4,MOS,0.950,MOW,0.050,
8711,"AVANTEL-BARNAUL-AS BARNAUL, Russia",4864,0.00,ALT,,ipv4,NVS,0.947,MOW,0.053,
13155,MTS-IRK-AS,4864,0.00,,,ipv4,IRK,0.737,NVS,0.211,
15428,DAGNET-AS,4864,0.00,,,ipv4,DA,1.000,,,
16262,DATACHEAP-LLC-AS,4864,0.00,,,ipv4,MOW,1.000,,,
24626,TTKNN-AS,4864,0.00,,,ipv4,NIZ,1.000,,,
24936,"RIM2000M-AS 2, Odesskaya str.",4864,0.00,,,ipv4,MOW,0.895,US,0.105,
33842,NOT_USED,4864,0.00,,,ipv4,MOW,0.842,KGD,0.105,
41066,RTCOMM-SIBIR-AS,4864,0.00,,,ipv4,NVS,0.737,SPE,0.211,
49154,MTS-DOM-AS,4864,0.00,,,ipv4,NVS,0.737,RYA,0.211,
209805,SBCLOUD,4864,0.00,,,ipv4,MOW,1.000,,,
3181,ASN-MATRIXMOBILE,4608,0.00,,,ipv4,MOW,1.000,,,
6874,PSTU-AS,4608,0.00,,,ipv4,PER,1.000,,,
21438,ECOM-KALUGA-AS,4608,0.00,KLU,KLU,ipv4,KLU,0.667,ROS,0.222,0.667
25299,TRINITY-AS,4608,0.00,,,ipv4,MOW,0.722,MOS,0.167,
41771,MTS-BB-OMSK,4608,0.00,OMS,OMS,ipv4,OMS,0.611,NVS,0.389,0.611
41957,GLOBALTE-AS,4608,0.00,,,ipv4,MOW,1.000,,,
44999,MIFRIL-AS ImportExport changes,4608,0.00,,,ipv4,MOW,1.000,,,
48123,STREAM-TV-KALUGA,4608,0.00,KLU,KLU,ipv4,KLU,1.000,,,1.000
48226,IKSNET-AS,4608,0.00,,,ipv4,LEN,1.000,,,
49377,YTC-AS,4608,0.00,,,ipv4,YAN,0.944,MOW,0.056,
49777,ATEXS-AS,4608,0.00,,,ipv4,YAR,1.000,,,
49828,DARNET-AS,4608,0.00,,,ipv4,MOS,1.000,,,
51596,RUSTEKO-AS,4608,0.00,,,ipv4,MOW,1.000,,,
196791,RTASVYAS-AS,4608,0.00,,,ipv4,KEM,1.000,,,
215074,ROSSTEL,4608,0.00,,,ipv4,MOW,0.944,KDA,0.056,
8663,KUBANNET,4352,0.00,,,ipv4,KDA,1.000,,,
13165,SIBINTEK-AS Moscow Russia,4352,0.00,MOW,,ipv4,MOW,1.000,,,
34709,ALTEGROSKY-AS,4352,0.00,,,ipv4,KHA,0.588,CE,0.118,
39125,RUBIN-AS,4352,0.00,,,ipv4,MOW,1.000,,,
60747,MODUS-AS,4352,0.00,,,ipv4,VLA,0.647,MOW,0.353,
62314,ATMOSPHERICA-AS,4352,0.00,,,ipv4,MOW,0.706,MOS,0.294,
197311,KBR region UTS networks,4352,0.00,,,ipv4,KB,0.588,ROS,0.412,
208427,ARGOTEL,4352,0.00,,,ipv4,MOW,0.882,MUR,0.118,
219095,ASTRAVPS-AS - Paul Sagov,4352,0.00,,,ipv4,EE,0.412,DE,0.235,
5589,OPEN-FC-1-AS,4096,0.00,,,ipv4,MOW,1.000,,,
6868,BMSTU-AS,4096,0.00,,,ipv4,MOW,1.000,,,
8242,INTELWAY-AS,4096,0.00,,,ipv4,MOW,0.750,MOS,0.250,
8506,Academy of Irkutsk Scientific Centre of Siberian Department of RAN,4096,0.00,IRK,,ipv4,NVS,1.000,,,
8510,"Tomsk, Russia",4096,0.00,TOM,TOM,ipv4,TOM,1.000,,,1.000
8712,INTA-AS,4096,0.00,,,ipv4,KO,0.500,ROS,0.500,
8846,ASN-TCO,4096,0.00,,,ipv4,MOW,0.750,RYA,0.250,
12484,BORISLTD-AS,4096,0.00,,,ipv4,TYU,0.938,STA,0.062,
12724,LASERNET-AS LaserNet - research network of the Institutes of,4096,0.00,,,ipv4,MOW,1.000,,,
15454,ARBUZ-AS,4096,0.00,,,ipv4,MAG,0.879,MOW,0.121,
15984,Location : 109017 Piatnitskaya str. Moscow Russia.,4096,0.00,MOW,,ipv4,MOW,1.000,,,
25292,VGTRK-AS,4096,0.00,,,ipv4,MOW,1.000,,,
28881,BASHNET-AS,4096,0.00,,,ipv4,MOW,0.812,BA,0.188,
28900,"ATLASNN-AS Nizhny Novgorod, Russia",4096,0.00,NIZ,NIZ,ipv4,NIZ,1.000,,,1.000
30784,ISKRATELECOM-AS SEVEN-SKY,4096,0.00,,,ipv4,MOW,1.000,,,
30953,PROC,4096,0.00,,,ipv4,MOW,1.000,,,
31336,TFRUSTEL-AS,4096,0.00,,,ipv4,MOW,0.625,TYU,0.375,
31575,MIET,4096,0.00,,,ipv4,MOW,1.000,,,
31695,IM-AS,4096,0.00,,,ipv4,KYA,1.000,,,
34042,MTTELECOM-AS,4096,0.00,,,ipv4,SPE,0.750,MOW,0.250,
34102,AWANTI-AS,4096,0.00,,,ipv4,SPE,0.812,MOW,0.188,
34434,RU-SCX-AS,4096,0.00,,,ipv4,PRI,1.000,,,
34500,CTSPI,4096,0.00,,,ipv4,MOW,1.000,,,
34687,KOLBI-AS,4096,0.00,,,ipv4,MOW,1.000,,,
34707,KEMSU-AS,4096,0.00,,,ipv4,KEM,1.000,,,
34824,SAMARASVYAZINFORM-LTD-AS,4096,0.00,,,ipv4,SAM,1.000,,,
35025,TC-AS,4096,0.00,,,ipv4,NVS,1.000,,,
35129,TETRATELEMATIK-AS,4096,0.00,,,ipv4,MOW,1.000,,,
35516,KURSKNET-RU-AS PJSC Rostelecom. Kursk branch,4096,0.00,,KRS,ipv4,KRS,0.875,MOW,0.125,0.875
35755,NIISA-AS Moscow,4096,0.00,MOW,,ipv4,MOW,1.000,,,
35768,MSLINK-AS,4096,0.00,,,ipv4,MOW,0.938,MOS,0.062,
39042,GLOBAL63RU-AS,4096,0.00,,,ipv4,SAM,1.000,,,
39488,KLEYNKOM-AS,4096,0.00,,,ipv4,BU,1.000,,,
39604,MASARMAT-AS,4096,0.00,,,ipv4,MOW,1.000,,,
39707,SINFORM-AS,4096,0.00,,,ipv4,VGG,1.000,,,
39740,NVRTELCOM,4096,0.00,,,ipv4,KDA,1.000,,,
39821,CANMOS-AS CANMOS,4096,0.00,,,ipv4,MOW,1.000,,,
41123,"GTS-AS Russia, Kirov",4096,0.00,KIR,KIR,ipv4,KIR,1.000,,,1.000
41465,VGT_,4096,0.00,,,ipv4,SAM,0.938,MOW,0.062,
41469,TECOS-AS,4096,0.00,,,ipv4,TYU,1.000,,,
41853,NTCOM-AS,4096,0.00,,,ipv4,MOW,1.000,,,
41929,SISTEMY-SVYAZI-AS,4096,0.00,,,ipv4,TAM,0.875,MOW,0.125,
42245,"ITECH-AS Russia, Cheboksary",4096,0.00,CU,,ipv4,IVA,0.812,MOW,0.125,
42358,INSYS-AS Insys LLC,4096,0.00,,,ipv4,KIR,0.766,MOW,0.234,
42364,ALELNET,4096,0.00,,,ipv4,MOW,1.000,,,
42748,BYTECITY-AS,4096,0.00,,,ipv4,MOW,1.000,,,
43273,OPTIKLINE-AS,4096,0.00,,,ipv4,SAM,1.000,,,
43670,NTC-AS,4096,0.00,,,ipv4,MOW,1.000,,,
43687,BTL-AS,4096,0.00,,,ipv4,BRY,0.500,MOW,0.500,
43761,"SVSERV-AS Russia, Tver region, Konakovo",4096,0.00,TVE,TVE,ipv4,TVE,1.000,,,1.000
43909,CRYSTALL-AS,4096,0.00,,,ipv4,SAK,1.000,,,
43970,MAGISTRALY-,4096,0.00,,,ipv4,BEL,0.875,MOW,0.125,
43973,OSMP-AS,4096,0.00,,,ipv4,MOW,0.781,RYA,0.219,
44053,UNILINK-AS,4096,0.00,,,ipv4,MOW,1.000,,,
44412,INGUSHELECTROSVYAZ-AS former Ingushelectrosvyaz,4096,0.00,,,ipv4,MOW,1.000,,,
44540,KARTEL-AS,4096,0.00,,,ipv4,KO,1.000,,,
44696,SUP-AS,4096,0.00,,,ipv4,MOW,1.000,,,
44868,"URFU Yekaterinburg, Russia",4096,0.00,SVE,,ipv4,SVE,1.000,,,
47569,ERLANG-AS,4096,0.00,,,ipv4,SVE,1.000,,,
47899,TMMTS-AS,4096,0.00,,,ipv4,TM,1.000,,,
48129,IRBIS-TELECOMMUNICATIONS-AS,4096,0.00,,,ipv4,KDA,0.938,MOW,0.062,
48368,COMTEH-RU-AS,4096,0.00,,,ipv4,LEN,0.938,MOW,0.062,
48462,NEOCOM,4096,0.00,,,ipv4,CHU,0.500,MOW,0.500,
48757,"TRUSTINFO TrustInfo, Moscow, Russia",4096,0.00,MOW,,ipv4,MOW,1.000,,,
48848,"RU-TELSERVT-MIX-AS Telekom Servis T at Moscow, MMTS9",4096,0.00,MOW,,ipv4,MOW,1.000,,,
49759,SERDI-AS,4096,0.00,,,ipv4,STA,1.000,,,
50022,ORIONNET-MNSK,4096,0.00,,,ipv4,KYA,1.000,,,
50439,MECTNET,4096,0.00,,,ipv4,KYA,1.000,,,
50466,NOUTEK,4096,0.00,,,ipv4,KDA,1.000,,,
50553,ASSTALNET,4096,0.00,,,ipv4,MOS,1.000,,,
50752,SATIS-SVYAZ-AS,4096,0.00,,,ipv4,MOW,1.000,,,
50771,GIGALINK-LTD-AS,4096,0.00,,,ipv4,MOS,0.938,TVE,0.062,
50789,AIRONET-AS,4096,0.00,,,ipv4,MOS,1.000,,,
51547,TDS,4096,0.00,,,ipv4,MOS,0.875,MOW,0.125,
51583,RAY-AS,4096,0.00,,,ipv4,KEM,1.000,,,
52175,MAGELLAN-AS,4096,0.00,,,ipv4,KEM,0.500,KHM,0.500,
56326,ASDEVYATKA,4096,0.00,,,ipv4,KYA,1.000,,,
56426,ASVOLNA-NET,4096,0.00,,,ipv4,YAR,1.000,,,
56463,ASAVICENA,4096,0.00,,,ipv4,KHA,0.562,KYA,0.438,
56542,PARKTELECOM-AS,4096,0.00,,,ipv4,SVE,1.000,,,
56592,TELEWEST-INET-AS,4096,0.00,,,ipv4,LEN,1.000,,,
57824,METRONET-AS,4096,0.00,,,ipv4,MOW,1.000,,,
57871,ASTELECENTR,4096,0.00,,,ipv4,KDA,1.000,,,
59515,INTER-COM-AS,4096,0.00,,,ipv4,AMU,1.000,,,
60192,RZN-AS,4096,0.00,,,ipv4,BA,0.875,RYA,0.125,
61360,NOVOCHEK-AS ISP Orbita JSC,4096,0.00,,,ipv4,ROS,1.000,,,
61403,SEVER-TELECOM-CHER,4096,0.00,,,ipv4,MOW,0.750,VLG,0.250,
62382,KDV,4096,0.00,,,ipv4,TOM,0.438,MOW,0.250,
64439,ROCKETCLOUD RocketCloud.ru,4096,0.00,,,ipv4,MOW,0.938,DE,0.062,
196648,YSU-AS,4096,0.00,,,ipv4,SA,1.000,,,
196747,ELECTRONIC-GOVERNMENT PJSC Rostelecom. Technical Team,4096,0.00,,,ipv4,SPE,1.000,,,
196786,ASMITEL,4096,0.00,,,ipv4,KGD,1.000,,,
196936,ASARTTELECOM,4096,0.00,,,ipv4,MOW,0.500,KYA,0.250,
197765,ITPARK_DC,4096,0.00,,,ipv4,TA,0.938,MOW,0.062,
198616,ASMEDIAKVANT,4096,0.00,,,ipv4,NIZ,1.000,,,
198715,ASORBITA,4096,0.00,,,ipv4,SVE,1.000,,,
198718,SEVERSVJAZ-AS,4096,0.00,,,ipv4,KHM,1.000,,,
199008,TVSPUTNIK-AS,4096,0.00,,,ipv4,DA,1.000,,,
199634,ESKNET,4096,0.00,,,ipv4,MOW,0.816,MOS,0.184,
199668,BUREAU1440-AS,4096,0.00,,,ipv4,MOW,1.000,,,
200066,ASNETKOM,4096,0.00,,,ipv4,SMO,1.000,,,
6699,URAN-AS,3840,0.00,,,ipv4,SVE,1.000,,,
21087,"ELCITY-AS Irkutsk Region, Russia",3840,0.00,IRK,IRK,ipv4,IRK,1.000,,,1.000
21226,RU-KPTUS,3840,0.00,,,ipv4,KYA,1.000,,,
33819,VVSU-AS,3840,0.00,,,ipv4,PRI,1.000,,,
34894,ATEL-AS,3840,0.00,,,ipv4,PER,1.000,,,
35273,CITYLINE,3840,0.00,,,ipv4,BA,0.333,ROS,0.267,
39612,TEVIA-AS,3840,0.00,,,ipv4,MOW,1.000,,,
39684,MANGO-TELECOM-AS,3840,0.00,,,ipv4,MOW,1.000,,,
41109,TELEMEDNET TELEMEDNET - net of Center Children Telemedicin in Moscow,3840,0.00,MOW,,ipv4,MOW,1.000,,,
41616,TELESERVICE-PLUS-AS,3840,0.00,,,ipv4,VLG,1.000,,,
41794,SIBSET-BARN-AS,3840,0.00,,,ipv4,NVS,0.633,MOW,0.233,
43720,TVK-AS,3840,0.00,,,ipv4,MOW,0.667,ORL,0.333,
47433,SIBSET-KEM-AS,3840,0.00,,,ipv4,NVS,0.667,MOW,0.267,
48199,TEHNOPRO-AS,3840,0.00,,,ipv4,MOW,0.933,MOS,0.067,
49980,ARIEL-AS,3840,0.00,,,ipv4,TOM,1.000,,,
50448,SYSTEM-SERVICE-AS,3840,0.00,,,ipv4,MOW,0.933,KZ,0.067,
51444,IT-LITE-NET,3840,0.00,,,ipv4,MOW,1.000,,,
58347,AIK-AS,3840,0.00,,,ipv4,TUL,1.000,,,
197129,ASKOPILOV,3840,0.00,,,ipv4,AMU,1.000,,,
209687,KVANT2,3840,0.00,,,ipv4,KYA,1.000,,,
211270,WEBSERV,3840,0.00,,,ipv4,NL,0.467,MOW,0.267,
8398,"TVERSU Russia, Tver",3584,0.00,,,ipv4,TVE,1.000,,,
16323,INFORM-SYSTEMY-I-TECHNOLOGII-AS,3584,0.00,,,ipv4,VOR,1.000,,,
20866,INTELECOM-AS,3584,0.00,,,ipv4,MOW,0.911,LIP,0.089,
29031,LTC,3584,0.00,,,ipv4,ROS,0.857,NVS,0.143,
34047,DGROUP-AS HISP D-Group,3584,0.00,,,ipv4,NVS,1.000,,,
39337,CORPSOFT24,3584,0.00,,,ipv4,MOW,1.000,,,
42511,STATION-AS,3584,0.00,,,ipv4,MOS,1.000,,,
43908,PSV-AS,3584,0.00,,,ipv4,YAN,1.000,,,
48725,CLINK-AS,3584,0.00,,,ipv4,CHE,1.000,,,
49516,IP-OVCHINNIKOV-AS,3584,0.00,,,ipv4,VLA,1.000,,,
49963,BELRTS-AS,3584,0.00,,,ipv4,BEL,1.000,,,
50048,NEWREAL-AS,3584,0.00,,,ipv4,CU,1.000,,,
59533,LUKYANOVA-AS,3584,0.00,,,ipv4,PER,0.857,MOW,0.143,
197275,ASLINKTELECOMNN,3584,0.00,,,ipv4,NIZ,1.000,,,
199096,LOGOS-AS,3584,0.00,,,ipv4,KOS,0.857,VGG,0.143,
199809,MAX-TEL,3584,0.00,,,ipv4,MOW,0.500,SAR,0.500,
215721,ZN-AS,3584,0.00,,,ipv4,MOW,1.000,,,
3168,ASINTELECOMTV,3328,0.00,,,ipv4,PRI,0.615,MOW,0.154,
28891,CITTEL CJSC City Telecom,3328,0.00,,,ipv4,MOW,1.000,,,
35527,ALPHATEL-AS,3328,0.00,,,ipv4,KHM,0.885,TA,0.077,
38972,INTERSAT-AS,3328,0.00,,,ipv4,SVE,1.000,,,
39294,LADA-MEDIA-AS,3328,0.00,,,ipv4,SAM,1.000,,,
42238,BOSPOR-AS,3328,0.00,,,ipv4,ROS,1.000,,,
44158,ALTURA-AS,3328,0.00,,,ipv4,SAR,0.692,MOW,0.308,
47564,TONUS-AS,3328,0.00,,,ipv4,MOS,1.000,,,
49107,TELKO-AS,3328,0.00,,,ipv4,STA,0.769,MOW,0.231,
49320,INN361-AS LLC Nauka Svyaz,3328,0.00,,,ipv4,IVA,0.846,MOS,0.077,
49830,GOLDLINK-AS,3328,0.00,,,ipv4,MOW,1.000,,,
50668,DIALOGK-AS,3328,0.00,,,ipv4,MOS,1.000,,,
56631,ONLANTA-NET,3328,0.00,,,ipv4,MOW,0.923,IVA,0.077,
57571,TELEKONIKA_RUZA-AS,3328,0.00,,,ipv4,MOS,1.000,,,
61372,AZIMUTTELECOM-AS -- RT --,3328,0.00,,,ipv4,MOW,1.000,,,
206054,TS3M-AS,3328,0.00,,,ipv4,MOW,1.000,,,
207103,CONVEX-KIROVGRAD,3328,0.00,,,ipv4,SVE,0.923,MOW,0.077,
3203,ASVIDEOKANAL,3072,0.00,,,ipv4,CHE,1.000,,,
12836,POISK,3072,0.00,,,ipv4,MOW,1.000,,,
15880,CHIKALIN-AS,3072,0.00,,,ipv4,ALT,0.667,KEM,0.333,
15913,IACP-AS,3072,0.00,,,ipv4,PRI,0.750,KYA,0.250,
16047,YAR-TT-AS,3072,0.00,,,ipv4,KHA,0.333,MOW,0.250,
29407,ASN-SIBSUTIS,3072,0.00,,,ipv4,NVS,1.000,,,
33904,"INTELNET-AS Intelcom LLC, Moscow, Russia",3072,0.00,MOW,,ipv4,MOW,1.000,,,
35162,INTERNET-AS,3072,0.00,,,ipv4,CHE,0.667,MOW,0.333,
41719,SKTVSPEKTR-AS,3072,0.00,,,ipv4,NVS,1.000,,,
42916,IT-AS,3072,0.00,,,ipv4,TUL,1.000,,,
43297,VDS-TELECOM,3072,0.00,,,ipv4,MOW,0.917,MOS,0.083,
43399,TCS-AS,3072,0.00,,,ipv4,MOW,0.583,MOS,0.250,
43801,COMRISE-AS Comrise AS,3072,0.00,,,ipv4,VGG,1.000,,,
43882,SOTLINE-AS,3072,0.00,,,ipv4,OMS,0.833,MOW,0.083,
44096,BFT-AS,3072,0.00,,,ipv4,MOW,1.000,,,
44362,PENTABOX-AS --- uplink ---,3072,0.00,,,ipv4,MOW,0.667,MOS,0.333,
44619,IT-TELECOM-AS,3072,0.00,,,ipv4,MOS,1.000,,,
47181,TRANCOM-1,3072,0.00,,,ipv4,MOW,0.833,MOS,0.167,
47654,VKS-INTERNET,3072,0.00,,,ipv4,YAN,1.000,,,
47737,CONSYST-OS-AS,3072,0.00,,,ipv4,MOW,1.000,,,
48302,ATOMLINK-AS,3072,0.00,,,ipv4,KYA,0.917,MOW,0.083,
48441,MAGLAN-AS ISP MagLAN,3072,0.00,,,ipv4,MAG,1.000,,,
49291,RTCOMM-AS,3072,0.00,,,ipv4,MOW,0.833,RYA,0.167,
49551,TELESETI-AS,3072,0.00,,,ipv4,TYU,1.000,,,
49577,DISNET,3072,0.00,,,ipv4,UD,1.000,,,
50126,TELESERVISE-AS,3072,0.00,,,ipv4,MOS,1.000,,,
50257,AMOBILE-AS,3072,0.00,,,ipv4,GE,0.750,MOW,0.250,
50299,TYFON-AS,3072,0.00,,,ipv4,MOW,1.000,,,
50671,GOROD-AS,3072,0.00,,,ipv4,ROS,1.000,,,
50761,LUX-TV-AS,3072,0.00,,,ipv4,YAR,1.000,,,
50802,TELECOMBIS-AS,3072,0.00,,,ipv4,MOS,1.000,,,
50916,NADYMSS-AS,3072,0.00,,,ipv4,YAN,0.917,KR,0.083,
50949,AGRONET-RU-AS,3072,0.00,,,ipv4,KDA,0.583,MOW,0.333,
51077,PTS-NET,3072,0.00,,,ipv4,MOS,0.917,NL,0.083,
51158,MTREND-AS,3072,0.00,,,ipv4,STA,1.000,,,
51612,ALFATEL-AS,3072,0.00,,,ipv4,KK,1.000,,,
51813,DARTEL,3072,0.00,,,ipv4,MO,1.000,,,
56667,INTERCOM-AS,3072,0.00,,,ipv4,DA,1.000,,,
57113,TVIPTEL-AS mtw,3072,0.00,,,ipv4,MOS,1.000,,,
57174,SETISERVISY,3072,0.00,,,ipv4,MOW,1.000,,,
57181,ASRTK,3072,0.00,,,ipv4,VLA,1.000,,,
57424,LINENEW-AS,3072,0.00,,,ipv4,MOS,0.918,MOW,0.082,
57489,TELECOM-USLUGI-AS,3072,0.00,,,ipv4,MOS,0.667,MOW,0.333,
57573,GREENATOM,3072,0.00,,,ipv4,MOW,1.000,,,
58219,ASEKUS,3072,0.00,,,ipv4,MOW,1.000,,,
59508,KL-NET,3072,0.00,,,ipv4,MOW,0.656,KYA,0.344,
59600,ATLAS-TELECOM-AS,3072,0.00,,,ipv4,TAM,1.000,,,
59637,ASRSINET,3072,0.00,,,ipv4,MOS,1.000,,,
60072,EGS-TELECOM-AS,3072,0.00,,,ipv4,SAM,0.750,MOW,0.250,
60119,EDINOS-AS,3072,0.00,,,ipv4,ALT,0.500,BU,0.167,
60139,SEVER-TELECOM,3072,0.00,,,ipv4,MOW,0.667,CHE,0.167,
60172,YARNET-KALUGA,3072,0.00,KLU,,ipv4,TUL,0.667,KLU,0.167,
60891,KORYAJMA-MTS-AS,3072,0.00,,,ipv4,SPE,1.000,,,
61068,NECSTEL-AS,3072,0.00,,,ipv4,MOW,0.750,MOS,0.250,
196798,NEWLINETELECOM,3072,0.00,,,ipv4,MOW,1.000,,,
196847,TERMINAL-AS,3072,0.00,,,ipv4,MOS,0.750,MOW,0.250,
199945,RU-RADUGA-M9,3072,0.00,,,ipv4,MOW,1.000,,,
202279,KOMTEL-DPR-AS,3072,0.00,,,ipv4,MOW,0.417,ROS,0.417,
203714,LLCFLEX-AS,3072,0.00,,,ipv4,MOW,0.583,YAR,0.333,
205495,LT-AS,3072,0.00,,,ipv4,MOW,1.000,,,
206385,ANNEX-PRO-AS,3072,0.00,,,ipv4,KDA,0.833,MOW,0.167,
206673,SBERBANK-TELECOM,3072,0.00,,,ipv4,MOW,0.917,MOS,0.083,
207027,EXIMIUS-AS,3072,0.00,,,ipv4,SAR,0.500,SPE,0.500,
207353,RUFORM,3072,0.00,,,ipv4,MOW,0.667,SPE,0.333,
209284,EGS-TELECOMKALUGA-AS,3072,0.00,,,ipv4,SAM,0.667,MOW,0.250,
209788,CONVEX-REGIONS,3072,0.00,,,ipv4,SVE,0.833,MOW,0.167,
214268,ORANGE,3072,0.00,,,ipv4,MOW,0.667,KAM,0.333,
219284,EvgeniiKonstantinov - Evgenii Konstantinov,3072,0.00,,,ipv4,FR,0.250,DE,0.167,
3351,IOFFE-PHYSICAL-THECHICAL-INSTITUTE-AS,2816,0.00,,,ipv4,MOW,0.909,SPE,0.091,
25073,INETKOM-AS,2816,0.00,,,ipv4,SPE,1.000,,,
25381,SVT-AS,2816,0.00,,,ipv4,IRK,0.909,MOW,0.091,
29128,DSIP-AS,2816,0.00,,,ipv4,NVS,0.545,MOW,0.273,
31225,"OBLCOM-AS 117393, Moscow, Russia",2816,0.00,MOW,,ipv4,MOS,0.455,MOW,0.364,
31626,ZVITELECOM-AS,2816,0.00,,,ipv4,MOW,0.818,LIP,0.182,
31720,ENGINET-AS,2816,0.00,,,ipv4,MOW,0.909,MOS,0.091,
33936,SCAT7-AS AS for JSC Severstal-infocom,2816,0.00,,,ipv4,MOW,0.815,SVE,0.182,
34479,TSC-AS High Current Electronics Institute,2816,0.00,,,ipv4,NVS,0.818,TOM,0.182,
40966,L7GUARD-AS L7GUARD Network,2816,0.00,,,ipv4,SPE,0.636,MOW,0.364,
42323,CONNECT-AS,2816,0.00,,,ipv4,MOW,0.727,KEM,0.273,
48667,AKVILON-NET,2816,0.00,,,ipv4,CU,1.000,,,
48873,PROXI-COM as-proxi-com,2816,0.00,,,ipv4,TYU,1.000,,,
49058,DKTEL-PLT-AS,2816,0.00,,,ipv4,MOW,1.000,,,
49444,LUTACOM-AS,2816,0.00,,,ipv4,MOW,0.909,ROS,0.091,
49458,INTELLIN-AS,2816,0.00,,,ipv4,MOW,1.000,,,
49880,NEWTECH-AS,2816,0.00,,,ipv4,OMS,0.909,TA,0.091,
51437,GLAVNIVZ,2816,0.00,,,ipv4,MOW,1.000,,,
56676,MCS-AS,2816,0.00,,,ipv4,VLA,0.909,MOW,0.091,
57371,MASSNET-AS,2816,0.00,,,ipv4,SA,1.000,,,
59574,AS-STUPINO-NET,2816,0.00,,,ipv4,MOS,1.000,,,
197998,AFKGROUP-AS,2816,0.00,,,ipv4,NIZ,1.000,,,
201012,AVITO,2816,0.00,,,ipv4,MOW,1.000,,,
207676,BEST-LINE-AS,2816,0.00,,,ipv4,MOS,0.727,MOW,0.273,
209393,DONTEL-AS,2816,0.00,,,ipv4,DA,0.909,ROS,0.091,
215314,HELOU-AS,2816,0.00,,,ipv4,MOW,0.727,KB,0.091,
8568,MMT-AS,2560,0.00,,,ipv4,MOW,1.000,,,
13077,NCFU,2560,0.00,,,ipv4,MOW,0.600,STA,0.400,
15508,NOVOSOFT-AS,2560,0.00,,,ipv4,NVS,1.000,,,
20688,CHUDO-TELECOM-AS,2560,0.00,,,ipv4,SAM,1.000,,,
24758,MICROEL-AS,2560,0.00,,,ipv4,ROS,1.000,,,
25251,ARTCON-AS Alpha Online Team,2560,0.00,,,ipv4,MOW,1.000,,,
28809,NAUKANET-AS,2560,0.00,,,ipv4,MOW,1.000,,,
30856,RU-NTMK-AS,2560,0.00,,,ipv4,SVE,1.000,,,
34192,TRANSITEC,2560,0.00,,,ipv4,MOW,1.000,,,
39749,BEFREE-AS,2560,0.00,,,ipv4,SPE,0.600,MOW,0.400,
41311,CSIT-AS,2560,0.00,,,ipv4,KK,1.000,,,
43265,RNTELECOM 420044 Russia Kazan,2560,0.00,TA,TA,ipv4,TA,1.000,,,1.000
44542,COUNTRYCOM,2560,0.00,,,ipv4,MOW,1.000,,,
44678,TVT-NET,2560,0.00,,,ipv4,MOS,1.000,,,
44811,AVANTEL-NIZHNEVARTOVSK-ASN,2560,0.00,,KHM,ipv4,KHM,0.900,MOW,0.100,0.900
45046,ISATEL-AS,2560,0.00,,,ipv4,MOW,1.000,,,
47203,KTKRU-AS JSC CrimeaTelecom,2560,0.00,,,ipv4,RU,0.600,KDA,0.200,
48124,COMSTAR-REGIONS-TVER,2560,0.00,TVE,TVE,ipv4,TVE,0.700,MOW,0.300,0.700
48366,INFOROOM,2560,0.00,,,ipv4,VOR,1.000,,,
49439,LINK-SPB-AS,2560,0.00,,,ipv4,LEN,1.000,,,
49478,PROVODOV_NET-AS,2560,0.00,,,ipv4,AD,0.900,KDA,0.100,
49701,RIA-LINK-AS,2560,0.00,,,ipv4,BRY,1.000,,,
50029,TELECOM,2560,0.00,,,ipv4,VGG,1.000,,,
50577,INTELSC-AS,2560,0.00,,,ipv4,MOS,1.000,,,
50712,KAVKAZNET,2560,0.00,,,ipv4,STA,1.000,,,
50760,MOZHAISKNET,2560,0.00,,,ipv4,MOS,1.000,,,
51054,TRANSCOM,2560,0.00,,,ipv4,MOS,0.900,KDA,0.100,
52040,KITEJ-TELECOM-AS,2560,0.00,,,ipv4,NIZ,1.000,,,
57918,ACOD-AS,2560,0.00,,,ipv4,MOW,1.000,,,
60245,NET-23NET-AS,2560,0.00,,,ipv4,TYU,0.700,KDA,0.100,
62169,SMARTENGIN-AS,2560,0.00,,,ipv4,MOW,1.000,,,
210078,INFORMHOLDING-AS,2560,0.00,,,ipv4,MOW,1.000,,,
210135,YUG-TELECOM-K-AS,2560,0.00,,,ipv4,KDA,0.500,ROS,0.500,
13296,INNOR-AS,2304,0.00,,,ipv4,PER,0.667,ORE,0.333,
28738,INTERLAN-AS,2304,0.00,,,ipv4,MOW,0.889,MOS,0.111,
29196,ENGINEER-NETWORKS-TELECOM-RU-AS,2304,0.00,,,ipv4,CHE,0.778,MOW,0.222,
31277,NEWLINE-AS,2304,0.00,,,ipv4,SPE,1.000,,,
39503,SPBPU-AS,2304,0.00,,,ipv4,SPE,0.889,MOW,0.111,
39529,MTRX-ALCHEVSK-AS,2304,0.00,,,ipv4,AD,1.000,,,
41554,LEGIONCOM-AS www.legioncom.ru,2304,0.00,,,ipv4,MOW,1.000,,,
43201,TELEMATIKA-AS,2304,0.00,,,ipv4,ROS,0.667,MOW,0.333,
43275,UNET-AS Ural-Net JSC Vimpelcom,2304,0.00,,,ipv4,CHE,0.889,MOW,0.111,
43728,TLS-NET-MOZHGA-AS,2304,0.00,,,ipv4,UD,1.000,,,
43740,ZTK-AS,2304,0.00,,,ipv4,MOW,0.556,TUL,0.444,
44386,OZON-AS,2304,0.00,,,ipv4,MOW,0.889,ROS,0.111,
44705,ONS-AS,2304,0.00,,,ipv4,MOW,0.778,MOS,0.222,
44913,KAINTERNET-AS,2304,0.00,,,ipv4,MOW,1.000,,,
44988,KOVROV-NET-AS,2304,0.00,,VLA,ipv4,VLA,1.000,,,1.000
48322,SVSK-STREAM,2304,0.00,,,ipv4,ARK,0.889,SPE,0.111,
48978,ORBITEL-AS,2304,0.00,,,ipv4,KGN,1.000,,,
49469,MI-LLC,2304,0.00,,,ipv4,KEM,0.889,TA,0.111,
49848,SVYAZ-AS,2304,0.00,,,ipv4,KDA,1.000,,,
57742,ASTVT,2304,0.00,,,ipv4,MOS,0.889,MOW,0.111,
59616,BAIKAL-TELEPORT-AS,2304,0.00,,,ipv4,IRK,0.778,MOW,0.222,
60162,CLOUDDC-AS,2304,0.00,,,ipv4,MOW,0.778,RYA,0.222,
60740,TCTR-AS,2304,0.00,,,ipv4,SA,0.889,AMU,0.111,
62040,ITK-AS,2304,0.00,,,ipv4,ROS,1.000,,,
197074,ASINTELCOM,2304,0.00,,,ipv4,ALT,1.000,,,
197535,SVYAZENERGO-AS,2304,0.00,,,ipv4,TA,0.667,MOW,0.333,
198769,LLC3DATADC,2304,0.00,,,ipv4,MOW,1.000,,,
200982,ZT-TOMSK-AS,2304,0.00,TOM,,ipv4,TOM,0.556,STA,0.444,
201123,ZT-UFA-AS,2304,0.00,,BA,ipv4,BA,1.000,,,1.000
203695,ISP-AS,2304,0.00,,,ipv4,DA,1.000,,,
205460,RG-SV,2304,0.00,,,ipv4,MOW,1.000,,,
207165,OOO5COM,2304,0.00,,,ipv4,DA,1.000,,,
207168,BUSINESS-TRADE-AS,2304,0.00,,,ipv4,SPE,1.000,,,
207986,OZON-BANK-AS,2304,0.00,,,ipv4,MOW,1.000,,,
216033,GIGABYTE-AS-2,2304,0.00,,,ipv4,AD,1.000,,,
219202,NEUROSIGNAL-AS - NEUROSIGNAL LLC,2304,0.00,,,ipv4,MOW,0.667,BU,0.111,
2148,ITEP Institute of Theoretical and Experimental Physics,2048,0.00,,,ipv4,MOW,1.000,,,
3325,"KFU Kazan, Russia",2048,0.00,TA,,ipv4,TA,1.000,,,
3335,NSU-AS,2048,0.00,,,ipv4,NVS,1.000,,,
8299,"INFOTEL-AS Moscow, Russia",2048,0.00,MOW,,ipv4,MOW,1.000,,,
8382,IRTEL-AS PJSC Rostelecom. Irkutsk branch,2048,0.00,IRK,IRK,ipv4,IRK,0.750,NVS,0.250,0.750
8654,CRIMEAINFOCOM-AS,2048,0.00,,,ipv4,KDA,0.875,MOW,0.125,
8941,MRSU-AS,2048,0.00,,,ipv4,MO,0.625,MOW,0.375,
16012,MTSCENTER-AS,2048,0.00,,,ipv4,MOW,1.000,,,
20549,FREE-MPEI,2048,0.00,,,ipv4,MOW,1.000,,,
21023,UPB-AS is a regional Chelyabinsk bank,2048,0.00,CHE,,ipv4,MOW,0.500,RYA,0.500,
21418,HARVESTR-AS,2048,0.00,,,ipv4,MOW,1.000,,,
25341,LINIYA-AS,2048,0.00,,,ipv4,MOW,1.000,,,
25474,OKB-TELECOM-AS,2048,0.00,,,ipv4,MOW,1.000,,,
25530,"ASN-SFT CJSC SFT Company, Moscow, Russia",2048,0.00,MOW,,ipv4,MOW,1.000,,,
29363,DALMATOVO-AS,2048,0.00,,,ipv4,KGN,1.000,,,
31503,ASMASTERIT,2048,0.00,,,ipv4,SPE,1.000,,,
34545,MTSLINK,2048,0.00,,,ipv4,MOW,1.000,,,
34644,EXTEL-AS,2048,0.00,,,ipv4,KGD,1.000,,,
34829,NAUKAVIDNOE,2048,0.00,,,ipv4,MOW,1.000,,,
39089,UGLETELECOM-AS,2048,0.00,,,ipv4,ROS,1.000,,,
39539,ASLITPRO,2048,0.00,,,ipv4,MOW,0.750,CU,0.250,
39678,ALLUPNET-AS,2048,0.00,,,ipv4,MOW,0.750,RYA,0.125,
39789,RU-ACTIVE,2048,0.00,,,ipv4,CHE,1.000,,,
41106,TELTEL,2048,0.00,,,ipv4,KDA,1.000,,,
41118,ROSATOM,2048,0.00,,,ipv4,MOW,1.000,,,
41443,SMART-TELEKOM-AS,2048,0.00,,,ipv4,MOW,1.000,,,
41904,LLC12BIT-AS 12BIT Small ISP in Novy Urengoy Russia,2048,0.00,,YAN,ipv4,YAN,1.000,,,1.000
41938,RTCOMM-VOLGA-URAL-AS,2048,0.00,,,ipv4,BA,1.000,,,
42141,GERMES-TELECOM-AS,2048,0.00,,,ipv4,MOW,1.000,,,
42144,NTIK-AS,2048,0.00,,,ipv4,SPE,1.000,,,
42408,TSV-AS,2048,0.00,,,ipv4,NVS,1.000,,,
42527,EXPERT-SYSTEMA-AS,2048,0.00,,,ipv4,SPE,1.000,,,
42753,MTK-ERA-AS,2048,0.00,,,ipv4,MOW,0.875,NIZ,0.125,
42827,COMPLEXTELESYS-AS,2048,0.00,,,ipv4,SPE,1.000,,,
42972,"CPCR-AS Moscow, Russian Federation",2048,0.00,MOW,,ipv4,MOW,1.000,,,
42988,TPSERV-AS,2048,0.00,,,ipv4,RYA,0.625,MOW,0.375,
43020,CLINES-AS,2048,0.00,,,ipv4,IVA,0.625,MOS,0.375,
43087,SPECKLESS-AS,2048,0.00,,,ipv4,ROS,1.000,,,
43318,SERVTEL-AS,2048,0.00,,,ipv4,NVS,1.000,,,
43678,GTEL-AS,2048,0.00,,,ipv4,MOW,1.000,,,
43812,MAGSET-AS,2048,0.00,,,ipv4,CHE,1.000,,,
44041,UNICOMLAB-AS,2048,0.00,,,ipv4,MOW,0.875,MOS,0.125,
44046,TVERLINE-AS,2048,0.00,,,ipv4,TVE,1.000,,,
44232,RDMOS-AS Radisson Moscow AS,2048,0.00,MOW,,ipv4,MOW,1.000,,,
44276,DCL-AS,2048,0.00,,,ipv4,KRS,0.863,MOW,0.137,
44492,MKTECHNOLOGIYA-AS,2048,0.00,,,ipv4,CHE,1.000,,,
44572,PARMATEL-AS,2048,0.00,,,ipv4,KO,1.000,,,
44634,SIBSVST-AS Networks and communication systems,2048,0.00,,,ipv4,NVS,1.000,,,
44640,CACTUS-AS,2048,0.00,,,ipv4,SPE,0.750,LEN,0.250,
44699,STROITELNAYA_INNOVACIA,2048,0.00,,,ipv4,MOW,1.000,,,
47104,PROLINK,2048,0.00,,,ipv4,MOS,1.000,,,
47204,MCS-AS,2048,0.00,,,ipv4,NVS,0.500,MOW,0.375,
47321,IIF-AS,2048,0.00,,,ipv4,MOS,0.750,MOW,0.125,
47363,YUNTA-AS,2048,0.00,,,ipv4,SPE,1.000,,,
47370,SOTRUDNIK-PLUS-AS,2048,0.00,,,ipv4,ALT,1.000,,,
47620,TEHNOAS,2048,0.00,,,ipv4,MOW,0.516,VLG,0.484,
47911,ERTH-AS JSC ER-Telecom Holding,2048,0.00,,,ipv4,BA,1.000,,,
48034,IP-AGABALOV-AS,2048,0.00,,,ipv4,KDA,1.000,,,
48050,OPTYMA-AS,2048,0.00,,,ipv4,MOW,1.000,,,
48089,INFANET-AS,2048,0.00,,,ipv4,CU,1.000,,,
48100,MKS-NSK,2048,0.00,,NVS,ipv4,NVS,0.500,KK,0.250,0.500
48143,MIRANTIS-AS,2048,0.00,,,ipv4,MOW,0.750,UA,0.250,
48379,RSUOG-AS,2048,0.00,,,ipv4,MOW,1.000,,,
48507,SIBMEDIAFON-AS,2048,0.00,,,ipv4,KYA,0.750,MOW,0.250,
48687,TERRA-IPM,2048,0.00,,,ipv4,ROS,0.625,MOW,0.375,
49253,BRINGO-AS,2048,0.00,,,ipv4,MOW,1.000,,,
49255,TELEGLOBAL-AS,2048,0.00,,,ipv4,SPE,0.875,MOW,0.125,
49311,RTS-AS,2048,0.00,,,ipv4,RYA,1.000,,,
49729,MODULBANK-AS,2048,0.00,,,ipv4,MOW,0.500,NGR,0.500,
49834,BESTHOSTING,2048,0.00,,,ipv4,LEN,1.000,,,
50092,DRLINE-AS,2048,0.00,,,ipv4,MOS,1.000,,,
50141,SKB-AS,2048,0.00,,,ipv4,SVE,1.000,,,
50182,PROXIMA_NETWORK,2048,0.00,,,ipv4,MOS,1.000,,,
50342,KAMAZ-DT-NET,2048,0.00,,,ipv4,TA,1.000,,,
50374,RN-INFORM,2048,0.00,,,ipv4,MOW,1.000,,,
50442,AXIOMA,2048,0.00,,,ipv4,KYA,1.000,,,
50471,SVIAZ-INDUSTRIYA-AS,2048,0.00,,,ipv4,MOW,1.000,,,
50539,TELEMATIKA-AS,2048,0.00,,,ipv4,KHM,1.000,,,
50568,RU-CCI,2048,0.00,,,ipv4,SPE,1.000,,,
50600,INET-AS,2048,0.00,,,ipv4,SPE,1.000,,,
50639,ARS-AS,2048,0.00,,,ipv4,CHU,1.000,,,
50672,FORMULA-SVIAZY-AS,2048,0.00,,,ipv4,MOS,1.000,,,
50713,FWDTELECOM-AS,2048,0.00,,,ipv4,MOW,1.000,,,
50732,LINEVO-AS,2048,0.00,,,ipv4,NVS,1.000,,,
50870,TELEINCOM,2048,0.00,,,ipv4,SPE,1.000,,,
51011,P-T-K-AS,2048,0.00,,,ipv4,MOW,1.000,,,
51015,IP-ANDREEV-AS,2048,0.00,,,ipv4,ROS,1.000,,,
51041,ASLANAMAR,2048,0.00,,,ipv4,SPE,1.000,,,
51112,OSS-LTD-AS,2048,0.00,,,ipv4,GE,1.000,,,
51133,MEDIAGRAND-AS,2048,0.00,,,ipv4,AD,1.000,,,
51525,ASITLTD,2048,0.00,,,ipv4,IVA,1.000,,,
51532,TEVIA-AS,2048,0.00,,,ipv4,MOW,1.000,,,
51624,ITC21VEK-AS,2048,0.00,,,ipv4,KDA,0.875,ROS,0.125,
51836,ASNEMIYA,2048,0.00,,,ipv4,SPE,1.000,,,
51904,UTEX-AS,2048,0.00,,,ipv4,MOW,0.625,MOS,0.375,
56480,"PWRS-AS Moscow, Russian Federation",2048,0.00,MOW,,ipv4,MOW,1.000,,,
56535,ALPARI-AS,2048,0.00,,,ipv4,IRK,1.000,,,
56541,KOMETA-AS,2048,0.00,,,ipv4,BEL,1.000,,,
56779,ASDRUZHBA,2048,0.00,,,ipv4,MOS,1.000,,,
57123,GARANT-AS,2048,0.00,,,ipv4,SVE,1.000,,,
57209,FKOM-AS,2048,0.00,,,ipv4,MOS,1.000,,,
57383,ASTERRANET,2048,0.00,,,ipv4,ROS,1.000,,,
57471,TRANS-INTERCOM-V-AS,2048,0.00,,,ipv4,SMO,1.000,,,
57583,ASVASHNET,2048,0.00,,,ipv4,SPE,1.000,,,
57730,ASPAGERCOM,2048,0.00,,,ipv4,NVS,1.000,,,
57753,RADIST-AS,2048,0.00,,,ipv4,KDA,1.000,,,
57812,YAKOVLEV-SS-AS,2048,0.00,,,ipv4,KEM,1.000,,,
57827,ASSKOMPLEKT,2048,0.00,,,ipv4,ZAB,1.000,,,
57843,INTERLOGICA-LTD-AS,2048,0.00,,,ipv4,MOW,0.500,SAM,0.500,
57847,ASPECHAYKOF,2048,0.00,,,ipv4,UA,0.750,MOW,0.125,
57919,ASWICOM,2048,0.00,,,ipv4,MOW,1.000,,,
57990,ASALIEV,2048,0.00,,,ipv4,VGG,0.875,DA,0.125,
58304,ASKTS,2048,0.00,,,ipv4,ZAB,1.000,,,
59440,LIGHTPORT,2048,0.00,,,ipv4,SPE,1.000,,,
59476,ASROSINTRA,2048,0.00,,,ipv4,MOW,1.000,,,
59502,SO-AS,2048,0.00,,,ipv4,VLA,1.000,,,
60165,DIALOG-AS,2048,0.00,,,ipv4,LEN,1.000,,,
61152,FREEDH-AS,2048,0.00,,,ipv4,SPE,1.000,,,
61396,OKNO-TV-AS,2048,0.00,,,ipv4,MOS,1.000,,,
62010,THREEDATA-AS,2048,0.00,,,ipv4,MOW,1.000,,,
196726,AVIANET,2048,0.00,,,ipv4,SPE,1.000,,,
196812,SIGMA-AS,2048,0.00,,,ipv4,KYA,1.000,,,
196894,"CITTO-AS Tyumen, Russia",2048,0.00,TYU,,ipv4,TYU,1.000,,,
197150,MCRBN-AS,2048,0.00,,,ipv4,MOW,1.000,,,
197315,ASRPK,2048,0.00,,,ipv4,YAR,1.000,,,
197406,ASTELECOMLTD,2048,0.00,,,ipv4,CU,1.000,,,
197460,ZENCOM-AS FORTEX,2048,0.00,,,ipv4,MOS,1.000,,,
197499,PIVOVAR-AS,2048,0.00,,,ipv4,KDA,1.000,,,
197718,ELEKTRON-AS,2048,0.00,,,ipv4,KLU,1.000,,,
197768,SIBSTRIN-AS,2048,0.00,,,ipv4,NVS,1.000,,,
197969,MARSAT-AS,2048,0.00,,,ipv4,MOW,1.000,,,
198185,LIGALINK-AS,2048,0.00,,,ipv4,MOS,1.000,,,
198415,KOMPLEX-INFO,2048,0.00,,,ipv4,NIZ,1.000,,,
198563,ASPASSIMSERVIS,2048,0.00,,,ipv4,IVA,1.000,,,
198626,NCG-AS,2048,0.00,,,ipv4,MOW,0.828,SPE,0.172,
198757,ASVYATKATELEKOM,2048,0.00,,,ipv4,KIR,0.750,NIZ,0.250,
198791,LIGHTNET-AS,2048,0.00,,,ipv4,CHE,1.000,,,
199020,ASAVANT,2048,0.00,,,ipv4,KRS,1.000,,,
199021,ASKOMTEKS,2048,0.00,,,ipv4,MOS,1.000,,,
199582,A101,2048,0.00,,,ipv4,MOW,1.000,,,
200524,NETPLUS2-AS,2048,0.00,,,ipv4,MOW,1.000,,,
200685,SENATOR-32-AS,2048,0.00,,,ipv4,MOW,0.875,SPE,0.125,
201147,DAGSVYAZ-TELECOM,2048,0.00,,,ipv4,DA,1.000,,,
201285,KIRZHACHTELECOM-AS,2048,0.00,,,ipv4,VLA,0.750,MOS,0.250,
205652,KGKUCIT,2048,0.00,,,ipv4,KYA,0.500,MOW,0.500,
206012,AXIOSTV-AS --- UpStreams ---,2048,0.00,,,ipv4,LIP,0.875,TA,0.125,
208803,ACN,2048,0.00,,,ipv4,BEL,1.000,,,
209420,START-AS,2048,0.00,,,ipv4,SPE,1.000,,,
209746,CONVEX-NOVOURALSK,2048,0.00,,,ipv4,MOW,0.625,SVE,0.375,
210109,KURGAN-TELECOM-AS,2048,0.00,KGN,KGN,ipv4,KGN,1.000,,,1.000
212264,ZOLOTAYA-KORONA,2048,0.00,,,ipv4,NVS,1.000,,,
214325,T-TELECOM-AS,2048,0.00,,,ipv4,MOW,0.750,TOM,0.250,
214429,SEVER-TELECOM-YAR,2048,0.00,,,ipv4,MOW,0.875,YAR,0.125,
215623,LUGALINK,2048,0.00,,,ipv4,ROS,0.750,MOW,0.125,
15599,AVANTEL-NEFTEUGANSK-ASN,1792,0.00,,,ipv4,MOW,0.857,KHM,0.143,
20793,RTL-LLC,1792,0.00,,,ipv4,MOW,1.000,,,
21231,"AEROFLOT Russia, Moscow",1792,0.00,MOW,,ipv4,MOW,1.000,,,
30943,BIGWEB-AS BIGWEB Network,1792,0.00,,,ipv4,SPE,1.000,,,
31314,DGS-AS,1792,0.00,,,ipv4,TOM,1.000,,,
31512,LOGICA-AS,1792,0.00,,,ipv4,PRI,1.000,,,
31703,INTERMAX-AS,1792,0.00,,,ipv4,SPE,1.000,,,
41475,SDK-AS Atmospherica,1792,0.00,,,ipv4,MOW,1.000,,,
41718,VITRINATV-AS,1792,0.00,,,ipv4,MOW,1.000,,,
42484,NAUKANET-AS,1792,0.00,,,ipv4,MOW,1.000,,,
43330,FOKIN,1792,0.00,,,ipv4,ALT,0.714,PRI,0.286,
44429,MXTEL-AS,1792,0.00,,,ipv4,MOW,1.000,,,
47379,"SITS-AS Moscow, Russia",1792,0.00,MOW,,ipv4,MOW,1.000,,,
47656,AST-SYSTEMS-AS,1792,0.00,,,ipv4,AST,1.000,,,
48030,MIN-AS,1792,0.00,,,ipv4,MOW,1.000,,,
48148,SAINF-AS,1792,0.00,,,ipv4,ULY,0.857,MOW,0.143,
48197,UNISTREAM-AS,1792,0.00,,,ipv4,MOW,1.000,,,
48720,VTSL1-AS,1792,0.00,,,ipv4,MOW,0.714,SVE,0.286,
48758,FIBRENET-AS,1792,0.00,,,ipv4,TOM,0.857,MOW,0.143,
49502,ART-INVEST-AS,1792,0.00,,,ipv4,VLA,1.000,,,
50809,CMS-AS,1792,0.00,,,ipv4,KK,1.000,,,
51309,INTERFAX,1792,0.00,,,ipv4,MOW,1.000,,,
51665,TELEDISCOUNT,1792,0.00,,,ipv4,MOW,1.000,,,
51705,MOSKOVIA-TELECOM-NET,1792,0.00,,,ipv4,MOS,1.000,,,
56669,NNGS-AS,1792,0.00,,,ipv4,MOW,0.857,SPE,0.143,
56947,INTERNETSS-AS,1792,0.00,,,ipv4,SVE,1.000,,,
57452,SUMMIT-SYSTEMS-AS,1792,0.00,,,ipv4,MOW,0.857,MOS,0.143,
57835,FGUP-ELEKTROSVYAZ-AS,1792,0.00,,,ipv4,CE,1.000,,,
58238,MKS-AS,1792,0.00,,,ipv4,MOS,0.714,MOW,0.143,
60151,RARUS-AS,1792,0.00,,,ipv4,MOW,1.000,,,
61031,ESCOMTEL-AS,1792,0.00,,,ipv4,TYU,0.571,SVE,0.429,
62366,STOLICA-AS,1792,0.00,,,ipv4,MOW,1.000,,,
64429,OPTIKNET-AS,1792,0.00,,,ipv4,ROS,1.000,,,
197015,DOMINION-AS,1792,0.00,,,ipv4,ROS,0.714,VLA,0.286,
202497,GORSTROY-AS,1792,0.00,,,ipv4,ROS,1.000,,,
202838,INTERCOM,1792,0.00,,,ipv4,DA,0.857,MOW,0.143,
205822,DEVINOTELECOM-AS,1792,0.00,,,ipv4,MOW,1.000,,,
205998,SKYTEL-AS,1792,0.00,,,ipv4,SPE,0.857,LEN,0.143,
208142,ROCKET-TELECOM-AS,1792,0.00,,,ipv4,MOW,0.571,KDA,0.429,
209930,DSP,1792,0.00,,,ipv4,MOW,1.000,,,
210028,CS,1792,0.00,,,ipv4,MOW,1.000,,,
211642,ADMINVPS,1792,0.00,,,ipv4,MOW,1.000,,,
212093,FATTAKHOV,1792,0.00,,,ipv4,MOW,0.857,PER,0.143,
215179,SHLLC-AS,1792,0.00,,,ipv4,SPE,1.000,,,
216068,BEAPI,1792,0.00,,,ipv4,US,0.571,MOS,0.143,
219506,TURTLEGUARD-CLOUD-AS - Vladislav Doniy,1792,0.00,,,ipv4,MOW,0.286,NL,0.286,
3285,HOME-IP,1536,0.00,,,ipv4,SPE,1.000,,,
6672,ASRELCOMSPB,1536,0.00,,,ipv4,SPE,1.000,,,
8480,USATU-AS Ufa State Aviation Technical University,1536,0.00,,,ipv4,BA,1.000,,,
8630,CHUVSU,1536,0.00,,,ipv4,CU,1.000,,,
12500,"RCS-PNZ-AS Russia, Penza, Pushkina, 3",1536,0.00,PNZ,,ipv4,MOW,0.651,RYA,0.349,
12507,SWIFT-TRACE-AS,1536,0.00,,,ipv4,LEN,1.000,,,
15850,AS15850 - Cyberplat OOO,1536,0.00,,,ipv4,MOW,0.667,CH,0.167,
24866,CLOUD-MEGAFON PJSC MegaFon,1536,0.00,,,ipv4,MOW,1.000,,,
28800,MIREA,1536,0.00,,,ipv4,MOW,1.000,,,
29184,IGRA-SERVICE-AS-UL,1536,0.00,,,ipv4,KYA,0.833,ULY,0.167,
30853,"METEOTELECOM Moscow, Russia",1536,0.00,MOW,,ipv4,MOW,1.000,,,
31738,NRCDE-AS,1536,0.00,,,ipv4,NVS,1.000,,,
33908,KIROVTELECOM,1536,0.00,,,ipv4,SPE,0.833,MOW,0.167,
34322,VIKMASTER-AS,1536,0.00,,,ipv4,SVE,1.000,,,
35640,MIGRAPH-AS PITER-IX-FV,1536,0.00,,,ipv4,MOW,0.667,MOS,0.333,
38959,RLNK-AS,1536,0.00,,,ipv4,UD,1.000,,,
39434,OPTIKA-TELECOM,1536,0.00,,,ipv4,DA,0.833,VGG,0.167,
39853,NNGS2-AS,1536,0.00,,,ipv4,MOW,1.000,,,
41024,STNSK-AS,1536,0.00,,,ipv4,NVS,1.000,,,
41082,URALTRANSCOM-AS,1536,0.00,,,ipv4,SVE,1.000,,,
41098,NETFOX-AS,1536,0.00,,,ipv4,SPE,1.000,,,
41190,IDEATELECOM CJSC IDEATELECOM,1536,0.00,,,ipv4,TA,0.833,MOW,0.167,
41706,ROSNEFT-AS,1536,0.00,,,ipv4,MOW,1.000,,,
42393,SVYAZKONTRAKT-AS,1536,0.00,,,ipv4,IVA,1.000,,,
43712,OPENSYSTEMS-AS --- Peers ---,1536,0.00,,,ipv4,IVA,1.000,,,
44149,UBILINK-AS,1536,0.00,,,ipv4,KDA,1.000,,,
44310,SMH-AS,1536,0.00,,,ipv4,NVS,0.833,MOW,0.167,
44341,SEVONLINE,1536,0.00,,,ipv4,MOW,1.000,,,
44772,INTSG-AS,1536,0.00,,,ipv4,MOW,0.833,MOS,0.167,
47117,SIBLINE-AS,1536,0.00,,,ipv4,LEN,1.000,,,
47323,PIONEERNET,1536,0.00,,,ipv4,MOW,0.833,MOS,0.167,
47522,LLC_NETFORT-AS,1536,0.00,,,ipv4,MOW,1.000,,,
47618,PTK,1536,0.00,,,ipv4,PNZ,1.000,,,
47711,LINEGROUP-AS,1536,0.00,,,ipv4,MOS,1.000,,,
47733,MNEXM-AS,1536,0.00,,,ipv4,CHE,1.000,,,
48365,NUR-AS,1536,0.00,,,ipv4,IN,1.000,,,
48604,PRIME-TELECOM-AS,1536,0.00,,,ipv4,SPE,0.833,LEN,0.167,
48796,COMSTAR-R-SML-AS,1536,0.00,,,ipv4,SMO,0.667,MOW,0.333,
49055,NEWIT-AS,1536,0.00,,,ipv4,UD,0.833,BEL,0.167,
49199,RIPN,1536,0.00,,,ipv4,MOW,1.000,,,
49261,SVS-TELECOM-AS,1536,0.00,,,ipv4,MOS,0.667,YAR,0.333,
49381,COM-SITE,1536,0.00,,,ipv4,SAM,1.000,,,
49426,LINTECSAS1-AS,1536,0.00,,,ipv4,SPE,0.833,CE,0.167,
49568,INFORMSYAZ-AS,1536,0.00,,,ipv4,SVE,1.000,,,
49673,TRUENETWORK Truenetwork Infrastructure,1536,0.00,,,ipv4,MOW,0.500,KYA,0.333,
49925,STHNET-AS,1536,0.00,,,ipv4,MOS,1.000,,,
50516,MAXIPLACE-AS,1536,0.00,,,ipv4,MOW,1.000,,,
50676,TELCOMNET,1536,0.00,,,ipv4,CHE,1.000,,,
56451,TELEKEY-S-AS,1536,0.00,,,ipv4,KK,1.000,,,
57246,WELLTELECOM,1536,0.00,,,ipv4,MOW,0.667,LEN,0.333,
57393,VIVA-AS,1536,0.00,,,ipv4,LEN,0.667,MOW,0.333,
57420,FORATELECOM-AS,1536,0.00,,,ipv4,MOW,1.000,,,
57552,ONRELA-AS,1536,0.00,,,ipv4,AL,0.667,OMS,0.333,
57562,PULS-KT-AS,1536,0.00,,,ipv4,ROS,0.667,MOW,0.333,
57580,SRCI-MID-RF-AS,1536,0.00,,,ipv4,MOW,1.000,,,
57725,NOROSHKIN-AS,1536,0.00,,,ipv4,SVE,1.000,,,
57898,ASCOMPUTERTRADE,1536,0.00,,,ipv4,PRI,0.833,SVE,0.167,
58084,NEWCONTACT-AS,1536,0.00,,,ipv4,MOW,1.000,,,
59498,TERALINESVIAZ-AS,1536,0.00,,,ipv4,MOW,1.000,,,
59517,ASMULTISTREAM,1536,0.00,,,ipv4,VLG,1.000,,,
59665,ULTRATEL-AS,1536,0.00,,,ipv4,MOS,1.000,,,
59734,INET-RU-AS,1536,0.00,,,ipv4,MOS,0.667,MOW,0.333,
59744,RU-CRIMEANET-AS,1536,0.00,,,ipv4,RU,1.000,,,
60612,ALBATROS-AS,1536,0.00,,,ipv4,NIZ,1.000,,,
60826,STOLOTO,1536,0.00,,,ipv4,MOW,1.000,,,
61406,RTA-TELECOM-AS,1536,0.00,,,ipv4,IRK,1.000,,,
61960,CLOUDLAB-AS,1536,0.00,,,ipv4,MOW,1.000,,,
62340,INFOTELECOM-SP-AS,1536,0.00,,,ipv4,MOS,1.000,,,
62459,DUBROVKA-AS,1536,0.00,,,ipv4,MOW,1.000,,,
197152,LLCSIMSTAR2,1536,0.00,,,ipv4,ROS,0.500,RU,0.333,
197165,HORIZONVPS-AS - Khachatryan Armen Martirosovich,1536,0.00,,,ipv4,MOW,1.000,,,
197482,DGIS,1536,0.00,,,ipv4,NVS,1.000,,,
197826,SKYNET-MSK-AS,1536,0.00,,,ipv4,MOS,0.667,MOW,0.333,
197960,MEGANET,1536,0.00,,,ipv4,UA,1.000,,,
198918,MST-ZELDOL-AS MST Moskva Zeldol,1536,0.00,,,ipv4,TA,0.500,TY,0.333,
199458,RUSBUILDING,1536,0.00,,,ipv4,DE,0.500,NL,0.333,
200953,ZT-VLAD-AS,1536,0.00,,,ipv4,STA,0.667,MOW,0.333,
201186,DINET-PROTECT-AS,1536,0.00,,,ipv4,IN,0.667,MOW,0.333,
201224,SKYPROX-AS,1536,0.00,,,ipv4,VLA,1.000,,,
201294,INTERKONEKT-AS,1536,0.00,,,ipv4,KOS,1.000,,,
202011,ENPLUS-TELECOM,1536,0.00,,,ipv4,KYA,0.667,IRK,0.333,
204297,BSTK-AS,1536,0.00,,,ipv4,BEL,0.656,MOW,0.344,
204735,BOBRTELECOM-AS,1536,0.00,,,ipv4,MOS,0.667,MOW,0.333,
205553,MA1267-AS,1536,0.00,,,ipv4,SPE,0.833,RYA,0.167,
205922,BITREKAS,1536,0.00,,,ipv4,KDA,1.000,,,
206810,UGLETELECOM,1536,0.00,,,ipv4,ROS,0.833,AD,0.167,
208087,EDINOS-AS,1536,0.00,,,ipv4,BU,1.000,,,
208221,ORIONNET-BRK,1536,0.00,,,ipv4,KYA,0.833,IRK,0.167,
208777,RU-LANCLOUD-AS01,1536,0.00,,,ipv4,MOW,1.000,,,
208825,REDLN-AS,1536,0.00,,,ipv4,MOW,0.833,MOS,0.167,
208838,DOMSET,1536,0.00,,,ipv4,KDA,0.500,MOW,0.500,
208981,DPC24,1536,0.00,,,ipv4,YAR,1.000,,,
209030,KL-KDP,1536,0.00,,,ipv4,MOW,1.000,,,
211134,AS-INTERSYS,1536,0.00,,,ipv4,SPE,0.500,MOS,0.333,
211530,CLOUDSTACK,1536,0.00,,,ipv4,MOW,1.000,,,
212675,AS-ITGLOBALCOM-KZ ITGLOBAL.COM Kazakhstan,1536,0.00,,,ipv4,KZ,1.000,,,
213348,OPTEL-AS,1536,0.00,,,ipv4,KDA,1.000,,,
213624,NET-SPACE-AS,1536,0.00,,,ipv4,BEL,0.667,MOW,0.333,
213694,INLAN-AS,1536,0.00,,,ipv4,ROS,0.833,SPE,0.167,
213890,NOVOROS-AS,1536,0.00,,,ipv4,KHA,0.500,MOS,0.500,
214173,SEVER-TELECOM-SPB,1536,0.00,,SPE,ipv4,MOW,0.667,SPE,0.333,0.333
218749,CYBERLAB-AS - CYBERLAB LLC,1536,0.00,,,ipv4,MOW,0.500,NL,0.500,
219291,OTETE-RU-ASN - OTT LLC,1536,0.00,,,ipv4,KEM,1.000,,,
3312,ELEKTRA-AS Elektra network,1280,0.00,,,ipv4,MOW,1.000,,,
8790,PETRSU-AS,1280,0.00,,,ipv4,KR,0.800,MOW,0.200,
9032,"LIDER-RF-DC Moscow, Russia",1280,0.00,MOW,,ipv4,MOW,1.000,,,
12686,ROSBANK-AS,1280,0.00,,,ipv4,MOW,0.800,MOS,0.200,
12770,KHB1,1280,0.00,,,ipv4,KHA,1.000,,,
20698,AVTODOR,1280,0.00,,,ipv4,MOW,0.903,SPE,0.097,
20720,TOL-AS,1280,0.00,,,ipv4,TA,1.000,,,
21105,RTK-TRANZIT RTK-Tranzit,1280,0.00,,,ipv4,PRI,0.800,SAR,0.200,
23242,CITYT-RU-AS,1280,0.00,,,ipv4,MOS,1.000,,,
24658,IVC-AS,1280,0.00,,,ipv4,NIZ,0.800,MOW,0.200,
25437,ALCOM-AS Krasnodar,1280,0.00,KDA,,ipv4,AD,0.600,KDA,0.400,
29426,CONNECTO-AS,1280,0.00,,,ipv4,MOW,1.000,,,
34246,RU_FORWARD_ENERGY_CHL,1280,0.00,,,ipv4,MOW,0.600,CHE,0.400,
34381,METRO-RU-AS Russia,1280,0.00,,,ipv4,DE,0.800,MOW,0.200,
34802,RCCF,1280,0.00,,,ipv4,MOW,1.000,,,
35021,E-STOCK-AS,1280,0.00,,,ipv4,MOW,1.000,,,
35301,CCCMOS-AS,1280,0.00,,,ipv4,MOW,1.000,,,
35473,MTSNET-URAL-AS,1280,0.00,,,ipv4,SVE,1.000,,,
35723,ASN-TTCL,1280,0.00,,,ipv4,MOW,0.800,MOS,0.200,
41338,ROCKTEL,1280,0.00,,,ipv4,SAM,0.600,MOW,0.400,
41460,STSCORP-AS,1280,0.00,,,ipv4,TYU,0.400,CHE,0.200,
42001,MEDIA-SOYOUZ-AS,1280,0.00,,,ipv4,SPE,0.800,SAM,0.200,
42740,"BACKSTAGE-AS BRAVO Telecom, Khabarovsk, Russia",1280,0.00,KHA,KHA,ipv4,KHA,1.000,,,1.000
43152,SC-NTEL-AS,1280,0.00,,,ipv4,MOS,1.000,,,
43168,SINGER-COMPUTER-AS,1280,0.00,,,ipv4,MOS,0.800,MOW,0.200,
43634,RCITSAKHA-AS,1280,0.00,,,ipv4,SA,1.000,,,
44315,GRANDCONSULT-AS,1280,0.00,,,ipv4,MOW,1.000,,,
44467,IRN-STC-AS OJSC Southern Telecommunications Company,1280,0.00,,,ipv4,KDA,1.000,,,
44704,X5-RETAIL-GROUP-AS,1280,0.00,,,ipv4,MOW,1.000,,,
47441,TRUNKM,1280,0.00,,,ipv4,MOW,1.000,,,
47955,CITYCOM-AS,1280,0.00,,,ipv4,KEM,1.000,,,
48009,MICEX,1280,0.00,,,ipv4,MOW,1.000,,,
48308,TTC,1280,0.00,,,ipv4,LEN,0.800,MOW,0.200,
48312,ALROSA-AS,1280,0.00,,,ipv4,MOW,1.000,,,
48333,RTS-AS,1280,0.00,,,ipv4,MOS,1.000,,,
48558,M-LINE-AS,1280,0.00,,,ipv4,SPE,0.800,MOW,0.200,
49002,RUSPOST,1280,0.00,,,ipv4,MOW,1.000,,,
49070,VIZA-2-AS,1280,0.00,,,ipv4,MOW,1.000,,,
49357,AS-UTECH-,1280,0.00,,,ipv4,MOS,1.000,,,
49569,ZAYMER-AS,1280,0.00,,,ipv4,NVS,1.000,,,
49736,LOCTELECOM-AS,1280,0.00,,,ipv4,ZAB,0.600,VLG,0.400,
50003,UTUZ,1280,0.00,,,ipv4,MOW,1.000,,,
50147,CITY26-AS,1280,0.00,,,ipv4,KYA,1.000,,,
50254,SKY-EN,1280,0.00,,,ipv4,MOW,1.000,,,
50691,RU-RN-INFORM-SAMARA Branch in Samara,1280,0.00,SAM,,ipv4,MOW,1.000,,,
51017,STOLICA,1280,0.00,,,ipv4,MOW,0.400,KDA,0.200,
51190,PIRANYA-AS,1280,0.00,,,ipv4,NVS,1.000,,,
51464,IBANK2,1280,0.00,,,ipv4,MOW,1.000,,,
51477,TKANDALAKSHA-AS,1280,0.00,,,ipv4,MUR,1.000,,,
51578,IT-VEGA,1280,0.00,,,ipv4,MOW,1.000,,,
51690,APPLIEDTECH-AS,1280,0.00,,,ipv4,CHE,0.800,SVE,0.200,
56351,FORAIS-AS,1280,0.00,,,ipv4,MOW,1.000,,,
56565,CRPT-AS,1280,0.00,,,ipv4,MOW,1.000,,,
57250,RU-NET-AS,1280,0.00,,,ipv4,NIZ,1.000,,,
57512,SPORTMASTER,1280,0.00,,,ipv4,MOW,1.000,,,
57526,URALNETWORKS-AS,1280,0.00,,,ipv4,SVE,1.000,,,
57661,DEIL-AS,1280,0.00,,,ipv4,MOW,0.800,MOS,0.200,
57679,TRK-TONUS-AS,1280,0.00,,,ipv4,RU,0.800,AD,0.200,
57903,IPSERVICE,1280,0.00,,,ipv4,MOW,0.800,RU,0.200,
58290,TRANSMEDIA-AS,1280,0.00,,,ipv4,SAM,1.000,,,
59404,GLOBALTV-AS,1280,0.00,,,ipv4,CHE,1.000,,,
59534,NAVIGATOR-MUROM-AS,1280,0.00,,VLA,ipv4,VLA,1.000,,,1.000
60177,PARI,1280,0.00,,,ipv4,MOW,0.600,MOS,0.400,
60484,ASEVER-AS,1280,0.00,,,ipv4,ARK,0.800,SPE,0.200,
60599,WEBKOMPAS-AS,1280,0.00,,,ipv4,KDA,1.000,,,
60892,"SYNTERRAMEDIA Vernadskogo Ave., 41",1280,0.00,,,ipv4,MOW,1.000,,,
60986,RDITELECOM-AS,1280,0.00,,,ipv4,MOS,1.000,,,
61178,CYMRG-AS2,1280,0.00,,,ipv4,MOW,1.000,,,
197159,TRINET,1280,0.00,,,ipv4,KDA,0.800,MOW,0.200,
197725,BASHES-AS,1280,0.00,,,ipv4,BA,1.000,,,
198669,KNET-AS www: knet-tele.com support: tech@knet-tele.com,1280,0.00,,,ipv4,KDA,1.000,,,
198774,PERMRMT,1280,0.00,,,ipv4,PER,0.600,ORE,0.400,
199361,MIXPLAT-PROCESSING-LLC,1280,0.00,,,ipv4,MOW,1.000,,,
200420,RFMEGA-NET,1280,0.00,,,ipv4,LEN,0.400,RU,0.400,
200463,LETKOM,1280,0.00,,,ipv4,SAM,0.800,MOW,0.200,
200563,SPRINTHOST,1280,0.00,,,ipv4,BY,1.000,,,
201100,ANET-MAIN-AS,1280,0.00,,,ipv4,MOW,1.000,,,
201135,DREAMNET-AS,1280,0.00,,,ipv4,IRK,1.000,,,
201138,OKB-AS,1280,0.00,,,ipv4,MOW,1.000,,,
201296,PROFTEL-AS,1280,0.00,,,ipv4,YAN,1.000,,,
201593,TECHNOLOGIISVYAZI-AS,1280,0.00,,,ipv4,MOW,0.600,MOS,0.200,
201800,BIA-TECHNOLOGIES,1280,0.00,,,ipv4,MOW,0.600,SPE,0.400,
202058,PTK-AS -- GetNet-PermiX --,1280,0.00,,,ipv4,PER,0.400,SVE,0.400,
202594,RUSSPACESYSTEMS,1280,0.00,,,ipv4,MOW,1.000,,,
202999,VTEL-AS,1280,0.00,,,ipv4,AL,1.000,,,
204153,TELEKONIKA-IX-AS,1280,0.00,,,ipv4,MOS,0.600,MOW,0.400,
204226,I-TECO I-Teco 32-bit autonomous system 1,1280,0.00,,,ipv4,MOS,1.000,,,
204833,VTEL-NSK-AS,1280,0.00,,NVS,ipv4,NVS,0.800,AL,0.200,0.800
205569,REGSV-AS,1280,0.00,,,ipv4,TVE,0.800,MOW,0.200,
206333,ATLANTA-AS,1280,0.00,,,ipv4,VLA,1.000,,,
206661,O1TELECOM,1280,0.00,,,ipv4,MOW,0.600,SPE,0.400,
207952,ET-AS,1280,0.00,,,ipv4,LEN,0.800,MOW,0.200,
208544,PAUTINA05,1280,0.00,,,ipv4,MOW,0.600,DA,0.400,
209343,RUSSVYAZ-AS,1280,0.00,,,ipv4,SPE,1.000,,,
209352,FINAMTECH-INF1,1280,0.00,,,ipv4,MOW,1.000,,,
210063,COMPANY-TELECOM-AS,1280,0.00,,,ipv4,MOS,0.800,MOW,0.200,
211625,FIVECOM,1280,0.00,,,ipv4,MOW,1.000,,,
213499,LINK-UP-ISP-AS,1280,0.00,,,ipv4,BEL,0.800,MOW,0.200,
213544,PERSPEKTIVA-TV,1280,0.00,,,ipv4,KEM,0.400,MOW,0.400,
213744,AMTGROUP-AS1,1280,0.00,,,ipv4,MOW,1.000,,,
214221,UNITYGROUP,1280,0.00,,,ipv4,MOW,0.800,LEN,0.200,
214780,AS-KSU42,1280,0.00,,,ipv4,KEM,1.000,,,
215037,DATARUCLOUD,1280,0.00,,,ipv4,MOW,1.000,,,
218897,GAV-AS - Grachev Andrey Vladimirovich,1280,0.00,,,ipv4,DE,0.200,FR,0.200,
2585,OPTICTELECOM-AS,1024,0.00,,,ipv4,SPE,1.000,,,
5514,BOSCOM-AS,1024,0.00,,,ipv4,SPE,1.000,,,
8411,OMSKSU,1024,0.00,,,ipv4,MOW,1.000,,,
8441,GARANTSERVICE-AS,1024,0.00,,,ipv4,MOW,1.000,,,
8475,UUST,1024,0.00,,,ipv4,MOW,1.000,,,
8484,NCLOUDTECH-AS,1024,0.00,,,ipv4,MOW,1.000,,,
12828,KRSC-AS ICM SB RAS,1024,0.00,,,ipv4,NVS,1.000,,,
12979,TSINET Commercial ISP,1024,0.00,,,ipv4,MOW,1.000,,,
13016,TELELINE-NET,1024,0.00,,,ipv4,VLA,1.000,,,
13161,TECHNOCOM,1024,0.00,,,ipv4,KLU,1.000,,,
15449,OHRANATELECOM,1024,0.00,,,ipv4,SPE,1.000,,,
15867,ED-PARTNER-AS,1024,0.00,,,ipv4,MOW,1.000,,,
15884,EXPERT-PRO-AS,1024,0.00,,,ipv4,VOR,1.000,,,
16094,MAGTELECOM-AS,1024,0.00,,,ipv4,AD,1.000,,,
16176,MEGALINE-RU-AS,1024,0.00,,,ipv4,MAG,1.000,,,
24684,IPPORT-NET,1024,0.00,,,ipv4,MOW,1.000,,,
24774,DATATHREEAS,1024,0.00,,,ipv4,MOW,1.000,,,
24837,MEGALINK-AS,1024,0.00,,,ipv4,ZAB,1.000,,,
24924,IPBR,1024,0.00,,,ipv4,MOW,1.000,,,
25141,SONIKO-AS,1024,0.00,,,ipv4,ROS,0.500,MOW,0.250,
25203,SIMFINET-AS,1024,0.00,,,ipv4,RU,1.000,,,
25371,ASN-KIAM KIAM - Keldysh Institute of Applied Mathematics,1024,0.00,,,ipv4,MOW,1.000,,,
29209,SPBMTS-AS Malaya Monetnaya Street 2-A,1024,0.00,,,ipv4,SPE,1.000,,,
29503,RATMIR-MOSCOW-AS,1024,0.00,MOW,,ipv4,MOW,1.000,,,
29547,CENTRINFORM-NSK-AS,1024,0.00,,,ipv4,NVS,1.000,,,
31379,FPF-AS Federal Agency for State Property Management,1024,0.00,,,ipv4,MOW,1.000,,,
31690,GEOCOMMUNICATIONS-AS,1024,0.00,,,ipv4,MOW,0.750,RYA,0.250,
34052,LOGIKA,1024,0.00,,,ipv4,MOW,1.000,,,
34211,LANPORT-AS,1024,0.00,,,ipv4,MOW,1.000,,,
34223,N-REGION,1024,0.00,,,ipv4,SPE,0.750,TVE,0.250,
34320,MNW-AS,1024,0.00,,,ipv4,SPE,1.000,,,
34559,SRR,1024,0.00,,,ipv4,KDA,1.000,,,
34574,REKSOFT-AS,1024,0.00,,,ipv4,SPE,1.000,,,
34597,SUNLIGHT-AS,1024,0.00,,,ipv4,KGD,0.500,MOW,0.500,
34832,NOVOSYSTEM-AS,1024,0.00,,,ipv4,MOW,1.000,,,
34869,EKANET-AS,1024,0.00,,,ipv4,MOW,1.000,,,
34925,VLADIVOSTOK-AS,1024,0.00,PRI,PRI,ipv4,PRI,1.000,,,1.000
34990,SKYINET-AS,1024,0.00,,,ipv4,MOW,1.000,,,
35005,VILTEL-AS,1024,0.00,,,ipv4,SPE,1.000,,,
35420,VYBORG-AS,1024,0.00,,,ipv4,MOW,1.000,,,
35479,ACTIVEBC-AS,1024,0.00,,,ipv4,MOW,1.000,,,
35564,LINKNV-AS,1024,0.00,,,ipv4,KHM,1.000,,,
38928,GLONASS,1024,0.00,,,ipv4,MOW,1.000,,,
38978,INETCOMM-AS,1024,0.00,,,ipv4,MOW,1.000,,,
39131,DAGSU-AS,1024,0.00,,,ipv4,DA,1.000,,,
39154,BFN-AS,1024,0.00,,,ipv4,KK,0.500,KHM,0.250,
39167,KALIBR-AS,1024,0.00,,,ipv4,MOW,1.000,,,
39523,DV-LINK-AS,1024,0.00,,,ipv4,KHA,1.000,,,
41446,LUGLINK-AS,1024,0.00,,,ipv4,LEN,1.000,,,
41517,STRELA-AS,1024,0.00,,,ipv4,KHA,1.000,,,
41525,FILI-AS,1024,0.00,,,ipv4,MOW,1.000,,,
41556,TELECON-AS,1024,0.00,,,ipv4,PER,1.000,,,
41855,OSSRU-AS,1024,0.00,,,ipv4,TAM,1.000,,,
42002,DIXTELECOM,1024,0.00,,,ipv4,BEL,1.000,,,
42048,SFU-AS,1024,0.00,,,ipv4,KYA,1.000,,,
42071,EOFFICE-AS,1024,0.00,,,ipv4,PER,1.000,,,
42149,SRVTEL,1024,0.00,,,ipv4,SPE,1.000,,,
42253,TELSP,1024,0.00,,,ipv4,MOW,1.000,,,
42269,ACMETELECOM-AS,1024,0.00,,,ipv4,KGN,1.000,,,
42377,STRELA-AS,1024,0.00,,,ipv4,MOW,1.000,,,
42481,BEGUN-AS,1024,0.00,,,ipv4,MOW,1.000,,,
42521,ARCTEL-AS42521,1024,0.00,,,ipv4,YAN,1.000,,,
42636,SEVERNET-AS,1024,0.00,,,ipv4,MOW,1.000,,,
42704,ETALON-PLUS-AS,1024,0.00,,,ipv4,BRY,1.000,,,
42767,NCTRADE,1024,0.00,,,ipv4,MOW,1.000,,,
42787,MMIP-AS,1024,0.00,,,ipv4,MOW,1.000,,,
42870,SIBINTEK-STAVROPOL-AS Stavropol M,1024,0.00,STA,,ipv4,MOW,1.000,,,
42911,ISKRAVEKT-AS,1024,0.00,,,ipv4,MOW,0.750,KHM,0.250,
42922,KASPNET-AS,1024,0.00,,,ipv4,DA,1.000,,,
42930,MODEM-AS,1024,0.00,,,ipv4,CHE,1.000,,,
43106,NEVACOM-AS,1024,0.00,,,ipv4,MOW,1.000,,,
43237,CONVEX-TELEPHONY,1024,0.00,,,ipv4,SVE,1.000,,,
43270,SAFECITY-AS,1024,0.00,,,ipv4,KHM,1.000,,,
43552,SIBNET-AS,1024,0.00,,,ipv4,NVS,1.000,,,
43559,SOESTA-AS,1024,0.00,,,ipv4,STA,1.000,,,
43598,EXPORT-AS,1024,0.00,,,ipv4,SE,1.000,,,
43661,QIPCONNECT,1024,0.00,,,ipv4,ROS,1.000,,,
43822,HOMEOPTIC,1024,0.00,,,ipv4,RU,1.000,,,
43830,DIGITALENERGY-AS,1024,0.00,,,ipv4,MOW,1.000,,,
44011,TKS2000-AS,1024,0.00,,,ipv4,KRS,1.000,,,
44425,DIS-YAROSLAVL-AS,1024,0.00,YAR,YAR,ipv4,YAR,1.000,,,1.000
44528,PKF-AZIMUT-AS,1024,0.00,,,ipv4,SVE,1.000,,,
44555,KONEKT-AS,1024,0.00,,,ipv4,MOW,0.500,RU,0.500,
44584,PTLINE-AS,1024,0.00,,,ipv4,YAN,1.000,,,
44627,LINKSU-AS,1024,0.00,,,ipv4,KHM,1.000,,,
44674,MEGALINE-RU-AS,1024,0.00,,,ipv4,MAG,1.000,,,
44715,"GLOBALCOM-AS Podolsk, Russia",1024,0.00,,MOS,ipv4,MOW,1.000,,,0.000
44759,SYSTEM-CONSULTING-AS,1024,0.00,,,ipv4,SAM,1.000,,,
44845,CIT,1024,0.00,,,ipv4,SVE,1.000,,,
47122,CYBERFIRST-AS --- MASTERTEL,1024,0.00,,,ipv4,MOW,1.000,,,
47124,RGURU-AS,1024,0.00,,,ipv4,RYA,1.000,,,
47133,PROSERVIS-AS,1024,0.00,,,ipv4,LEN,1.000,,,
47140,OBLNET-AS,1024,0.00,,,ipv4,LEN,0.500,MOW,0.500,
47168,LENVENDO-AS,1024,0.00,,,ipv4,MOW,0.500,SPE,0.500,
47333,HIGHLINK-SPB-AS,1024,0.00,,SPE,ipv4,SPE,1.000,,,1.000
47334,I-MEDIA-AS,1024,0.00,,,ipv4,MOW,1.000,,,
47335,ABNTC-NET,1024,0.00,,,ipv4,MOW,0.750,MOS,0.250,
47550,NETLIFE-AS,1024,0.00,,,ipv4,ROS,0.750,SVE,0.250,
47551,AS-MAYAK-NETWORK MAYAK NETWORK LTD,1024,0.00,,,ipv4,DA,1.000,,,
47594,NETCOMLINK-AS,1024,0.00,,,ipv4,KDA,1.000,,,
47789,REGSETI-AS,1024,0.00,,,ipv4,SAR,1.000,,,
47839,ZETMAXIMUM,1024,0.00,,,ipv4,MOW,1.000,,,
47995,AT-AS,1024,0.00,,,ipv4,MOW,1.000,,,
47996,STELS-COMMUNICATIONS-AS,1024,0.00,,,ipv4,CHE,1.000,,,
48013,CHEMICOMP-AS,1024,0.00,,,ipv4,SAR,1.000,,,
48044,ROSTELECOMIT-AS Rostelecom Information Technologies LLC,1024,0.00,,,ipv4,MOW,1.000,,,
48102,PETERSERVICE,1024,0.00,,,ipv4,SPE,1.000,,,
48120,FLASHTELECOM-AS,1024,0.00,,,ipv4,STA,0.750,MOW,0.250,
48275,TSMS-ABKHAZIA-AS,1024,0.00,,,ipv4,GE,0.500,MOW,0.500,
48316,RCAIR-AS,1024,0.00,,,ipv4,TOM,1.000,,,
48354,RELANT-AS,1024,0.00,,,ipv4,MUR,1.000,,,
48369,ICC-MT-AS,1024,0.00,,,ipv4,DA,1.000,,,
48371,WESTLAN-AS,1024,0.00,,,ipv4,IVA,1.000,,,
48433,OMIPLAT-AS,1024,0.00,,,ipv4,KDA,1.000,,,
48498,SOCHI-ONLINE-AS,1024,0.00,,,ipv4,TVE,1.000,,,
48654,RTKCENTER-AS,1024,0.00,,,ipv4,MOW,1.000,,,
48679,CONSTSK-AS,1024,0.00,,,ipv4,TOM,1.000,,,
48719,INTELSVYAZ-AS,1024,0.00,,,ipv4,MOW,1.000,,,
48731,VSAU,1024,0.00,,,ipv4,VOR,1.000,,,
48922,DME-TEL-AS,1024,0.00,,,ipv4,MOS,1.000,,,
49012,UTKONOS-AS,1024,0.00,,,ipv4,MOW,0.750,SPE,0.250,
49481,ULTRACOM-AS Yuzhno-SakhalinskRussia,1024,0.00,,,ipv4,SAK,1.000,,,
49545,STROYTELECOM-YUG-AS,1024,0.00,,,ipv4,AD,1.000,,,
49557,STROYNET-AS,1024,0.00,,,ipv4,UD,1.000,,,
49578,FREGAT-AS,1024,0.00,,,ipv4,BU,1.000,,,
49702,MUP-RIM-NET,1024,0.00,,,ipv4,MOS,1.000,,,
49722,SP-LINE-AS,1024,0.00,,,ipv4,SPE,1.000,,,
49897,ALIANSNET,1024,0.00,,,ipv4,ROS,1.000,,,
49929,MISIS,1024,0.00,,,ipv4,MOW,1.000,,,
49966,ITSNET,1024,0.00,,,ipv4,PER,1.000,,,
50042,UBS,1024,0.00,,,ipv4,RU,0.750,MOW,0.250,
50106,ANTRATSIT-RU-NET,1024,0.00,,,ipv4,MOW,1.000,,,
50260,SVYAZ-ALIANS-AS,1024,0.00,,,ipv4,MOW,1.000,,,
50283,BUSINESSCENTER-AS,1024,0.00,,,ipv4,MOW,1.000,,,
50433,TSPU-AS,1024,0.00,,,ipv4,TOM,1.000,,,
50435,AKLTD,1024,0.00,,,ipv4,MOS,1.000,,,
50488,"UTELCOM Utelcom, St.Petersburg, Russia",1024,0.00,,SPE,ipv4,SPE,1.000,,,1.000
50567,SIBENTEL,1024,0.00,,,ipv4,ALT,1.000,,,
50707,IBARE-AS,1024,0.00,,,ipv4,MOW,1.000,,,
50714,JAMTM,1024,0.00,,,ipv4,MOW,0.750,SPE,0.250,
50727,TIVICOM-AS,1024,0.00,,,ipv4,STA,1.000,,,
50750,TK-CENTER-LTD-AS,1024,0.00,,,ipv4,YAR,1.000,,,
50804,BESTLINE-NET-PROTVINO,1024,0.00,,,ipv4,MOW,1.000,,,
50947,GNRU-AS,1024,0.00,,,ipv4,MOW,1.000,,,
50958,WINTERNET,1024,0.00,,,ipv4,LEN,1.000,,,
50966,INTERCOM-TECHNOLOGY,1024,0.00,,,ipv4,MOW,1.000,,,
51037,CDKTELECOM-AS,1024,0.00,,,ipv4,MOW,1.000,,,
51076,OBLAKA-AS,1024,0.00,,,ipv4,MOW,1.000,,,
51086,SCATPLUS-AS,1024,0.00,,,ipv4,KK,0.500,NVS,0.500,
51156,ONGNET-AS,1024,0.00,,,ipv4,AL,1.000,,,
51186,ITAR-TASS-AS,1024,0.00,,,ipv4,MOW,1.000,,,
51199,TECHNOTEK,1024,0.00,,,ipv4,MOW,1.000,,,
51214,VIKS-NET,1024,0.00,,,ipv4,MOW,1.000,,,
51288,WEB3TEL-AS,1024,0.00,,,ipv4,MOW,1.000,,,
51291,ISTOK-AS,1024,0.00,,,ipv4,KYA,1.000,,,
51376,MOBIDENGI,1024,0.00,,,ipv4,MOW,1.000,,,
51478,ASBFATELECOM,1024,0.00,,,ipv4,SPE,1.000,,,
51715,POLYMETAL-AS,1024,0.00,,,ipv4,SPE,1.000,,,
51730,ASITCENTR,1024,0.00,,,ipv4,IVA,1.000,,,
51781,MRG037-AS,1024,0.00,,,ipv4,IVA,1.000,,,
51811,LOKOBANK-AS,1024,0.00,,,ipv4,MOW,1.000,,,
51880,TELETEXT-NET,1024,0.00,,,ipv4,STA,1.000,,,
51892,VTC-MOBILE,1024,0.00,,,ipv4,MOW,1.000,,,
51952,KVANT,1024,0.00,,,ipv4,SVE,1.000,,,
52060,MAXIMATELECOM-SPB-AS,1024,0.00,,SPE,ipv4,SPE,1.000,,,1.000
52222,ASMAGNITTV,1024,0.00,,,ipv4,NIZ,1.000,,,
56364,GPI-AS,1024,0.00,,,ipv4,MOW,1.000,,,
56374,NPI-TU,1024,0.00,,,ipv4,ROS,1.000,,,
56384,AVANTEL,1024,0.00,,,ipv4,YAN,0.500,MOW,0.250,
56462,DESTINY,1024,0.00,,,ipv4,MOW,1.000,,,
56562,TELECOM-PLUS-AS,1024,0.00,,,ipv4,CU,1.000,,,
56574,TKRSS,1024,0.00,,,ipv4,MOW,1.000,,,
56581,CIT-AS,1024,0.00,,,ipv4,AMU,1.000,,,
56634,ASFLYTECH,1024,0.00,,,ipv4,DA,1.000,,,
56663,SVAROG-AS,1024,0.00,,,ipv4,RU,0.750,IRK,0.250,
56677,TELECLUB-AS,1024,0.00,,,ipv4,KDA,1.000,,,
56705,OSMTELECOM-AS,1024,0.00,,,ipv4,MOW,1.000,,,
56720,FORTUNA-AS,1024,0.00,,,ipv4,PRI,1.000,,,
56760,GAU-RK-CIT-AS,1024,0.00,,,ipv4,RYA,1.000,,,
56766,BAHILOV,1024,0.00,,,ipv4,ROS,1.000,,,
56776,DIALOGSIBERIA-AS,1024,0.00,,,ipv4,ALT,1.000,,,
56875,SPRINT-TEL-AS,1024,0.00,,,ipv4,MOW,1.000,,,
56923,VIRTUALFORT-AS,1024,0.00,,,ipv4,MOW,0.500,SPE,0.500,
56930,CLARUSTELECOM-AS,1024,0.00,,,ipv4,MOW,0.750,MOS,0.250,
56977,ASSTILAR,1024,0.00,,,ipv4,PRI,1.000,,,
57011,SENET-AS,1024,0.00,,,ipv4,TA,1.000,,,
57019,SVYAZ-AS,1024,0.00,,,ipv4,SE,1.000,,,
57038,AMURTELEKOM-AS,1024,0.00,,,ipv4,AMU,1.000,,,
57064,SMEDIA-AS,1024,0.00,,,ipv4,MOW,0.500,STA,0.500,
57109,ZENLINE,1024,0.00,,,ipv4,MOW,1.000,,,
57212,NEXTCONTACT-AS,1024,0.00,,,ipv4,MOW,1.000,,,
57244,ASMILLENIUM,1024,0.00,,,ipv4,GE,1.000,,,
57268,ASZACHITAINFO,1024,0.00,,,ipv4,MOW,1.000,,,
57309,AKSATEL,1024,0.00,,,ipv4,MOW,0.750,MOS,0.250,
57319,TANDER-AS,1024,0.00,,,ipv4,KDA,1.000,,,
57323,ASKUBANOPTPRODTORG,1024,0.00,,,ipv4,KDA,1.000,,,
57380,TELENET-AS,1024,0.00,,,ipv4,VLG,0.500,ZAB,0.500,
57418,ASGENERALTEL,1024,0.00,,,ipv4,CHE,1.000,,,
57456,INTEK-MYTISCHI-AS,1024,0.00,,,ipv4,MOS,1.000,,,
57614,BALABANOVO-AS,1024,0.00,,,ipv4,KLU,1.000,,,
57620,AS_TISERVICE,1024,0.00,,,ipv4,MOW,1.000,,,
57645,LICARD-AS Moscow,1024,0.00,MOW,,ipv4,MOW,1.000,,,
57700,DEEPWEB-AS,1024,0.00,,,ipv4,SPE,1.000,,,
57711,NETLINE-LTD-AS,1024,0.00,,,ipv4,YAR,1.000,,,
57737,AECC-AS,1024,0.00,,,ipv4,IRK,1.000,,,
57808,AS-SATDV-AMK,1024,0.00,,,ipv4,KHA,1.000,,,
57882,ASSETEVYEPROEKTY,1024,0.00,,,ipv4,MOW,1.000,,,
57901,PAUTINA-AS,1024,0.00,,,ipv4,KHA,1.000,,,
57971,AS-MS,1024,0.00,,,ipv4,YAR,1.000,,,
57973,CLOUDGAMING-REGION-AS,1024,0.00,,,ipv4,MOW,0.750,SVE,0.250,
58000,MTN-NET-AS,1024,0.00,,,ipv4,LEN,0.750,AD,0.250,
58024,DZINET-AS,1024,0.00,,,ipv4,MOS,1.000,,,
58037,MASTERRA-AS,1024,0.00,,,ipv4,KYA,1.000,,,
58042,BONCH,1024,0.00,,,ipv4,SPE,1.000,,,
58048,BEZHECK-AS,1024,0.00,,,ipv4,TVE,1.000,,,
58060,SYS-S,1024,0.00,,,ipv4,ZAB,1.000,,,
58210,SKYNET-AS,1024,0.00,,,ipv4,YAN,1.000,,,
58230,INTELCOM-AS,1024,0.00,,,ipv4,KDA,1.000,,,
58231,RU-CHELINDBANK,1024,0.00,,,ipv4,CHE,0.750,MOW,0.250,
58279,VNIGNI,1024,0.00,,,ipv4,MOW,1.000,,,
59424,OOO-HAS-TELEKOM-AS,1024,0.00,,,ipv4,SAM,1.000,,,
59537,ASLIDERTELECOM,1024,0.00,,,ipv4,ORE,1.000,,,
59591,WIRENET_AS,1024,0.00,,,ipv4,ALT,1.000,,,
59661,TELEKOM365-AS,1024,0.00,,,ipv4,VOR,1.000,,,
59666,ZETTALINE-AS,1024,0.00,,,ipv4,MOS,0.500,MOW,0.500,
59693,AS-INTRONEX,1024,0.00,,,ipv4,MOS,1.000,,,
59740,GORSETI,1024,0.00,,,ipv4,MOW,1.000,,,
59883,"VTELL-AS Global Telecom, Moscow",1024,0.00,MOW,,ipv4,MOW,1.000,,,
59917,OTK,1024,0.00,,,ipv4,MOS,1.000,,,
60034,SOFTLINE-INTG,1024,0.00,,,ipv4,MOW,1.000,,,
60062,THREEDATA-AS,1024,0.00,,,ipv4,MOW,0.750,MOS,0.250,
60252,OST-LLC-AS St.Petersburg,1024,0.00,,SPE,ipv4,SPE,1.000,,,1.000
60357,MEGAGROUP-AS,1024,0.00,,,ipv4,SPE,0.750,RYA,0.250,
60437,FORABANK-AS,1024,0.00,,,ipv4,MOW,1.000,,,
60510,VICTORY-AS,1024,0.00,,,ipv4,KK,1.000,,,
60554,MEGIONLINK-AS,1024,0.00,,,ipv4,KHM,1.000,,,
60573,R-TK-AS,1024,0.00,,,ipv4,KHA,1.000,,,
60580,PII,1024,0.00,,,ipv4,MOW,1.000,,,
60693,MILETELECOM,1024,0.00,,,ipv4,LIP,1.000,,,
60730,KA-INTERNET-AS,1024,0.00,,,ipv4,MOW,1.000,,,
60738,DELTATELEKOM-AS,1024,0.00,,,ipv4,AST,1.000,,,
60797,RU-SFDATA-AS,1024,0.00,,,ipv4,MOW,1.000,,,
60839,VID-MEDIA-AS,1024,0.00,,,ipv4,MOW,1.000,,,
60852,ASCOMPSERVICE,1024,0.00,,,ipv4,TVE,1.000,,,
60863,VK-AS,1024,0.00,,,ipv4,MOW,1.000,,,
60864,INTERRAOIT,1024,0.00,,,ipv4,MOW,1.000,,,
60904,ATSTEL-AS,1024,0.00,,,ipv4,MOW,1.000,,,
60936,SKANETDAG-AS,1024,0.00,,,ipv4,DA,1.000,,,
61021,MAVOTEL-AS,1024,0.00,,,ipv4,MOW,1.000,,,
61040,PETERBURGSKIY-TELEFON-AS,1024,0.00,,,ipv4,SPE,1.000,,,
61043,MST-LTD-AS,1024,0.00,,,ipv4,MOW,1.000,,,
61223,LINKFOR-AS,1024,0.00,,,ipv4,BEL,1.000,,,
61293,RU1C-AS,1024,0.00,,,ipv4,MOW,1.000,,,
61380,ENGINETPLUS-AS,1024,0.00,,,ipv4,MOS,1.000,,,
61985,REFT-AS,1024,0.00,,,ipv4,SVE,1.000,,,
62067,TELECOM-SERVICE-AS,1024,0.00,,,ipv4,TA,1.000,,,
62130,TRANSANALITICA-AS,1024,0.00,,,ipv4,VOR,0.750,RYA,0.250,
62133,RANHIGS-AS,1024,0.00,,,ipv4,MOW,1.000,,,
62218,ULTRATELECOM-AS,1024,0.00,,,ipv4,SPE,1.000,,,
62283,DFW-AS,1024,0.00,,,ipv4,MOW,1.000,,,
62286,PCM-AS,1024,0.00,,,ipv4,MOW,1.000,,,
62331,TVK-AS,1024,0.00,,,ipv4,NVS,1.000,,,
62356,ITNOVATION-AS,1024,0.00,,,ipv4,MOW,1.000,,,
62450,STALCO-AS,1024,0.00,,,ipv4,MOW,1.000,,,
64423,GRANAT-AS,1024,0.00,,,ipv4,YAR,1.000,,,
64469,UNICOM-AS,1024,0.00,,,ipv4,SPE,1.000,,,
196685,OILTC-NET,1024,0.00,,,ipv4,UD,1.000,,,
196698,KOROLEV-TELECOM-AS,1024,0.00,,MOS,ipv4,MOS,1.000,,,1.000
196768,ABRIKOS-AS,1024,0.00,,,ipv4,VGG,1.000,,,
196879,VOLKHOVONLINE,1024,0.00,,,ipv4,LEN,1.000,,,
196963,TI-NT,1024,0.00,,,ipv4,MOW,1.000,,,
196986,SAAC-AS,1024,0.00,,,ipv4,MOW,1.000,,,
197120,LANINTERCOM-AS,1024,0.00,,,ipv4,TVE,1.000,,,
197147,SVYAZSERVICE-AS - Svyazservice Ltd.,1024,0.00,,,ipv4,MOW,1.000,,,
197258,SCB-AS,1024,0.00,,,ipv4,KOS,1.000,,,
197349,IDALGO-TELECOM,1024,0.00,,,ipv4,KDA,0.750,IVA,0.250,
197392,ASINFODOM,1024,0.00,,,ipv4,TYU,1.000,,,
197719,RUSICH-TVN,1024,0.00,,,ipv4,BEL,1.000,,,
197786,ASTELESETI,1024,0.00,,,ipv4,STA,1.000,,,
198028,BG-MARKET-AS,1024,0.00,,,ipv4,MOW,1.000,,,
198044,EKOMOBILE-AS,1024,0.00,,,ipv4,MOW,0.750,IVA,0.250,
198052,MOST-AS,1024,0.00,,,ipv4,NIZ,1.000,,,
198070,RU-PUDLINK-AS,1024,0.00,,,ipv4,SPE,1.000,,,
198122,DIGITAL-TECHNOLOGY-AS,1024,0.00,,,ipv4,TA,1.000,,,
198212,ASTELENETSAYANSK,1024,0.00,,,ipv4,IRK,1.000,,,
198367,ASINKOTEL,1024,0.00,,,ipv4,NIZ,0.750,MOS,0.250,
198384,OMGTU,1024,0.00,,,ipv4,OMS,1.000,,,
198438,ASINTRAST,1024,0.00,,,ipv4,MOW,1.000,,,
198758,MNT-SVYAZ,1024,0.00,,,ipv4,KDA,1.000,,,
199278,ADANT-AS,1024,0.00,,,ipv4,MOW,1.000,,,
199427,DATAHARBOUR-AS,1024,0.00,,,ipv4,VOR,1.000,,,
199472,FAITID-AS,1024,0.00,,,ipv4,MOW,1.000,,,
199635,"NEXTTELL-MOSCOW-AS Moscow, Russia",1024,0.00,MOW,,ipv4,MOW,0.750,CE,0.250,
199728,DATA-LINE-KHB,1024,0.00,,,ipv4,KHA,1.000,,,
199782,TTNET-AS,1024,0.00,,,ipv4,KDA,0.500,MOW,0.500,
199820,ASDYATLOV,1024,0.00,,,ipv4,NIZ,1.000,,,
199833,UGSELHOZ-AS,1024,0.00,,,ipv4,KL,1.000,,,
199851,TUTAEV-DEV,1024,0.00,,,ipv4,BRY,0.500,EE,0.250,
199966,PROGNOZ-AS,1024,0.00,,,ipv4,PER,1.000,,,
200035,UNITECSYS-AS,1024,0.00,,,ipv4,MOW,1.000,,,
200065,MOSMETROCOMM,1024,0.00,,,ipv4,MOS,1.000,,,
200293,ESTELECOM,1024,0.00,,,ipv4,MOW,1.000,,,
200389,IDB-DC,1024,0.00,,,ipv4,MOW,1.000,,,
200442,KRLAN-AS AS-SET: AS-KRLAN,1024,0.00,,,ipv4,IVA,1.000,,,
200457,MBG,1024,0.00,,,ipv4,MOW,1.000,,,
200613,IMERETINSKAY_RIVIERA,1024,0.00,,,ipv4,PER,0.750,MOW,0.250,
200802,PSVS,1024,0.00,,,ipv4,KDA,0.750,MOW,0.250,
201069,APEX-ISP-AS,1024,0.00,,,ipv4,KDA,1.000,,,
201137,OTCRU-AS,1024,0.00,,,ipv4,MOW,1.000,,,
201151,INTERMAX,1024,0.00,,,ipv4,DA,1.000,,,
201270,ZT-BLG-AS,1024,0.00,,,ipv4,STA,1.000,,,
201477,HIMKISMI-AS,1024,0.00,,,ipv4,MOS,0.750,MOW,0.250,
201556,VIDEOLINE,1024,0.00,,,ipv4,SE,1.000,,,
201606,RAMAX-AS,1024,0.00,,,ipv4,MOW,0.500,SPE,0.500,
201643,EGOV66-AS,1024,0.00,,,ipv4,SVE,0.750,MOW,0.250,
201745,CSE-AS,1024,0.00,,,ipv4,MOW,0.750,CE,0.250,
201858,Teleset Ufa,1024,0.00,,BA,ipv4,BA,1.000,,,1.000
202078,MIXAS,1024,0.00,,,ipv4,ZAB,1.000,,,
202202,SPEC-TECH-AS,1024,0.00,,,ipv4,SPE,1.000,,,
202498,TINKOFFMOBILE-AS,1024,0.00,,,ipv4,IRK,0.250,MOW,0.250,
202508,TR-NORD-AS,1024,0.00,,,ipv4,MOW,1.000,,,
202510,NWTH,1024,0.00,,,ipv4,SPE,0.500,LEN,0.250,
202696,TRUSTEDNETWORK-AS,1024,0.00,,,ipv4,LIP,0.500,MOW,0.500,
202961,ALABUGA-AS,1024,0.00,,,ipv4,TA,1.000,,,
203117,MTK,1024,0.00,,,ipv4,MOW,1.000,,,
203131,EC-PHOSAGRO,1024,0.00,,,ipv4,VLG,1.000,,,
203290,ASBLISS,1024,0.00,,,ipv4,MOW,1.000,,,
203791,ASKURIER,1024,0.00,,,ipv4,KRS,1.000,,,
203891,Moscow state region government mosreg.ru,1024,0.00,MOW,,ipv4,MOS,0.500,MOW,0.500,
204077,SVOS,1024,0.00,,,ipv4,KHM,1.000,,,
204102,SMARTGRUPP,1024,0.00,,,ipv4,NIZ,1.000,,,
204198,MONETA,1024,0.00,,,ipv4,ME,1.000,,,
204276,EUTELSAT,1024,0.00,,,ipv4,MOW,1.000,,,
204350,IPBOOM-AS,1024,0.00,,,ipv4,MOW,0.500,KDA,0.250,
204354,MBSAMARA-AS PJSC Rostelecom. Technical Team,1024,0.00,,,ipv4,MOW,1.000,,,
204435,NCTRADE,1024,0.00,,,ipv4,MOW,1.000,,,
204507,BAIKALSERVISE,1024,0.00,,,ipv4,MOW,1.000,,,
204564,MIRMITINO,1024,0.00,,,ipv4,MOW,0.750,MOS,0.250,
204792,TS-AS,1024,0.00,,,ipv4,SPE,1.000,,,
204891,CSI,1024,0.00,,,ipv4,SPE,1.000,,,
204898,AVANTELECOM-AS,1024,0.00,,,ipv4,KHA,1.000,,,
205014,ITSAT,1024,0.00,,,ipv4,MOW,1.000,,,
205063,CORTEL-AS,1024,0.00,,,ipv4,NVS,0.750,SPE,0.250,
205070,ATST-AS,1024,0.00,,,ipv4,MOW,1.000,,,
205153,TSUM-AS,1024,0.00,,,ipv4,MOW,1.000,,,
205236,GIPERCOM-NET ISP Gipercom,1024,0.00,,,ipv4,RU,1.000,,,
205711,CHU-LAN,1024,0.00,,,ipv4,IRK,1.000,,,
205717,VASH_DOHOD-AS,1024,0.00,,,ipv4,IR,1.000,,,
205784,NV-TEL,1024,0.00,,,ipv4,MOW,1.000,,,
205864,EDISOFT-AS,1024,0.00,,,ipv4,MOW,1.000,,,
205963,BURGERKING-AS,1024,0.00,,,ipv4,MOW,1.000,,,
206061,BLACKICENETWORKS,1024,0.00,,,ipv4,PRI,1.000,,,
206295,MEDSIGROUP,1024,0.00,,,ipv4,MOW,1.000,,,
206649,SHAMILOV-AS,1024,0.00,,,ipv4,DA,1.000,,,
206756,BELTELE_COM,1024,0.00,,,ipv4,KDA,1.000,,,
206820,NICE-TELECOM-AS,1024,0.00,,,ipv4,TYU,1.000,,,
206905,NII-SOKB,1024,0.00,,,ipv4,MOW,1.000,,,
207490,ISP-GBL,1024,0.00,,,ipv4,ROS,1.000,,,
207496,DIGITECH-RU-AS,1024,0.00,,,ipv4,MOW,1.000,,,
207753,BARNET,1024,0.00,,,ipv4,MOW,1.000,,,
207839,GGE,1024,0.00,,,ipv4,MOW,1.000,,,
207909,LUGOVOE,1024,0.00,,,ipv4,MOW,0.500,RU,0.500,
207984,AS-CRAZYPANDA,1024,0.00,,,ipv4,MOW,1.000,,,
208056,SMARTCOM,1024,0.00,,,ipv4,LEN,0.500,SPE,0.500,
208061,TELE-CONTACT-,1024,0.00,,,ipv4,MOW,1.000,,,
208092,GLOBAL-CONSULT,1024,0.00,,,ipv4,MOW,1.000,,,
208102,SRVCORE Anti-DDoS SERVICE,1024,0.00,,,ipv4,MOW,0.750,KIR,0.250,
208155,NUMEDY-AS,1024,0.00,,,ipv4,VOR,1.000,,,
208177,AS-CENTRINVEST,1024,0.00,,,ipv4,ROS,1.000,,,
208456,AS-ITPARK,1024,0.00,,,ipv4,MOW,1.000,,,
208640,CHANNEL-ONE-RU-WW,1024,0.00,,,ipv4,MOW,1.000,,,
208701,AMOS-AS,1024,0.00,,,ipv4,MOW,1.000,,,
208729,KOZITSKIY-AM,1024,0.00,,,ipv4,PRI,1.000,,,
208762,ASCHIN,1024,0.00,,,ipv4,KRS,1.000,,,
208827,KGKUCIT,1024,0.00,,,ipv4,KYA,0.500,MOW,0.500,
208879,TT-AS,1024,0.00,,,ipv4,MOW,1.000,,,
208954,UPITER-NET UpiterTelecom Ltd.,1024,0.00,,,ipv4,SPE,1.000,,,
209206,A3NET-AS,1024,0.00,,,ipv4,VOR,0.750,RYA,0.250,
209219,ASDIN,1024,0.00,,,ipv4,DA,0.750,KDA,0.250,
209448,AVTOGERMES-AS,1024,0.00,,,ipv4,MOW,1.000,,,
209476,SKOLKOVO-AS,1024,0.00,,,ipv4,MOS,1.000,,,
209595,NCTS-AS,1024,0.00,,,ipv4,SAM,1.000,,,
209684,ACTION-DIGITAL,1024,0.00,,,ipv4,MOW,1.000,,,
209739,NSC-AS,1024,0.00,,,ipv4,MOW,1.000,,,
209758,KRASPOD-AS,1024,0.00,,,ipv4,KYA,1.000,,,
209789,SENTOKAREV,1024,0.00,,,ipv4,ARK,0.500,MOW,0.500,
209938,ASMT6,1024,0.00,,,ipv4,MOW,1.000,,,
209950,GIGAVIDER-AS,1024,0.00,,,ipv4,MOW,1.000,,,
210928,RDBNN24,1024,0.00,,,ipv4,NIZ,0.500,MOW,0.250,
211399,DIGITALKPD-AS,1024,0.00,,,ipv4,KLU,0.500,MOW,0.500,
212030,SMART-AS,1024,0.00,,,ipv4,SAM,1.000,,,
212715,BPMSOFT,1024,0.00,,,ipv4,MOW,1.000,,,
213369,SFERA-AS,1024,0.00,,,ipv4,ROS,1.000,,,
213780,ARKCORE ANTI-DDoS Protection for your services,1024,0.00,,,ipv4,MOW,0.750,NVS,0.250,
214091,NORDCOM,1024,0.00,,,ipv4,IRK,1.000,,,
214257,ALFA-MOBILE-ASN1,1024,0.00,,,ipv4,MOW,1.000,,,
214374,SPUTNIKTV,1024,0.00,,,ipv4,ZAB,1.000,,,
214733,ASINTELLEKTRIJELTI,1024,0.00,,,ipv4,MOW,0.750,TUL,0.250,
214816,AINET-LAN,1024,0.00,,,ipv4,SPE,1.000,,,
215098,SSK,1024,0.00,,,ipv4,MOS,0.750,MOW,0.250,
215103,PT-MEDIA-STREAM-INDONESIA,1024,0.00,,,ipv4,DE,0.500,NL,0.500,
215247,RYADKOM-AS,1024,0.00,,,ipv4,SPE,1.000,,,
216332,CYBERBYTE-AS,1024,0.00,,,ipv4,MOW,1.000,,,
216366,SMART-TEL,1024,0.00,,,ipv4,MOW,1.000,,,
218706,realtel - PROEKT ODIN LLC,1024,0.00,,,ipv4,MOW,1.000,,,
219357,ORG-IKEA2-RIPE-AS - Kochedykov Egor Aleksandrovich,1024,0.00,,,ipv4,NL,0.500,PL,0.250,
3229,DARINET-AS,768,0.00,,,ipv4,VLG,1.000,,,
8263,CLOUD-MEGAFON PJSC MegaFon,768,0.00,,,ipv4,MOW,1.000,,,
8274,ONLNK,768,0.00,,,ipv4,SAR,0.667,MOW,0.333,
8409,IITP-AS,768,0.00,,,ipv4,MOW,1.000,,,
8775,ICMM-UB-RAS,768,0.00,,,ipv4,MOW,1.000,,,
8848,CFT-AS,768,0.00,,,ipv4,MOW,0.333,NVS,0.333,
9122,TECHNOELECTROSERVIS-AS,768,0.00,,,ipv4,ORL,1.000,,,
9157,SAO-RAS,768,0.00,,,ipv4,KC,1.000,,,
12846,"Barnaul, Russia",768,0.00,ALT,ALT,ipv4,ALT,0.667,SPE,0.333,0.667
20690,APATIT,768,0.00,,,ipv4,MOW,0.667,IVA,0.333,
24683,OSU-AS Orenburg State University,768,0.00,ORE,,ipv4,ORE,1.000,,,
24873,ELLINK-AS OJSC Electrosvyaz of Pskov Oblast,768,0.00,PSK,PSK,ipv4,MOW,1.000,,,0.000
25436,KIROV-CAIT-AS PJSC Rostelecom. Kirov branch,768,0.00,KIR,KIR,ipv4,KIR,1.000,,,1.000
28712,ROSBANK exTelsycom,768,0.00,,,ipv4,MOW,1.000,,,
30812,MARSU,768,0.00,,,ipv4,MOW,1.000,,,
30831,MMK-AS,768,0.00,,,ipv4,CHE,0.667,MUR,0.333,
30911,ALTSTU-AS,768,0.00,,,ipv4,ALT,1.000,,,
31174,RBRU-AS,768,0.00,,,ipv4,MOW,1.000,,,
34180,INKO-NET-AS,768,0.00,,,ipv4,RU,0.667,MOW,0.333,
34291,CINVB-AS,768,0.00,,,ipv4,SVE,0.667,CHE,0.333,
34327,"E-PUBLISH Moscow, Russia",768,0.00,MOW,,ipv4,MOW,1.000,,,
34389,SIBGENKO,768,0.00,,,ipv4,MOW,0.667,KEM,0.333,
34739,ESAS-AS,768,0.00,,,ipv4,MOW,1.000,,,
34843,SPBREALTY-AS,768,0.00,,,ipv4,SPE,1.000,,,
34849,RUDN-AS,768,0.00,,,ipv4,MOW,1.000,,,
34901,GDC-AS,768,0.00,,,ipv4,MOW,0.667,TA,0.333,
35022,GAZPROMBANK,768,0.00,,,ipv4,MOW,1.000,,,
35591,YUGINTERSETI-AS,768,0.00,,,ipv4,KDA,0.667,MOW,0.333,
35824,"COMMASTER-AS Russia, Moscow, Baumanskaya str.58 building 16",768,0.00,MOW,,ipv4,MOW,1.000,,,
39068,MAINTELECOM Main Telecom LLC,768,0.00,,,ipv4,MOW,1.000,,,
39240,SVYAZTELECOM-AS,768,0.00,,,ipv4,CHE,1.000,,,
39284,SR-AS,768,0.00,,,ipv4,KDA,1.000,,,
39406,CONVEX-ZARECNY,768,0.00,,,ipv4,SVE,1.000,,,
39580,MIAC_YANAO-AS,768,0.00,,,ipv4,YAN,1.000,,,
41085,E-PORT-AS e-port group,768,0.00,,,ipv4,MOW,1.000,,,
41127,SOROTELECOM,768,0.00,,,ipv4,MOS,1.000,,,
41269,CRIMEATECHNOLOGY,768,0.00,,,ipv4,KDA,0.333,LEN,0.333,
41787,OLC-AS,768,0.00,,,ipv4,NVS,1.000,,,
41864,ZELOBIT,768,0.00,,,ipv4,SPE,1.000,,,
41942,DOZOR-AS,768,0.00,,,ipv4,MOW,1.000,,,
42482,ASN-IMSYS-NN,768,0.00,,,ipv4,MOW,1.000,,,
42551,TALTEL-AS,768,0.00,,,ipv4,YAN,0.667,TYU,0.333,
43149,ROCKETTELECOM-AS,768,0.00,,,ipv4,PNZ,0.667,MOW,0.333,
43228,SIMPLE-TEL-AS,768,0.00,,,ipv4,MOW,1.000,,,
43403,SVIAZ-PLUS-AS,768,0.00,,,ipv4,SVE,1.000,,,
44174,JTGC1-AS,768,0.00,,,ipv4,SPE,1.000,,,
44401,LASNET-AS,768,0.00,,,ipv4,MOW,1.000,,,
44479,ROSSIYA-SEGODNYA,768,0.00,,,ipv4,MOW,1.000,,,
44734,INTERCOM-AS,768,0.00,,,ipv4,NIZ,1.000,,,
44834,POZITIVTELECOM-AS,768,0.00,,,ipv4,TYU,0.667,MOW,0.333,
44899,SKYTEL-AS,768,0.00,,,ipv4,SPE,1.000,,,
47247,MAXIMUM-AS,768,0.00,,,ipv4,OMS,0.667,SVE,0.333,
47418,RTS-AS,768,0.00,,,ipv4,UD,1.000,,,
47470,ORLIK-AS,768,0.00,,,ipv4,MOW,1.000,,,
48225,TELSI-AS,768,0.00,,,ipv4,SPE,1.000,,,
48349,ARQA-QUIK-AS ARQA Technologies LLC,768,0.00,,,ipv4,NVS,0.667,MOW,0.333,
48807,IXCELLERATE,768,0.00,,,ipv4,MOW,1.000,,,
48842,FRIENDIT,768,0.00,,,ipv4,MOW,1.000,,,
48877,YUNICOM-AS,768,0.00,,,ipv4,KDA,1.000,,,
49098,KVAZAR-AS,768,0.00,,,ipv4,KAM,0.667,MOW,0.333,
49179,TEND-AS,768,0.00,,,ipv4,MOW,1.000,,,
49184,MEDIASERVICE-AS,768,0.00,,,ipv4,BRY,1.000,,,
49400,PAGEMASTER-AS www.pagemaster.ru,768,0.00,,,ipv4,MOW,0.667,SAM,0.333,
49530,KOMPLEKS-AS,768,0.00,,,ipv4,PER,0.667,ORE,0.333,
49954,PROGRESSTECH,768,0.00,,,ipv4,LEN,0.667,SPE,0.333,
49988,ODKL-AS,768,0.00,,,ipv4,MOW,0.667,SPE,0.333,
49994,RIC-INFO-AS,768,0.00,,,ipv4,SPE,1.000,,,
50015,HOLINET-AS,768,0.00,,,ipv4,MOW,0.667,ROS,0.333,
50105,SKTNET,768,0.00,,,ipv4,SPE,1.000,,,
50158,CONNECT-LLC-AS,768,0.00,,,ipv4,YAN,0.667,MOW,0.333,
50284,DLINE-AS,768,0.00,,,ipv4,ORE,0.667,NL,0.333,
50396,FORMAT-C-AS,768,0.00,,,ipv4,VOR,0.667,MOW,0.333,
50859,TATAISENERGO,768,0.00,,,ipv4,TA,1.000,,,
50969,DEEPLAY-AS,768,0.00,,,ipv4,SPE,1.000,,,
51230,CIFRABAR-AS,768,0.00,,,ipv4,ARK,0.333,MOS,0.333,
51360,CEB-AS,768,0.00,,,ipv4,MOW,1.000,,,
51389,SEVENGIS-AS,768,0.00,,,ipv4,PER,1.000,,,
51446,KATTELECOMNET,768,0.00,,,ipv4,SVE,1.000,,,
51520,RH,768,0.00,,,ipv4,MOW,0.667,KYA,0.333,
51607,IPMEDIA-SOCHI,768,0.00,,KDA,ipv4,KDA,1.000,,,1.000
51789,TIMEWEBCLOUD,768,0.00,,,ipv4,SPE,0.667,MOW,0.333,
56387,PIP-AS,768,0.00,,,ipv4,KHM,1.000,,,
56564,WM-AGENCY,768,0.00,,,ipv4,MOW,1.000,,,
56619,KSB,768,0.00,,,ipv4,SPE,1.000,,,
56829,VNIITR-AS,768,0.00,,,ipv4,MOW,1.000,,,
57274,PSCB,768,0.00,,,ipv4,SPE,1.000,,,
57530,GPMRADIO,768,0.00,,,ipv4,MOW,1.000,,,
57615,ISPNET-ME,768,0.00,,,ipv4,MOW,1.000,,,
58045,SPORTS-AS,768,0.00,,,ipv4,MOW,1.000,,,
58094,JSC-VNUKOVO-INTERNATIONAL-AIRPORT,768,0.00,,,ipv4,MOW,1.000,,,
58217,ASBELKOMSTROY,768,0.00,,,ipv4,KDA,1.000,,,
59823,MTRIX-ALCHEVSK-AS,768,0.00,,,ipv4,AD,1.000,,,
59957,BILLING-CENTER-AS,768,0.00,,,ipv4,NVS,1.000,,,
59975,PLAYTELECOM,768,0.00,,,ipv4,MOS,1.000,,,
60343,ROSCAP-AS,768,0.00,,,ipv4,MOW,1.000,,,
60603,UTEL-AS,768,0.00,,,ipv4,SAM,1.000,,,
60684,BNEDV-NET,768,0.00,,,ipv4,SPE,1.000,,,
60731,CONNECTO,768,0.00,,,ipv4,SPE,0.667,LEN,0.333,
60873,UTEKTV-AS,768,0.00,,,ipv4,MOW,0.667,TYU,0.333,
60922,AS_KKM_IT,768,0.00,,,ipv4,CH,0.333,GB,0.333,
61206,CPCR-AS,768,0.00,,,ipv4,MOW,1.000,,,
61324,D-TELEKOM-AS,768,0.00,,,ipv4,MOW,0.667,KDA,0.333,
61416,ARKHANGELSK-AS,768,0.00,ARK,ARK,ipv4,ARK,0.667,SPE,0.333,0.667
62004,CLOUDPRO,768,0.00,,,ipv4,NVS,1.000,,,
62006,UNECHA-TELESET-AS,768,0.00,,,ipv4,BRY,1.000,,,
62069,TELECOM-UNION-AS,768,0.00,,,ipv4,KHA,1.000,,,
62103,AIRLINK-AS,768,0.00,,,ipv4,ROS,1.000,,,
62268,E-MOSKVA-AS,768,0.00,,,ipv4,MOW,0.667,SPE,0.333,
196764,IVC-MPR-AS,768,0.00,,,ipv4,MOW,1.000,,,
196914,DON-PLUS-AS,768,0.00,,,ipv4,ROS,0.667,MOW,0.333,
197498,VERBETA-AS,768,0.00,,,ipv4,MOW,1.000,,,
197607,TECHNOMEDIA-AS,768,0.00,,,ipv4,MOW,1.000,,,
197756,PECOM-AS,768,0.00,,,ipv4,MOW,1.000,,,
197986,TMK-GROUP,768,0.00,,,ipv4,MOW,0.667,IVA,0.333,
198137,NET-NORD-AS,768,0.00,,,ipv4,MOS,0.667,MOW,0.333,
198255,UEC-AS,768,0.00,,,ipv4,MOW,1.000,,,
198580,YOUONLINE-AS,768,0.00,,,ipv4,SPE,0.667,LEN,0.333,
198592,SVIR-TELECOM-AS,768,0.00,,,ipv4,LEN,1.000,,,
198793,BENDA,768,0.00,,,ipv4,KDA,0.333,MOS,0.333,
198953,PROTON66,768,0.00,,,ipv4,MOW,1.000,,,
199304,MIG-AS,768,0.00,,,ipv4,MOW,1.000,,,
199502,GT-AS,768,0.00,,,ipv4,MOW,1.000,,,
199732,TERICOM-AS,768,0.00,,,ipv4,SPE,0.667,MOW,0.333,
200362,INTERNET_SYSTEMS_LLC,768,0.00,,,ipv4,SPE,1.000,,,
200390,PSST-AS,768,0.00,,,ipv4,MOW,1.000,,,
200401,BITRIX-1BX-HOST-AS,768,0.00,,,ipv4,MOW,0.667,ORE,0.333,
200593,PROSPERO-AS,768,0.00,,,ipv4,SPE,0.667,MOW,0.333,
200662,BETAVOIP,768,0.00,,,ipv4,MOW,1.000,,,
200922,YUGTEL-AS,768,0.00,,,ipv4,KDA,0.667,LEN,0.333,
200976,LIFESTREAM-AS,768,0.00,,,ipv4,MOW,1.000,,,
200988,BRIDGETEL-AS,768,0.00,,,ipv4,SA,1.000,,,
201022,ABS-AS,768,0.00,,,ipv4,MOW,1.000,,,
201267,ASN-RMS,768,0.00,,,ipv4,KDA,1.000,,,
201282,SMIT-AS,768,0.00,,,ipv4,VGG,0.667,MOW,0.333,
201551,VONLINE-AS,768,0.00,,,ipv4,SPE,0.667,LEN,0.333,
201582,ICS-AS,768,0.00,,,ipv4,PER,1.000,,,
201794,MOSINZHPROEKT-AS www.mosinzhproekt.ru,768,0.00,,,ipv4,MOW,1.000,,,
202070,NNGS-AS,768,0.00,,,ipv4,MOW,0.667,SPE,0.333,
202164,NETCUBE NETCUBE LLC,768,0.00,,,ipv4,MOW,1.000,,,
202248,YARU-AS,768,0.00,,,ipv4,KDA,0.667,KHM,0.333,
202599,OTKTEL-AS,768,0.00,,,ipv4,MOW,0.667,IVA,0.333,
202700,KUSHKHOV-AS,768,0.00,,,ipv4,KB,0.667,MOW,0.333,
202963,MASTER-AS,768,0.00,,,ipv4,MOW,0.667,TYU,0.333,
203549,INDIVIDUALENTREPRENEUREDUARDURUZOVAS,768,0.00,,,ipv4,KDA,1.000,,,
204311,DIRECTCREDIT-AS,768,0.00,,,ipv4,MOW,1.000,,,
204878,CCT-M9P1,768,0.00,,,ipv4,MOW,1.000,,,
204925,"CIKTRB Center for Information and Communication Technologies of the Republic of Bashkortostan, State Unitary Enterprise",768,0.00,BA,,ipv4,BA,1.000,,,
204941,TGS-AS,768,0.00,,,ipv4,MOW,1.000,,,
205682,GIPROSNAB-AS,768,0.00,,,ipv4,MOW,1.000,,,
206171,IRIDIUM-RUSSIA-AS,768,0.00,,,ipv4,MOW,0.667,UD,0.333,
206653,BIOCAD_AS,768,0.00,,,ipv4,SPE,0.667,MOW,0.333,
207228,RAKETA-NET-AS,768,0.00,,,ipv4,IRK,0.667,MOW,0.333,
207423,STEILSOUTH-AS,768,0.00,,,ipv4,DA,1.000,,,
207794,ONSEVER OnLine Sever,768,0.00,,,ipv4,ARK,1.000,,,
207883,KDP-TELECOM-AS,768,0.00,,,ipv4,NVS,1.000,,,
208008,LMV-AS,768,0.00,,,ipv4,MOW,1.000,,,
208314,ACCESSTELECOM,768,0.00,,,ipv4,NIZ,1.000,,,
208413,RUBYNET-AS,768,0.00,,,ipv4,SA,0.667,AMU,0.333,
208720,ROS-LTD,768,0.00,,,ipv4,ROS,0.667,MOW,0.333,
208780,ASANDIAL,768,0.00,,,ipv4,MOW,0.667,SVE,0.333,
208890,RCK,768,0.00,,,ipv4,ROS,0.667,MOW,0.333,
208903,BINP,768,0.00,,,ipv4,KYA,0.667,MOW,0.333,
208955,URALNET-AS,768,0.00,,,ipv4,SVE,1.000,,,
209084,CBR-DATA,768,0.00,,,ipv4,MOW,1.000,,,
209133,DATA-HALL,768,0.00,,,ipv4,NVS,0.667,MOW,0.333,
209361,DCE-AS,768,0.00,,,ipv4,SVE,1.000,,,
209473,INFODEC,768,0.00,,,ipv4,NIZ,1.000,,,
209520,GOZNAK-AS,768,0.00,,,ipv4,MOW,0.667,SPE,0.333,
209728,EXPERTTELECOM-AS,768,0.00,,,ipv4,SA,0.667,NVS,0.333,
209955,UI,768,0.00,,,ipv4,VLA,1.000,,,
210239,ZNIIS-AS,768,0.00,,,ipv4,IRK,0.667,MOW,0.333,
210240,NTC-AS,768,0.00,,,ipv4,MOW,1.000,,,
210281,ECOCONNECT,768,0.00,,,ipv4,MOW,0.667,MOS,0.333,
210447,DARKTEL-AS,768,0.00,,,ipv4,SPE,1.000,,,
210739,NEOLINKGROUP,768,0.00,,,ipv4,MOW,1.000,,,
210751,BITCHUTE,768,0.00,,,ipv4,MOW,1.000,,,
211291,TULUN-TELECOM-AS,768,0.00,,,ipv4,IRK,1.000,,,
211791,MEGASET,768,0.00,,,ipv4,MOW,0.667,KL,0.333,
211830,FIRSTVPS-LTD,768,0.00,,,ipv4,MOW,0.667,TR,0.333,
211860,VPSDEDIC-AS,768,0.00,,,ipv4,NVS,1.000,,,
212210,WEBSTARLINK-AS,768,0.00,,,ipv4,PRI,1.000,,,
212299,GALAXYSOFT,768,0.00,,,ipv4,MOW,1.000,,,
213010,GENING-AS,768,0.00,,,ipv4,NL,0.667,ALT,0.333,
213316,DLINEMEDIA-AS,768,0.00,,,ipv4,DE,0.333,GB,0.333,
213506,VKUSVILL-AS,768,0.00,,,ipv4,NVS,0.667,MOS,0.333,
213717,HYPERMETRICA,768,0.00,,,ipv4,MOW,1.000,,,
213834,LLC-ROCKWELL-CAPITAL,768,0.00,,,ipv4,MOW,1.000,,,
214063,SBISDEV-AS,768,0.00,,,ipv4,YAR,1.000,,,
214109,TKALFAIP-AS,768,0.00,,,ipv4,ROS,0.667,MOW,0.333,
214149,DIGITAL-CERTIFICATE,768,0.00,,,ipv4,NVS,1.000,,,
214656,"MARAPHON-AS Moscow, Russia",768,0.00,MOW,,ipv4,MOW,0.667,MOS,0.333,
214719,-Reserved AS-,768,0.00,,,ipv4,EE,0.667,MOW,0.333,
215654,GENICHESKONLINE,768,0.00,,,ipv4,MOW,1.000,,,
215882,HIPERLINEASN,768,0.00,,,ipv4,KGD,0.333,MOW,0.333,
219543,PA1792-AS - German Kiselev,768,0.00,,,ipv4,PL,0.667,EE,0.333,
3200,ASNAVICON,512,0.00,,,ipv4,MOW,0.500,SPE,0.500,
3284,SERVICECLOUD-AS,512,0.00,,,ipv4,MOW,1.000,,,
5473,ASNORILSK,512,0.00,,,ipv4,KYA,1.000,,,
5553,"TAMBOVMAN-AS Tambov, Russia",512,0.00,,TAM,ipv4,TAM,1.000,,,1.000
6828,USI PJSC Rostelecom. Ekaterinburg branch,512,0.00,,SVE,ipv4,SVE,1.000,,,1.000
8279,ASSTRATEGIYA Novaya Strategia Ltd.,512,0.00,,,ipv4,ALT,1.000,,,
8350,COMBELLGA-AS,512,0.00,,,ipv4,MOW,1.000,,,
8381,BAYDAR-AS,512,0.00,,,ipv4,RU,1.000,,,
8753,MEDIATELESET,512,0.00,,,ipv4,ROS,1.000,,,
8909,AMURSU,512,0.00,,,ipv4,AMU,1.000,,,
8998,TUMTTL-AS,512,0.00,,,ipv4,TYU,1.000,,,
9006,GEPSPD-AS,512,0.00,,,ipv4,NVS,1.000,,,
9041,RSVPU,512,0.00,,,ipv4,MOW,1.000,,,
9077,UFSC-AS,512,0.00,,,ipv4,BA,0.500,MOW,0.500,
9124,IKBFU,512,0.00,,,ipv4,KGD,1.000,,,
12456,KLG-AS,512,0.00,,,ipv4,MOS,1.000,,,
12679,"ASN-MOL Moscow, Russia",512,0.00,MOW,,ipv4,MOW,1.000,,,
12690,"MKSNET-AS Moscow, Russia",512,0.00,MOW,,ipv4,MOW,1.000,,,
12790,CEA-AS,512,0.00,,,ipv4,MOW,1.000,,,
12938,IBCH,512,0.00,,,ipv4,MOW,1.000,,,
13029,GCSI-CHUVASHII-AS,512,0.00,,,ipv4,CU,1.000,,,
13094,SFO-IX-AS,512,0.00,,,ipv4,ALT,1.000,,,
13185,UNIVOREL,512,0.00,,,ipv4,ORL,1.000,,,
15707,INGOSSTRAKH-AS,512,0.00,,,ipv4,VLA,1.000,,,
16300,INTERTAX-AREA,512,0.00,,,ipv4,KYA,1.000,,,
20821,RUBIT,512,0.00,,,ipv4,IVA,1.000,,,
20826,S-LOGISTIC-LTD-AS,512,0.00,,,ipv4,MOW,1.000,,,
21020,GAU-RD-CIT-AS,512,0.00,,,ipv4,KDA,1.000,,,
21275,KOMPANIYA-METALLINVEST-AS,512,0.00,,,ipv4,SVE,1.000,,,
21292,NSPK,512,0.00,,,ipv4,MOW,1.000,,,
21298,IHOUSE-AS,512,0.00,,,ipv4,MO,1.000,,,
21314,KASSIRRU-AS,512,0.00,,,ipv4,MOW,1.000,,,
24602,RADIONET-T-AS,512,0.00,,,ipv4,TUL,1.000,,,
24697,SATURN-AS,512,0.00,,,ipv4,MOW,1.000,,,
24913,BANKSPB,512,0.00,,,ipv4,MOW,0.500,SPE,0.500,
25001,RIKOP,512,0.00,,,ipv4,NVS,1.000,,,
28736,ZENCOM-TELECOMNET,512,0.00,,,ipv4,MOS,1.000,,,
28899,URIIT-AS,512,0.00,,,ipv4,KHM,1.000,,,
28965,TRK5-AS,512,0.00,,,ipv4,SPE,1.000,,,
29233,IIP-NET-AS29233,512,0.00,,,ipv4,MOW,1.000,,,
29258,JETINFO-AS,512,0.00,,,ipv4,MOW,1.000,,,
29285,AMTMGTS-AS,512,0.00,,,ipv4,MOW,1.000,,,
29634,ADBRU-AS,512,0.00,,,ipv4,MOW,1.000,,,
30871,MUNIC,512,0.00,,,ipv4,KYA,0.500,NVS,0.500,
30928,RUBTSOVSK-AS,512,0.00,,,ipv4,KDA,1.000,,,
30952,KIT-FINANCE-TC-AS,512,0.00,,,ipv4,SPE,1.000,,,
31462,ABSOLUTBANK-AS,512,0.00,,,ipv4,MOW,1.000,,,
31470,CHEMK-AS,512,0.00,,,ipv4,CHE,1.000,,,
31496,ATNET-AS OJSC North-West Telecom,512,0.00,,,ipv4,ARK,1.000,,,
33888,NCPLG-AS Autonomous System,512,0.00,,,ipv4,MOW,1.000,,,
34017,ASCNET-AS,512,0.00,,,ipv4,KHA,1.000,,,
34033,S2116-AS,512,0.00,,,ipv4,KRS,1.000,,,
34503,YOUNET74-AS,512,0.00,,,ipv4,CHE,1.000,,,
34582,VORONEZHSIGNAL-AS,512,0.00,,,ipv4,VOR,1.000,,,
34671,TOMSKNEFTEHIM-AS,512,0.00,,,ipv4,TOM,1.000,,,
34838,ALFAINS-AS,512,0.00,,,ipv4,MOW,1.000,,,
34853,PRIME-AS,512,0.00,,,ipv4,MOW,1.000,,,
34866,MASTERIT,512,0.00,,,ipv4,SPE,1.000,,,
34881,SLAVYANSK-EKO-AS,512,0.00,,,ipv4,KDA,1.000,,,
34998,SDM-AS,512,0.00,,,ipv4,MOW,1.000,,,
35083,AHML-AS,512,0.00,,,ipv4,MOW,1.000,,,
35102,RSBANK-AS,512,0.00,,,ipv4,MOW,1.000,,,
35257,MIFS-AS,512,0.00,,,ipv4,MOW,1.000,,,
35455,RR,512,0.00,,,ipv4,MOW,1.000,,,
35469,AVANGARD-AS,512,0.00,,,ipv4,MOW,1.000,,,
35764,AARI,512,0.00,,,ipv4,SPE,1.000,,,
35780,LOGIX-AS,512,0.00,,,ipv4,MOW,1.000,,,
38958,AGATPLUS-AS,512,0.00,,,ipv4,KGN,1.000,,,
38971,ATOL,512,0.00,,,ipv4,MOW,1.000,,,
38974,FABERLIC-AS,512,0.00,,,ipv4,MOW,1.000,,,
39033,MEDIAOPERATOR-AS,512,0.00,,,ipv4,MOW,1.000,,,
39034,FOTOEXPERT,512,0.00,,,ipv4,MOW,1.000,,,
39047,KERCHNET-AS Multiservice Networks Ltd.,512,0.00,,,ipv4,RU,1.000,,,
39058,STEP-AS,512,0.00,,,ipv4,MOW,0.500,SAM,0.500,
39061,LAYKA-LTD-AS,512,0.00,,,ipv4,KEM,1.000,,,
39121,TPTUS-AS,512,0.00,,,ipv4,KYA,1.000,,,
39266,RESO-AS,512,0.00,,,ipv4,MOW,1.000,,,
39267,KOLTSOURALA-AS,512,0.00,,,ipv4,SVE,1.000,,,
39269,BALTINFORM-AS,512,0.00,,,ipv4,KGD,1.000,,,
39407,CHITATELECOM-AS PJSC Rostelecom. Novosibirsk branch,512,0.00,NVS,,ipv4,NVS,0.500,ZAB,0.500,
39415,MGTSUASIT-AS,512,0.00,,,ipv4,MOW,1.000,,,
39589,MKM,512,0.00,,,ipv4,MOW,1.000,,,
39688,OTPBANK-RUS,512,0.00,,,ipv4,MOW,0.500,PRI,0.500,
39843,RATECOM,512,0.00,,,ipv4,MOS,1.000,,,
39864,TENSORCOMP-AS,512,0.00,,,ipv4,YAR,1.000,,,
41067,SEB-AS,512,0.00,,,ipv4,SPE,1.000,,,
41143,OBTELECOM-NSK,512,0.00,,NVS,ipv4,NVS,1.000,,,1.000
41185,NSPK-EC-AS,512,0.00,,,ipv4,MOW,1.000,,,
41187,NSPK-SBP-AS,512,0.00,,,ipv4,MOW,1.000,,,
41223,CPM-LTD-AS,512,0.00,,,ipv4,MOW,1.000,,,
41259,CR30-AS,512,0.00,,,ipv4,AST,1.000,,,
41308,TVOE-TV,512,0.00,,,ipv4,MOW,1.000,,,
41388,ORIGINAL-AS,512,0.00,,,ipv4,MOW,1.000,,,
41500,RUNET_AS,512,0.00,,,ipv4,KEM,0.500,ROS,0.500,
41512,NPO-DESIGN-AS,512,0.00,,,ipv4,SPE,1.000,,,
41551,VTB-AS,512,0.00,,,ipv4,MOW,1.000,,,
41615,RSHB,512,0.00,,,ipv4,MOW,1.000,,,
41654,INETRA,512,0.00,,,ipv4,NVS,1.000,,,
41748,VSS-SAMARA-AS,512,0.00,SAM,,ipv4,SAM,1.000,,,
41774,KAPLIFE-AS,512,0.00,,,ipv4,MOW,1.000,,,
41775,ECOM_AS,512,0.00,,,ipv4,CY,0.500,MOW,0.500,
41812,DIPEX-GROUP-AS,512,0.00,,,ipv4,PRI,1.000,,,
41826,BN-NET,512,0.00,,,ipv4,MOW,1.000,,,
41895,INFORM-SVYAZ,512,0.00,,,ipv4,SPE,1.000,,,
42056,MERT-RF-AS,512,0.00,,,ipv4,SAM,1.000,,,
42231,PRSBM-AS,512,0.00,,,ipv4,MOW,1.000,,,
42247,WESCOM-AS,512,0.00,,,ipv4,MOS,1.000,,,
42399,HCRU-AS,512,0.00,,,ipv4,MOW,1.000,,,
42558,BCS-NSK-AS,512,0.00,,,ipv4,NVS,1.000,,,
42561,GRAD-AS,512,0.00,,,ipv4,MOW,1.000,,,
42569,PSKSET-AS,512,0.00,,,ipv4,MOS,0.500,MOW,0.500,
42677,MARATHONBET,512,0.00,,,ipv4,MOW,1.000,,,
42773,INTELCOM-UPSTREAM,512,0.00,,,ipv4,KYA,1.000,,,
42809,FSKEES-AS,512,0.00,,,ipv4,MOW,1.000,,,
42920,FESCO-AS,512,0.00,,,ipv4,PRI,1.000,,,
42995,GEOTELECOM-AS,512,0.00,,,ipv4,KYA,1.000,,,
42996,VITA-AS,512,0.00,,,ipv4,SAM,1.000,,,
43085,LOGIS-AS,512,0.00,,,ipv4,CHE,1.000,,,
43246,SNEZHINSKY-BANK-AS,512,0.00,,,ipv4,CHE,1.000,,,
43264,RTODON-AS,512,0.00,,,ipv4,ROS,1.000,,,
43307,ALTLINUX-AS,512,0.00,,,ipv4,MOW,1.000,,,
43502,EPK-AS,512,0.00,,,ipv4,MOW,1.000,,,
43592,ICB-AS,512,0.00,,,ipv4,UD,1.000,,,
43673,MULTICARTA-TECH-AS,512,0.00,,,ipv4,MOW,0.500,SPE,0.500,
43676,AETP-AS,512,0.00,,,ipv4,MOW,1.000,,,
43741,SITIRIT-AS,512,0.00,,,ipv4,SPE,1.000,,,
43798,NOVA-AS,512,0.00,,,ipv4,MOW,1.000,,,
43972,PE_OLENICH_AS,512,0.00,,,ipv4,AD,0.500,ROS,0.500,
44102,SOGAZ-E-OS,512,0.00,,,ipv4,MOW,1.000,,,
44254,UMINET-AS,512,0.00,,,ipv4,MOS,1.000,,,
44378,BELUGAMARKET-AS,512,0.00,,,ipv4,MOS,1.000,,,
44420,INFOLINE-AS,512,0.00,,,ipv4,KEM,1.000,,,
44470,MOSKOMMERTSBANK,512,0.00,,,ipv4,MOW,1.000,,,
44478,ETALONOPTIC-NET,512,0.00,,,ipv4,LEN,0.500,SAR,0.500,
44560,MIA-AS,512,0.00,,,ipv4,MOW,1.000,,,
44626,BCA-HOME-INTERNET-NETWORK,512,0.00,,,ipv4,SPE,1.000,,,
44660,UMKAST,512,0.00,,,ipv4,ROS,1.000,,,
44665,SOVCOMFLOT-AS,512,0.00,,,ipv4,MOW,1.000,,,
44849,SDN-SETI-AS,512,0.00,,,ipv4,MOW,1.000,,,
44857,VSW-AS,512,0.00,,,ipv4,NIZ,1.000,,,
44915,VBRR-AS,512,0.00,,,ipv4,IVA,0.500,MOW,0.500,
44956,OKS-AS,512,0.00,,,ipv4,KLU,1.000,,,
44985,EXPOFORUM-AS,512,0.00,,,ipv4,SPE,1.000,,,
47213,IKA-TELECOM-AS,512,0.00,,,ipv4,MOW,1.000,,,
47243,ONEXIM-AS,512,0.00,,,ipv4,MOW,1.000,,,
47256,OLIMPTELECOM26-AS,512,0.00,,,ipv4,MOW,0.500,STA,0.500,
47257,VARNOFF-AS,512,0.00,,,ipv4,SAM,1.000,,,
47259,FYODOROV-AS,512,0.00,,,ipv4,KR,1.000,,,
47338,MKU-TSITITO-AS,512,0.00,,,ipv4,IRK,1.000,,,
47349,TRC-BRT-LLC,512,0.00,,,ipv4,KDA,1.000,,,
47354,EUROPLAN,512,0.00,,,ipv4,MOW,1.000,,,
47456,PERVAJABAZA-AS,512,0.00,,,ipv4,MOW,1.000,,,
47457,SBERBANK-BALAKOVO-AS,512,0.00,,,ipv4,MOW,1.000,,,
47495,RADIONET-T-AS,512,0.00,,,ipv4,TUL,1.000,,,
47635,INFOSET-COM-AS,512,0.00,,,ipv4,MOS,0.500,MOW,0.500,
47652,SUPERJOB-AS,512,0.00,,,ipv4,MOW,1.000,,,
47740,UBRD-AS,512,0.00,,,ipv4,SVE,1.000,,,
47827,UK-METALLOINVEST-AS,512,0.00,,,ipv4,MOW,1.000,,,
47854,QWERTY-AS,512,0.00,,,ipv4,PER,1.000,,,
47860,OTC-AS,512,0.00,,,ipv4,MOW,1.000,,,
48041,EKATERINBURG-SIGNAL-AS,512,0.00,,,ipv4,SVE,1.000,,,
48058,DRSK-AS,512,0.00,,,ipv4,AMU,1.000,,,
48160,OTK-AS-2,512,0.00,,,ipv4,ORE,1.000,,,
48188,K-SERVICEAS,512,0.00,,,ipv4,AMU,0.500,MOW,0.500,
48321,RIALCOMOOO-AS,512,0.00,,,ipv4,MOS,1.000,,,
48343,PJSC_ROSSETI_MOSCOW_REGION,512,0.00,MOW,,ipv4,MOW,1.000,,,
48396,NORNICKEL-MOS-AS,512,0.00,,,ipv4,SPE,1.000,,,
48409,NPF-LI-AS,512,0.00,,,ipv4,SAR,1.000,,,
48429,USUE-AS,512,0.00,,,ipv4,SVE,1.000,,,
48442,AURORAAIRLINES-AS,512,0.00,,,ipv4,MOW,1.000,,,
48499,AEROCLUB-AS,512,0.00,,,ipv4,MOW,1.000,,,
48508,BSN-AS,512,0.00,,,ipv4,TVE,1.000,,,
48527,URALENRGOSBYT-AS,512,0.00,,,ipv4,CHE,1.000,,,
48530,STAVROPOL-COMPNET-AS,512,0.00,STA,,ipv4,LEN,1.000,,,
48561,AUTOMIR-AS,512,0.00,,,ipv4,MOW,1.000,,,
48722,CRISTAL-AS CristalNET,512,0.00,,,ipv4,MOW,1.000,,,
48723,RT-INFORM,512,0.00,,,ipv4,MOW,1.000,,,
48770,ASSIST,512,0.00,,,ipv4,SPE,1.000,,,
48876,INTERA-AS,512,0.00,,,ipv4,MOW,0.500,PRI,0.500,
48891,ALEF-BANK-AS,512,0.00,,,ipv4,MOW,1.000,,,
48938,GUARD-INFORM-AS,512,0.00,,,ipv4,TUL,1.000,,,
48949,MEDIA-TV-AS,512,0.00,,,ipv4,BRY,1.000,,,
48959,GARMONIYA-AS,512,0.00,,,ipv4,MOW,0.500,NIZ,0.500,
48969,PARUS-TELECOM-AS,512,0.00,,,ipv4,MOW,1.000,,,
48986,DISTATE,512,0.00,,,ipv4,SPE,1.000,,,
49031,CALLTOUCH-AS,512,0.00,,,ipv4,MOW,1.000,,,
49153,KMK-TELECOM-AS,512,0.00,,,ipv4,MOW,1.000,,,
49155,KETRA-AS,512,0.00,,,ipv4,MOS,1.000,,,
49156,IZHLINE-AS,512,0.00,,,ipv4,UD,1.000,,,
49186,VOSKHOD-AS,512,0.00,,,ipv4,MOW,1.000,,,
49231,CHTC-AS,512,0.00,,,ipv4,MOW,1.000,,,
49238,DRWEB-AS,512,0.00,,,ipv4,SPE,1.000,,,
49280,SAIFULLIN-AS,512,0.00,,,ipv4,TA,1.000,,,
49315,CENTRSVYAZ-AS,512,0.00,,,ipv4,KGD,1.000,,,
49339,UGRASU-AS,512,0.00,,,ipv4,KHM,1.000,,,
49346,IS-AS,512,0.00,,,ipv4,MOS,1.000,,,
49361,YUGORSKGAZTELECOM-AS,512,0.00,,,ipv4,KHM,1.000,,,
49369,AORS-AS,512,0.00,,,ipv4,ORE,1.000,,,
49404,RVS,512,0.00,,,ipv4,OMS,1.000,,,
49506,GUMSNET-AS,512,0.00,,,ipv4,CE,1.000,,,
49510,TCV-AS,512,0.00,,,ipv4,MOS,1.000,,,
49637,SURGUTNEFTEGAS-AS,512,0.00,,,ipv4,TYU,1.000,,,
49665,MKS-KISLOVODSK-AS,512,0.00,,,ipv4,ROS,1.000,,,
49679,MEGAMARKET-AS,512,0.00,,,ipv4,MOW,0.500,ROS,0.500,
49841,EXPO-AS,512,0.00,,,ipv4,MOW,1.000,,,
49860,INTERNET96-AS,512,0.00,,,ipv4,SVE,1.000,,,
49886,ROSGOSSTRAKH Rosgosstrakh Insurance Company  PJSC,512,0.00,,,ipv4,MOW,0.500,TVE,0.500,
49891,GALLERY-CHIZHOV,512,0.00,,,ipv4,VOR,1.000,,,
49916,TOYOTA-MOTOR-LTD-AS,512,0.00,,,ipv4,IVA,1.000,,,
50037,"SERVERKURSK-AS Kursk, Russia",512,0.00,,,ipv4,KRS,1.000,,,
50040,RUSSIA_TODAY,512,0.00,,,ipv4,MOW,1.000,,,
50082,EURECA JSC Eureca,512,0.00,,,ipv4,SPE,1.000,,,
50164,TATNEFT-AS,512,0.00,,,ipv4,TA,1.000,,,
50228,ANEXTEL-AS,512,0.00,,,ipv4,MOS,0.500,MOW,0.500,
50276,MUCTR,512,0.00,,,ipv4,MOW,1.000,,,
50339,NSPK,512,0.00,,,ipv4,MOW,1.000,,,
50341,ALTA-SOFT-AS,512,0.00,,,ipv4,MOW,1.000,,,
50443,RU-SIBINTEK-KRSK,512,0.00,,,ipv4,MOW,1.000,,,
50451,DIGITAL-NSO,512,0.00,,,ipv4,NVS,1.000,,,
50464,CBM-AS,512,0.00,,,ipv4,MOW,1.000,,,
50536,JAMAL-KONTINENT,512,0.00,,,ipv4,YAN,1.000,,,
50545,SOFTCLUB-AS,512,0.00,,,ipv4,MOW,1.000,,,
50636,RTP-MEDIA,512,0.00,,,ipv4,MOW,1.000,,,
50640,BANK-ROSSIYA-AS,512,0.00,,,ipv4,SPE,1.000,,,
50677,SUPEROX,512,0.00,,,ipv4,MOW,1.000,,,
50688,MEDIANET,512,0.00,,,ipv4,SPE,1.000,,,
50775,AS_24H_TV,512,0.00,,,ipv4,MOS,1.000,,,
50846,AVALAN-AS,512,0.00,,,ipv4,MOW,1.000,,,
50850,ATN-R-AS,512,0.00,,,ipv4,MOS,1.000,,,
50852,INTERRA-AS,512,0.00,,,ipv4,KLU,1.000,,,
50860,CITYADM-AS,512,0.00,,,ipv4,TOM,1.000,,,
50863,CNRG-GROUP-AS,512,0.00,,,ipv4,AST,1.000,,,
50942,TKZENIT-AS,512,0.00,,,ipv4,ROS,1.000,,,
50946,MOTEL,512,0.00,,,ipv4,MOW,1.000,,,
51136,HCFBANK,512,0.00,,,ipv4,MOW,1.000,,,
51213,KATREN-AS,512,0.00,,,ipv4,MOW,0.500,NVS,0.500,
51229,UPSYSTEMS-NET,512,0.00,,,ipv4,MOW,1.000,,,
51245,AS-CIT-,512,0.00,,,ipv4,ALT,1.000,,,
51316,ASEKATERINBURG,512,0.00,,,ipv4,SVE,1.000,,,
51339,ARKTIKA,512,0.00,,,ipv4,MOW,1.000,,,
51372,ORANGE-AS,512,0.00,,,ipv4,CE,1.000,,,
51397,BASHNEFT-AS,512,0.00,,,ipv4,SAR,1.000,,,
51419,ASIBT,512,0.00,,,ipv4,VOR,1.000,,,
51442,STREAMTELECOM-AS,512,0.00,,,ipv4,KHA,1.000,,,
51448,ASURALCABELNETS,512,0.00,,,ipv4,LEN,1.000,,,
51518,KAFA-NET-AS,512,0.00,,,ipv4,RU,1.000,,,
51523,GYMN-PERSPEKTIVA-AS,512,0.00,,,ipv4,MOW,1.000,,,
51593,QUASAR,512,0.00,,,ipv4,MOW,1.000,,,
51613,KOMUS-AS,512,0.00,,,ipv4,MOW,1.000,,,
51623,GINAGENCY-AS,512,0.00,,,ipv4,ZAB,1.000,,,
51635,E-MORDOVIA,512,0.00,MO,,ipv4,MO,1.000,,,
51641,VSK,512,0.00,,,ipv4,MOW,1.000,,,
51663,ASADMSOL,512,0.00,,,ipv4,PER,1.000,,,
51666,AS-OKHOST-LLC,512,0.00,,,ipv4,MOW,1.000,,,
51668,ASPIK,512,0.00,,,ipv4,MOW,1.000,,,
51686,SILVER-AS,512,0.00,,,ipv4,LEN,1.000,,,
51721,UCB,512,0.00,,,ipv4,MOW,1.000,,,
51724,FLYNET-AS,512,0.00,,,ipv4,TOM,1.000,,,
51748,SOGAZ-AS,512,0.00,,,ipv4,MOW,1.000,,,
51771,MTSBANK,512,0.00,,,ipv4,MOW,1.000,,,
51860,VDNH-AS,512,0.00,,,ipv4,MOW,1.000,,,
51916,GARANTSERVICE,512,0.00,,,ipv4,MOW,1.000,,,
51932,ORVD-AS,512,0.00,,,ipv4,MOW,1.000,,,
51991,TELE-MAG-AS,512,0.00,,,ipv4,LEN,1.000,,,
52028,INFORMATION-TECHNOLOGY-COMPANY-AS,512,0.00,,,ipv4,MOW,1.000,,,
52086,COREDATANET-AS,512,0.00,,,ipv4,OMS,1.000,,,
52131,CITY-AS,512,0.00,,,ipv4,UA,1.000,,,
52166,RUSAGRO-PRIMORIE,512,0.00,,,ipv4,VGG,1.000,,,
52205,SILON-SU-AS,512,0.00,,,ipv4,PRI,1.000,,,
56331,INFOLINK-AS,512,0.00,,,ipv4,TVE,1.000,,,
56336,VKN,512,0.00,,,ipv4,SPE,1.000,,,
56342,IT-GROUP,512,0.00,,,ipv4,PER,1.000,,,
56392,ATK-AS,512,0.00,,,ipv4,AD,1.000,,,
56405,RIB-NET,512,0.00,,,ipv4,TYU,1.000,,,
56409,KALUGA-ORG-AS,512,0.00,KLU,,ipv4,KLU,1.000,,,
56436,CHELYABINSK-AS,512,0.00,CHE,,ipv4,MOW,1.000,,,
56437,ASVDC-NETWORK,512,0.00,,,ipv4,MOW,1.000,,,
56477,NTKLTD-AS,512,0.00,,,ipv4,MOW,1.000,,,
56493,DLINE-AS,512,0.00,,,ipv4,MOS,1.000,,,
56529,RUAD-AS,512,0.00,,,ipv4,GE,1.000,,,
56536,BPROJECT-AS,512,0.00,,,ipv4,MOW,1.000,,,
56627,ITH-AS,512,0.00,,,ipv4,MOW,1.000,,,
56649,ASPETROVKA,512,0.00,,,ipv4,UA,1.000,,,
56691,FABRIKANT-AS,512,0.00,,,ipv4,MOW,1.000,,,
56699,NCEC,512,0.00,,,ipv4,NEN,1.000,,,
56702,"CHITATECHENERGO-AS The enterprise of systems of automation and communication, branch of JSC Chitatechenergo",512,0.00,,,ipv4,MOW,1.000,,,
56741,GLORIA-JEANS-AS,512,0.00,,,ipv4,ROS,1.000,,,
56777,NIITP,512,0.00,,,ipv4,MOW,1.000,,,
56806,ASCOM4S,512,0.00,,,ipv4,MOW,1.000,,,
56820,EVRAZHOLDING,512,0.00,,,ipv4,MOW,1.000,,,
56845,ASVLAZER,512,0.00,,,ipv4,PRI,1.000,,,
56846,NSC-AS,512,0.00,,,ipv4,MOW,0.500,SPE,0.500,
56874,ELECTROSVYAZ-AS,512,0.00,,,ipv4,MOS,0.500,MOW,0.500,
56888,KRNET-AS,512,0.00,,,ipv4,MOS,0.500,ORE,0.500,
56915,MALINA-AS,512,0.00,,,ipv4,MOW,0.500,ROS,0.500,
56917,DALTECH-AS,512,0.00,,,ipv4,KHA,1.000,,,
56934,CRAFTHOSTING-AS,512,0.00,,,ipv4,KHM,1.000,,,
57003,PORTALTELENET-AS,512,0.00,,,ipv4,SVE,1.000,,,
57006,SERVIS-N-AS,512,0.00,,,ipv4,SAM,1.000,,,
57107,RSCC-AS,512,0.00,,,ipv4,MOW,1.000,,,
57120,TMK-AS Tyumenskaya mnogoprofilnaya company CJSC,512,0.00,,,ipv4,TYU,1.000,,,
57139,SYBEST,512,0.00,,,ipv4,MOW,1.000,,,
57153,ASTELESYSTEM,512,0.00,,,ipv4,ORL,1.000,,,
57193,RUWEB-NN-AS,512,0.00,,,ipv4,NIZ,1.000,,,
57233,ASKOMPANON,512,0.00,,,ipv4,KRS,1.000,,,
57306,WEBPRIMEGROUP-AS,512,0.00,,,ipv4,MOW,1.000,,,
57314,PKI-AS --- Invest Mobile,512,0.00,,,ipv4,KDA,1.000,,,
57339,TAN-AS,512,0.00,,,ipv4,BU,1.000,,,
57364,KMARUDA-AS,512,0.00,,,ipv4,BEL,1.000,,,
57372,COMTELCO-AS,512,0.00,,,ipv4,MOW,1.000,,,
57411,NOVOTEHNIKS-AS,512,0.00,,,ipv4,KAM,1.000,,,
57531,REGIONINFOCOM-AS,512,0.00,,,ipv4,ROS,1.000,,,
57570,QIWIW-AS,512,0.00,,,ipv4,MOW,1.000,,,
57627,ASILBIT,512,0.00,,,ipv4,IVA,1.000,,,
57631,VMB-ROSTOV-AS Rostov-na-Dony. Russia,512,0.00,ROS,,ipv4,ROS,0.500,SPE,0.500,
57671,ASTPK,512,0.00,,,ipv4,MOW,1.000,,,
57708,CHEPETSKY-MECHANICAL-PLANT-AS,512,0.00,,,ipv4,UD,1.000,,,
57754,AIS-SERVICE-AS,512,0.00,,,ipv4,KHM,1.000,,,
57822,TN-RU-ASN Truenetwork Russia multihomed end-users,512,0.00,,,ipv4,MOW,0.500,VGG,0.500,
57861,AS-LIMEX,512,0.00,,,ipv4,CU,1.000,,,
57867,REA-AS,512,0.00,,,ipv4,MOW,1.000,,,
57874,EUROCABEL-AS,512,0.00,,,ipv4,SVE,1.000,,,
57906,LAMODA-AS,512,0.00,,,ipv4,MOW,1.000,,,
57940,"SVIAZSTROY-AS2 Moscow, Russia",512,0.00,MOW,,ipv4,SAM,1.000,,,
57941,"SVIAZSTROY-AS1 Moscow, Russia",512,0.00,MOW,,ipv4,SAM,1.000,,,
58031,APS-RA-AS,512,0.00,,,ipv4,MOW,1.000,,,
58072,ZENONLINE-AS,512,0.00,,,ipv4,MOW,1.000,,,
58090,DAZ-AS,512,0.00,,,ipv4,ULY,1.000,,,
58095,LANLINK-AS,512,0.00,,,ipv4,SA,1.000,,,
58097,TAXCOM-AS,512,0.00,,,ipv4,MOW,1.000,,,
58103,PANORAMAHD-AS,512,0.00,,,ipv4,LEN,0.500,MOW,0.500,
58187,IRCN-AS,512,0.00,,,ipv4,IRK,1.000,,,
58190,ASNETWORKLABORATORY,512,0.00,,,ipv4,IVA,1.000,,,
58207,POLYUS-AS,512,0.00,,,ipv4,KYA,1.000,,,
58225,TECHASSISTAS,512,0.00,,,ipv4,MOW,1.000,,,
58258,RULOK-AS,512,0.00,,,ipv4,MOS,1.000,,,
58292,ASCLOUDTECHNOLOGY,512,0.00,,,ipv4,SPE,1.000,,,
58301,KEYSYSTEMS-AS,512,0.00,,,ipv4,RYA,1.000,,,
58351,ECONETSIB-AS,512,0.00,,,ipv4,KYA,0.500,MOW,0.500,
59399,RMRS-AS,512,0.00,,,ipv4,SPE,1.000,,,
59418,NEWTECHNOLOGIES-AS,512,0.00,,,ipv4,TA,1.000,,,
59423,NB-ENERGO-AS,512,0.00,,,ipv4,CHE,1.000,,,
59459,ATK-AS,512,0.00,,,ipv4,MOW,1.000,,,
59482,ALIANS-MEDIA-AS,512,0.00,,,ipv4,LEN,1.000,,,
59495,ULKM-AS,512,0.00,,,ipv4,SVE,1.000,,,
59513,SEVENTECH,512,0.00,,,ipv4,MOW,1.000,,,
59525,SIBGENKO,512,0.00,,,ipv4,KYA,0.500,MOW,0.500,
59549,ASVIKINGSERVIS,512,0.00,,,ipv4,PSK,1.000,,,
59557,ASSTATUSTELECOM,512,0.00,,,ipv4,VOR,1.000,,,
59575,AS-NEWAGE,512,0.00,,,ipv4,TVE,1.000,,,
59580,BATTERFLYAIMEDIA-AS,512,0.00,,,ipv4,IR,0.500,LB,0.500,
59601,HEADHUNTER-OFFICE-AS,512,0.00,,,ipv4,MOW,1.000,,,
59614,URALMICRO-AS,512,0.00,,,ipv4,TYU,1.000,,,
59641,BESTHOLDING-ASN,512,0.00,,,ipv4,SVE,1.000,,,
59667,AUDIOTELE-AS,512,0.00,,,ipv4,MOW,1.000,,,
59792,MMK-AS,512,0.00,,,ipv4,MOS,0.500,ULY,0.500,
59867,OPTILINK-AS,512,0.00,,,ipv4,MOW,1.000,,,
60029,TV-MYTISCHI,512,0.00,,,ipv4,MOS,1.000,,,
60058,IT-OSOBA-AS,512,0.00,,,ipv4,MOS,1.000,,,
60075,GORODOK-NET,512,0.00,,,ipv4,AMU,1.000,,,
60124,AMIGOS-AS,512,0.00,,,ipv4,MOW,1.000,,,
60347,VOXYS-AS,512,0.00,,,ipv4,SVE,1.000,,,
60363,SPECTRUM,512,0.00,,,ipv4,MOW,1.000,,,
60365,IPCOM-AS,512,0.00,,,ipv4,MOW,0.500,ROS,0.500,
60465,NBRA-AS,512,0.00,,,ipv4,GE,1.000,,,
60473,CTI,512,0.00,,,ipv4,MOW,0.500,NIZ,0.500,
60489,ASCIT,512,0.00,,,ipv4,CZ,0.500,SVE,0.500,
60544,RBS,512,0.00,,,ipv4,MOW,1.000,,,
60548,INTERTELEKOM-AS,512,0.00,,,ipv4,SVE,1.000,,,
60561,MONUMENT-A-AS,512,0.00,,,ipv4,MOW,1.000,,,
60623,ATCOM-AS,512,0.00,,,ipv4,MOW,0.500,RYA,0.500,
60643,IMTSA-AS,512,0.00,,,ipv4,MOW,1.000,,,
60691,GLAVSV-AS,512,0.00,,,ipv4,KDA,0.500,MOW,0.500,
60722,SPBGASU-AS,512,0.00,,,ipv4,SPE,1.000,,,
60732,ASRIKTEL,512,0.00,,,ipv4,MOW,1.000,,,
60833,NLMK-AS,512,0.00,,,ipv4,LIP,0.500,MOW,0.500,
60988,UCS-AS,512,0.00,,,ipv4,MOW,1.000,,,
61151,ATB-BANK Asia-Pacific Bank,512,0.00,,,ipv4,IRK,0.500,MOW,0.500,
61237,SIGMATV-AS,512,0.00,,,ipv4,ORL,1.000,,,
61285,GULFSTREAM,512,0.00,,,ipv4,MOW,1.000,,,
61378,MPS,512,0.00,,,ipv4,MOW,1.000,,,
61382,KSINVEST-AS,512,0.00,,,ipv4,KO,1.000,,,
61433,SFERANET-AS,512,0.00,,,ipv4,ORL,1.000,,,
61971,SARLINK-AS,512,0.00,,,ipv4,SAR,1.000,,,
62029,CCIRF-AS,512,0.00,,,ipv4,MOW,1.000,,,
62036,ITLABS-AS,512,0.00,,,ipv4,MOW,0.500,TYU,0.500,
62293,URALCHEM-AS,512,0.00,,,ipv4,MOW,1.000,,,
62316,GRAN,512,0.00,,,ipv4,MOW,1.000,,,
62404,MIKFINANCE,512,0.00,,,ipv4,ROS,1.000,,,
64433,RS-LINK,512,0.00,,,ipv4,MOS,1.000,,,
196641,GRFC-AS,512,0.00,,,ipv4,MOW,1.000,,,
196699,RUSSOUTDOOR-AS,512,0.00,,,ipv4,MOS,1.000,,,
196721,ASO-NET,512,0.00,,,ipv4,KHA,0.500,SAK,0.500,
196754,GRANT-TELECOM-SPB-AS,512,0.00,,SPE,ipv4,SPE,1.000,,,1.000
196938,KRASTELECOM,512,0.00,,,ipv4,OMS,1.000,,,
197062,ASRPHARM,512,0.00,,,ipv4,MOW,1.000,,,
197145,IFB-AS - INFRASTRUCTURE FOR BUSINESS LLC,512,0.00,,,ipv4,MOW,1.000,,,
197153,GUVD,512,0.00,,,ipv4,KDA,1.000,,,
197163,KUBANRIVERCONNECTION-AS,512,0.00,,,ipv4,KDA,1.000,,,
197169,TAXNET-AS,512,0.00,,,ipv4,TA,1.000,,,
197171,MEGATEL-AS,512,0.00,,,ipv4,RU,1.000,,,
197303,OCS-AS,512,0.00,,,ipv4,MOW,0.500,SPE,0.500,
197510,SLEVEL-AS,512,0.00,,,ipv4,MOW,1.000,,,
197567,ASITLTD,512,0.00,,,ipv4,MOS,1.000,,,
197632,LIRAL-TELECOM-AS,512,0.00,,,ipv4,MOW,1.000,,,
197714,CITYLINE-,512,0.00,,,ipv4,MOW,0.500,TYU,0.500,
197717,MGOK-AS,512,0.00,,,ipv4,KRS,1.000,,,
197733,ATK-TELECOM,512,0.00,,,ipv4,NIZ,1.000,,,
197868,SERVICETELECOM,512,0.00,,,ipv4,ROS,1.000,,,
197880,ARQA-AS,512,0.00,,,ipv4,NVS,1.000,,,
197896,INTERPROGRESSBANK,512,0.00,,,ipv4,MOW,1.000,,,
197971,INET-TELECOM-AS,512,0.00,,,ipv4,MOS,1.000,,,
198083,VSTATION,512,0.00,,,ipv4,LEN,0.500,MOW,0.500,
198130,IPSAL,512,0.00,,,ipv4,MOW,1.000,,,
198226,KP-AS,512,0.00,,,ipv4,MOW,1.000,,,
198338,BELNET-NG-AS,512,0.00,,,ipv4,MD,1.000,,,
198348,NIX-AS,512,0.00,,,ipv4,MOW,1.000,,,
198481,SISTEMA-AS,512,0.00,,,ipv4,MOW,1.000,,,
198542,PODONIN,512,0.00,,,ipv4,SPE,1.000,,,
198546,DOMMEDIA-AS,512,0.00,,,ipv4,PER,1.000,,,
198615,RBASOFT-AS,512,0.00,,,ipv4,MOW,1.000,,,
198619,EFREMOV_ALEKSEJ_ALEKSEEVICH-AS,512,0.00,,,ipv4,VGG,1.000,,,
198639,ASSOZVEZDIEORIONA,512,0.00,,,ipv4,VLA,1.000,,,
198670,VYAZMAINFORMATIONNETWORK,512,0.00,,,ipv4,SMO,1.000,,,
198683,ASSISTEMYPAPILON,512,0.00,,,ipv4,CHE,1.000,,,
198705,PPREGION-AS,512,0.00,,,ipv4,BRY,0.500,MOW,0.500,
198712,INTERVALE-AS,512,0.00,,,ipv4,MOW,1.000,,,
198806,SIBUR-AS,512,0.00,,,ipv4,MOW,1.000,,,
198899,KSZ,512,0.00,,,ipv4,IVA,1.000,,,
199078,TELECOM-VIST,512,0.00,,,ipv4,MOW,0.500,SAM,0.500,
199085,INLINEGROUP,512,0.00,,,ipv4,MOW,1.000,,,
199110,R-18-AS,512,0.00,,,ipv4,IRK,0.500,NVS,0.500,
199119,OOO-BARSTEL-AS,512,0.00,,,ipv4,TA,1.000,,,
199136,DELTA,512,0.00,,,ipv4,MOW,1.000,,,
199214,AS_TTC,512,0.00,,,ipv4,MOS,1.000,,,
199320,OSNOVA-AS,512,0.00,,,ipv4,MOW,1.000,,,
199479,AMTP-AS,512,0.00,,,ipv4,KIR,0.500,TH,0.500,
199530,VIZA-4,512,0.00,,,ipv4,DE,1.000,,,
199583,KRDADM,512,0.00,,,ipv4,KDA,1.000,,,
199593,SYNTHESIS-AS,512,0.00,,,ipv4,MOW,1.000,,,
199658,SPBIEF-AS,512,0.00,,,ipv4,SPE,0.750,MOW,0.250,
199866,DNEVNIK-,512,0.00,,,ipv4,MOW,0.500,SPE,0.500,
199906,MCCME-AS,512,0.00,,,ipv4,MOW,1.000,,,
199922,PFR-AS,512,0.00,,,ipv4,MOW,1.000,,,
199940,CENTRAL-PPK-AS,512,0.00,,,ipv4,MOW,1.000,,,
199975,TVC-AS,512,0.00,,,ipv4,MOW,1.000,,,
199992,SEIC-AS SELLC Internet Autonomous System,512,0.00,,,ipv4,MOW,0.500,SAK,0.500,
200015,LIVETEX,512,0.00,,,ipv4,SPE,1.000,,,
200095,AGENTSTVO-E-AS,512,0.00,,,ipv4,MOW,0.500,TUL,0.500,
200121,CITRB-AS,512,0.00,,,ipv4,NIZ,1.000,,,
200123,KGILC-AS,512,0.00,,,ipv4,MUR,1.000,,,
200161,DATAPRO-AS www.datapro.ru,512,0.00,,,ipv4,MOW,1.000,,,
200515,POLYPLASTIC-AS,512,0.00,,,ipv4,MOW,1.000,,,
200847,MOBILECARD,512,0.00,,,ipv4,SPE,1.000,,,
200897,JORMUNGAND,512,0.00,,,ipv4,KEM,0.500,MOW,0.500,
200907,INTERNETSERVICE-AS,512,0.00,,,ipv4,CZ,0.500,TUL,0.500,
201008,M3-AS,512,0.00,,,ipv4,SPE,1.000,,,
201247,MR-GROUP,512,0.00,,,ipv4,MOW,1.000,,,
201268,INFOTECH-AS INFOTECH Company Ltd,512,0.00,,,ipv4,SVE,1.000,,,
201302,VOLNA,512,0.00,,,ipv4,PER,1.000,,,
201394,OOO-LENTA-,512,0.00,,,ipv4,SPE,1.000,,,
201414,DELTA-ELECTRONICS,512,0.00,,,ipv4,MOW,0.500,UA,0.500,
201469,VINKU-AS,512,0.00,,,ipv4,SPE,1.000,,,
201578,MAG-TELECOM,512,0.00,,,ipv4,AD,0.500,MOW,0.500,
201624,HOMETELECOM-AS,512,0.00,,,ipv4,NIZ,1.000,,,
201662,NOVINKOR,512,0.00,,,ipv4,DE,0.500,FR,0.500,
201757,AKBARS,512,0.00,,,ipv4,TA,1.000,,,
201781,TELECLICK-AS,512,0.00,,,ipv4,SPE,1.000,,,
201804,NSIS,512,0.00,,,ipv4,MOW,1.000,,,
201835,MFC-AS,512,0.00,,,ipv4,YAN,1.000,,,
201842,RCSI-ASN,512,0.00,,,ipv4,MOW,1.000,,,
201844,RU-KORUS-AS,512,0.00,,,ipv4,SVE,1.000,,,
201851,PIK-AS,512,0.00,,,ipv4,MOW,1.000,,,
202150,INTER-SVYAZ-AS,512,0.00,,,ipv4,MOW,1.000,,,
202578,KES23-AS,512,0.00,,,ipv4,KDA,1.000,,,
202689,BALTLEASE,512,0.00,,,ipv4,SPE,1.000,,,
202764,B2B-AS,512,0.00,,,ipv4,MOW,1.000,,,
202804,INPLAT-AS,512,0.00,,,ipv4,MOW,1.000,,,
202852,MOLNIYA-AS,512,0.00,,,ipv4,STA,1.000,,,
203337,BIMP-AS,512,0.00,,,ipv4,SAM,1.000,,,
203473,LOGINNET-AS,512,0.00,,,ipv4,LEN,1.000,,,
203514,ROSSKO,512,0.00,,,ipv4,MOW,1.000,,,
203527,RADIOSET-AS,512,0.00,,,ipv4,KDA,1.000,,,
203533,ASTAMBOVBEKON,512,0.00,,,ipv4,TAM,1.000,,,
203565,TOREZ-NET,512,0.00,,,ipv4,MOW,1.000,,,
203668,RU-CONCEPTCLUB,512,0.00,,,ipv4,LEN,0.500,SPE,0.500,
203725,IAC-SPB-AS,512,0.00,,,ipv4,SPE,1.000,,,
203747,BURANTEL-AS,512,0.00,,,ipv4,MOW,1.000,,,
203750,CIT-ASN-RMS,512,0.00,,,ipv4,KDA,1.000,,,
203794,GALS-TELECOM-AS -- Upsreams --,512,0.00,,,ipv4,SAR,1.000,,,
204041,CITYTELECOM-MSK,512,0.00,,,ipv4,MOS,0.500,MOW,0.500,
204049,AS_LLC3DATA,512,0.00,,,ipv4,MOW,1.000,,,
204076,CITYLAN-EAST,512,0.00,,,ipv4,MOW,0.500,RYA,0.500,
204128,AT-TELECOM-AS,512,0.00,,,ipv4,MOW,1.000,,,
204199,SURYA-AS,512,0.00,,,ipv4,MOW,1.000,,,
204259,KAMETA-NET,512,0.00,,,ipv4,LEN,0.500,RU,0.500,
204738,AS-ETAGI,512,0.00,,,ipv4,TYU,1.000,,,
204980,TDM-TECH,512,0.00,,,ipv4,MOW,1.000,,,
205062,LIGHTPORTALAKAN,512,0.00,,,ipv4,SPE,1.000,,,
205221,SBERKORUS,512,0.00,,,ipv4,SPE,1.000,,,
205226,MEDIANET_AS,512,0.00,,,ipv4,LEN,0.500,MOW,0.500,
205264,ROCKETNET-AS,512,0.00,,,ipv4,SPE,1.000,,,
205616,BALANCE-PLATFORM-AS,512,0.00,,,ipv4,MOW,0.500,NL,0.500,
205830,CYMRG-AS,512,0.00,,,ipv4,MOW,1.000,,,
205971,ASVOLSVL,512,0.00,,,ipv4,MOW,0.500,PER,0.500,
206181,EK-VOSTOK,512,0.00,,,ipv4,TYU,1.000,,,
206419,RKURSK-AS,512,0.00,,,ipv4,KRS,1.000,,,
206424,NRB-AS,512,0.00,,,ipv4,MOW,0.500,TYU,0.500,
206435,NOVLINE05-AS,512,0.00,,,ipv4,DA,1.000,,,
206448,SOUTHTRANSTELECOM-AS,512,0.00,,,ipv4,LEN,1.000,,,
206585,MOSENERGO,512,0.00,,,ipv4,MOW,1.000,,,
206760,INTPROM-AS,512,0.00,,,ipv4,MOS,0.500,MOW,0.500,
206787,OSV,512,0.00,,,ipv4,MOW,1.000,,,
206803,ASTERABIT,512,0.00,,,ipv4,VLA,0.500,VLG,0.500,
206973,MCC-AS,512,0.00,,,ipv4,MOW,1.000,,,
207064,INPLATLABS-AS,512,0.00,,,ipv4,MOW,1.000,,,
207128,STREAMLET-AS,512,0.00,,,ipv4,CHE,1.000,,,
207240,BNGF,512,0.00,,,ipv4,BA,1.000,,,
207293,ADELTECH,512,0.00,,,ipv4,MOW,1.000,,,
207340,AIRNET42-AS,512,0.00,,,ipv4,KEM,1.000,,,
207447,STECH-AS,512,0.00,,,ipv4,MOW,1.000,,,
207473,VATS_ON-AS,512,0.00,,,ipv4,MOW,1.000,,,
207479,BSH-KLM-AS,512,0.00,,,ipv4,KHA,0.500,MOW,0.500,
207561,FLORALALLIANS-AS,512,0.00,,,ipv4,MOW,1.000,,,
207581,VKONTAKTE-SPBKM-AS,512,0.00,,,ipv4,MOW,1.000,,,
207692,CTC,512,0.00,,,ipv4,MOW,1.000,,,
207874,TMTR-N,512,0.00,,,ipv4,MOW,1.000,,,
208117,SBERINSUR,512,0.00,,,ipv4,MOW,0.500,SPE,0.500,
208435,ZUGRES-NET,512,0.00,,,ipv4,MOW,1.000,,,
208534,ZASHITA-AS,512,0.00,,,ipv4,MOW,1.000,,,
208577,AO-ESP,512,0.00,,,ipv4,MOW,1.000,,,
208749,BOOTROOT,512,0.00,,,ipv4,MOW,1.000,,,
208991,TOCHKA-AS,512,0.00,,,ipv4,STA,1.000,,,
208992,AXATEL-AS,512,0.00,,,ipv4,MOS,0.500,MOW,0.500,
209005,SB-AS,512,0.00,,,ipv4,PRI,1.000,,,
209038,TRITEL-MSK-209038,512,0.00,,,ipv4,MOW,1.000,,,
209165,IMJUST-AS,512,0.00,,,ipv4,FI,0.500,NL,0.500,
209248,INTERSET-AS,512,0.00,,,ipv4,NVS,1.000,,,
209307,CONVEX-EKB,512,0.00,,,ipv4,MOW,0.500,SVE,0.500,
209701,SBERBANK-FACTORING,512,0.00,,,ipv4,MOW,0.500,SPE,0.500,
209720,MULTINET-LUG,512,0.00,,,ipv4,AD,0.500,RU,0.500,
209755,NEWLIME-AS,512,0.00,,,ipv4,MOS,1.000,,,
209775,SOLIDNET,512,0.00,,,ipv4,MOW,1.000,,,
209821,MIDNET-AS,512,0.00,,,ipv4,SAM,1.000,,,
209973,SCB-MSK-AS,512,0.00,,,ipv4,MOW,1.000,,,
210201,CONNECTED-BUSINIESS,512,0.00,,,ipv4,MOS,1.000,,,
210276,MSAL-AS,512,0.00,,,ipv4,MOW,1.000,,,
210328,ALMAZCLOUD almazcloud.network,512,0.00,,,ipv4,FI,0.500,KZ,0.500,
210443,GOLDAPPLE2,512,0.00,,,ipv4,MOW,0.500,SVE,0.500,
210552,LAGUNA,512,0.00,,,ipv4,SPE,1.000,,,
210685,NETLEASE1,512,0.00,,,ipv4,MOW,0.500,SPE,0.500,
210726,ADVGROUP,512,0.00,,,ipv4,MOW,1.000,,,
210778,NTKOM-AS,512,0.00,,,ipv4,BRY,1.000,,,
210829,SATEL-AS,512,0.00,,,ipv4,SPE,0.500,TVE,0.500,
210868,RBS-AS,512,0.00,,,ipv4,MOW,1.000,,,
210894,DSKOV,512,0.00,,,ipv4,SPE,1.000,,,
210954,LASPACE JSC NPO Lavochkina,512,0.00,,,ipv4,MOS,1.000,,,
211076,NOVATEK-AS,512,0.00,,,ipv4,KGD,0.500,MOW,0.500,
211202,GAUCIT-AS,512,0.00,,,ipv4,NIZ,1.000,,,
211382,SEVAS,512,0.00,,,ipv4,MOS,0.500,SPE,0.500,
211486,AAA-AS,512,0.00,,,ipv4,IL,0.500,NL,0.500,
211613,MSS_LLC,512,0.00,,,ipv4,SPE,1.000,,,
211616,RZDZDOR,512,0.00,,,ipv4,MOW,1.000,,,
211951,LOCALNET-AS,512,0.00,,,ipv4,KOS,1.000,,,
212022,ASLINKLIFE,512,0.00,,,ipv4,ALT,1.000,,,
212113,AVTOVAZ,512,0.00,,,ipv4,MOW,1.000,,,
212199,KOMNETTECH-AS,512,0.00,,,ipv4,MOW,1.000,,,
212211,CDEK3-AS,512,0.00,,,ipv4,AST,0.500,NVS,0.500,
212236,KINESCOPE-AS,512,0.00,,,ipv4,GB,0.500,MOW,0.500,
212254,ABRP,512,0.00,,,ipv4,SPE,1.000,,,
212278,KRAUD-AS,512,0.00,,,ipv4,MOW,1.000,,,
212288,AGROECO-AS,512,0.00,,,ipv4,VOR,1.000,,,
212487,GS-AS,512,0.00,,,ipv4,MOS,1.000,,,
212494,RUBIN,512,0.00,,,ipv4,PER,1.000,,,
212670,DATAFORT,512,0.00,,,ipv4,MOW,0.500,NVS,0.500,
212673,INTEGRAL-AS,512,0.00,,,ipv4,TVE,1.000,,,
212748,HELIX-AS,512,0.00,,,ipv4,SPE,1.000,,,
212764,UNIWAGON-AS,512,0.00,,,ipv4,MOW,1.000,,,
212792,0b4373a24aa9ecf2665a245aa3394cded4f9f229,512,0.00,,,ipv4,NL,1.000,,,
212883,ORION,512,0.00,,,ipv4,MOW,1.000,,,
213182,EDVER-AS,512,0.00,,,ipv4,BRY,1.000,,,
213304,YUZHMORRYBFLOT,512,0.00,,,ipv4,PRI,1.000,,,
213334,AS_IRS,512,0.00,,,ipv4,ROS,1.000,,,
213403,KAIROS-AS,512,0.00,,,ipv4,MOS,1.000,,,
213533,BEGET-REGION,512,0.00,,,ipv4,LV,0.500,SPE,0.500,
213630,PMI,512,0.00,,,ipv4,LEN,0.500,MOW,0.500,
213681,WINETONLINE-AS,512,0.00,,,ipv4,SVE,0.500,TUL,0.500,
214047,MIRAIE Miraie,512,0.00,,,ipv4,MOW,1.000,,,
214077,SUMTEL,512,0.00,,,ipv4,DA,1.000,,,
214126,T-SYSTEMS,512,0.00,,,ipv4,LEN,1.000,,,
214186,INTLMN,512,0.00,,,ipv4,MOW,1.000,,,
214283,ASTOCHKA,512,0.00,,,ipv4,SVE,1.000,,,
214317,KEYPOINT-VLD KEYPOINT Vladivostok,512,0.00,PRI,,ipv4,PRI,1.000,,,
214548,PEGASNET-AS,512,0.00,,,ipv4,MOW,1.000,,,
214614,KNGK-AS,512,0.00,,,ipv4,MOS,1.000,,,
214727,FALCON-AS,512,0.00,,,ipv4,MOS,1.000,,,
214852,STONEHEDGE-AS,512,0.00,,,ipv4,MOW,1.000,,,
214881,TND-AS,512,0.00,,,ipv4,MOW,1.000,,,
215031,UNI-WEB,512,0.00,,,ipv4,SPE,1.000,,,
215106,SISZ,512,0.00,,,ipv4,MOW,0.500,SPE,0.500,
215115,OPTICS-KUBAN-AS,512,0.00,,KDA,ipv4,KDA,1.000,,,1.000
215302,TECSGROUP-AS,512,0.00,,,ipv4,MOW,0.500,VOR,0.500,
215425,STC_LTD,512,0.00,,,ipv4,MOW,1.000,,,
215445,NK-NET -- MOSNET --,512,0.00,,,ipv4,MOW,1.000,,,
215503,MORE-TELECOM,512,0.00,,,ipv4,NVS,1.000,,,
215811,-Reserved AS-,512,0.00,,,ipv4,MOW,0.500,SPE,0.500,
215895,RU_ZIBEN,512,0.00,,,ipv4,MOS,1.000,,,
215924,ORO-AS,512,0.00,,,ipv4,SPE,1.000,,,
215983,LIPTSOFT,512,0.00,,,ipv4,MOW,0.500,SPE,0.500,
216248,INFERIT-AS,512,0.00,,,ipv4,MOW,1.000,,,
216264,ASINTELCOM,512,0.00,,,ipv4,SPE,1.000,,,
216423,EVILINK-AS,512,0.00,,,ipv4,SPE,1.000,,,
218568,SGP22-AS - Shabalov Grigoriy Pavlovich,512,0.00,,,ipv4,BU,0.500,MOW,0.500,
218674,IED-AS - Daria Sergeevna Biserova,512,0.00,,,ipv4,MOW,0.500,MY,0.500,
218988,RDPTERM-AS - Lisitsina Elena Yurievna,512,0.00,,,ipv4,SPE,1.000,,,
219021,EXBONORTH-AS - Eksbo Sever LLC,512,0.00,,,ipv4,SPE,1.000,,,
219259,PLATFORMST-AS - JSC Ploshchadka ST,512,0.00,,,ipv4,MOW,1.000,,,
219445,ZEPHYR-AS - LLC ZEFIR,512,0.00,,,ipv4,MOW,1.000,,,
202650,SARKISOV-Y-L,272,0.00,,,ipv4,SPE,1.000,,,
2587,FREE-NET-AS2587,256,0.00,,,ipv4,MOW,1.000,,,
3167,ASINFOPRO,256,0.00,,,ipv4,MOW,1.000,,,
3191,CENTRINFORM-AS,256,0.00,,,ipv4,SPE,1.000,,,
3227,LIVE_IN_SKY_LTD,256,0.00,,,ipv4,SPE,1.000,,,
3235,GOLDENISP-AS,256,0.00,,,ipv4,MOW,1.000,,,
3276,MMC-AS,256,0.00,,,ipv4,SPE,1.000,,,
5548,RUT-MIIT-AS,256,0.00,,,ipv4,MOW,1.000,,,
6870,SPACE-IX,256,0.00,,,ipv4,MOW,1.000,,,
8219,RU-ISKH-20180719,256,0.00,,,ipv4,MOW,1.000,,,
8305,NETLIFE NetLife AS,256,0.00,,,ipv4,AST,1.000,,,
8460,ONSAKH-AS Hosting and Service Provaiding,256,0.00,,,ipv4,SAK,1.000,,,
8662,"LENENERGO Saint-Petersburg, Russia",256,0.00,,,ipv4,SPE,1.000,,,
8706,VDA-AS,256,0.00,,,ipv4,ULY,1.000,,,
8872,CHERKIZOVO-AS,256,0.00,,,ipv4,MOW,1.000,,,
9056,PSN-AS Institute of Mathematical Problems of Biology -,256,0.00,,,ipv4,MOW,1.000,,,
9058,KAN-AUTO-AS,256,0.00,,,ipv4,TA,1.000,,,
9068,AKADO-AS Moscow,256,0.00,MOW,,ipv4,MOW,1.000,,,
9078,SIBIS-AS,256,0.00,,,ipv4,TOM,1.000,,,
9130,HMS-AS,256,0.00,,,ipv4,MOW,1.000,,,
9134,REGMED-AS,256,0.00,,,ipv4,MOW,1.000,,,
12341,USPC,256,0.00,,,ipv4,SVE,1.000,,,
12841,VELTRADE-AS,256,0.00,,,ipv4,MOS,1.000,,,
12999,FESU Far Eastern Federal University,256,0.00,,,ipv4,MOW,1.000,,,
15556,SITYSOL-AS,256,0.00,,,ipv4,MOW,1.000,,,
15559,RENAISSANCE-INS-AS Finance and Insurance,256,0.00,,,ipv4,MOW,1.000,,,
15741,EXPILINE-AS,256,0.00,,,ipv4,VGG,1.000,,,
15754,TAXTELECOM,256,0.00,,,ipv4,KGN,1.000,,,
15756,CARAVAN,256,0.00,,,ipv4,MOW,1.000,,,
15759,DIN-AS OJSC Tomsktelecom,256,0.00,,,ipv4,TOM,1.000,,,
16173,CQGI-RUS,256,0.00,,,ipv4,MOW,1.000,,,
16222,AUTOKONTINENT,256,0.00,,,ipv4,SPE,1.000,,,
16227,VIPLINE-AS,256,0.00,,,ipv4,NEN,1.000,,,
16249,HLEBPROM-AS,256,0.00,,,ipv4,CHE,1.000,,,
20527,GARANT-AS,256,0.00,,,ipv4,PER,1.000,,,
20611,UK-PS-GROUP,256,0.00,,,ipv4,SPE,1.000,,,
20619,ALANIT-AS,256,0.00,,,ipv4,SVE,1.000,,,
20772,SWSU-AS,256,0.00,,,ipv4,KRS,1.000,,,
20817,FGBU-REA,256,0.00,,,ipv4,MOW,1.000,,,
20872,URALSIB-AS,256,0.00,,,ipv4,MOW,1.000,,,
20916,ADMINEXPERT-AS,256,0.00,,,ipv4,SPE,1.000,,,
20946,CCE-AS,256,0.00,,,ipv4,SPE,1.000,,,
21166,AS21166 - SatGate LLC,256,0.00,,,ipv4,MOW,1.000,,,
21252,NIKOIL-AS Bank IT Departament,256,0.00,,,ipv4,MOW,1.000,,,
21266,EESNET-AS,256,0.00,,,ipv4,MOW,1.000,,,
21375,BNPP-AS Balakovo NPP,256,0.00,,,ipv4,SAR,1.000,,,
21403,RTK-SERVICE,256,0.00,,,ipv4,KDA,1.000,,,
21445,MIRANDA-IX Miranda-Media LLC,256,0.00,,,ipv4,KDA,1.000,,,
21496,RU-CITYNET-AS,256,0.00,,,ipv4,NVS,1.000,,,
25379,PEKITEL-AS,256,0.00,,,ipv4,MOW,1.000,,,
25449,GUBERNSKIE-APTEKI,256,0.00,,,ipv4,MOW,1.000,,,
28703,URAL-INTERCARD-AS UralInterCard Net JSC Vimpelcom,256,0.00,,,ipv4,CHE,1.000,,,
28741,REAL-ESTATE-HOSPITALITY-AS,256,0.00,,,ipv4,MOW,1.000,,,
28825,ASTELE21,256,0.00,,,ipv4,TA,1.000,,,
29038,UMKK-AS,256,0.00,,,ipv4,SPE,1.000,,,
29041,KONAR-AS,256,0.00,,,ipv4,CHE,1.000,,,
29043,VKE-AS,256,0.00,,,ipv4,MOW,1.000,,,
29114,RUBIT,256,0.00,,,ipv4,IVA,1.000,,,
29450,ATLAS-NW-AS,256,0.00,,,ipv4,SPE,1.000,,,
29476,OOO-TELEKOM-HOLDING-AS,256,0.00,,,ipv4,MOW,1.000,,,
29528,ERC-AS,256,0.00,,,ipv4,SVE,1.000,,,
29561,PROTEK-AS,256,0.00,,,ipv4,MOW,1.000,,,
29603,"CAPITAL-KREDIT-RU-AS 54 bld. 1, Baumanskaya ul.",256,0.00,,,ipv4,MOW,1.000,,,
30749,VOLOGDA-AS PJSC Rostelecom Vologda Region Autonomous System,256,0.00,VLG,VLG,ipv4,MOW,1.000,,,0.000
30924,KATHARSIS-AS,256,0.00,,,ipv4,SPE,1.000,,,
31112,SIBTEL-AS,256,0.00,,,ipv4,TYU,1.000,,,
31183,EMG-AS,256,0.00,,,ipv4,MOW,1.000,,,
31192,OT-AS,256,0.00,,,ipv4,MOW,1.000,,,
31240,NOT_USED,256,0.00,,,ipv4,MOW,1.000,,,
31324,MPT-AS,256,0.00,,,ipv4,MOW,1.000,,,
31344,IPPE Physical and Energy Institute,256,0.00,,,ipv4,KLU,1.000,,,
33797,MEDIA-PLUS-LLC,256,0.00,,,ipv4,MOW,1.000,,,
33902,"STARNET-AS ISP STARNET, Moscow, Russia",256,0.00,MOW,,ipv4,MOW,1.000,,,
33903,CROC-AS,256,0.00,,,ipv4,MOW,1.000,,,
34085,NICO-BANK-AS,256,0.00,,,ipv4,SAM,1.000,,,
34098,ZENIT-BANK-AS,256,0.00,,,ipv4,MOW,1.000,,,
34464,ZEISS-AS,256,0.00,,,ipv4,SPE,1.000,,,
34485,SVYAZNOY-CHAIN-AS LLC Svyaznoy Chain ES,256,0.00,,,ipv4,MOW,1.000,,,
34528,RUSPROMSOFT,256,0.00,,,ipv4,MOW,1.000,,,
34561,URALTRANSCOM-AS,256,0.00,,,ipv4,SVE,1.000,,,
34639,SAMOLET-AS,256,0.00,,,ipv4,MOW,1.000,,,
34642,TIV-AS,256,0.00,,,ipv4,KGN,1.000,,,
34698,MOLCOM-AS,256,0.00,,,ipv4,MOW,1.000,,,
34777,AGROKOMPLEX-AS,256,0.00,,,ipv4,KDA,1.000,,,
34851,SFR Pension and Social Insurance Fund of the Russian Federation,256,0.00,,,ipv4,MOW,1.000,,,
34862,IRE-AS,256,0.00,,,ipv4,MOW,1.000,,,
35018,RU-IGARKA-NORCOM,256,0.00,,,ipv4,NVS,1.000,,,
35119,GARDENPRO-AS,256,0.00,,,ipv4,MOW,1.000,,,
35178,TELART,256,0.00,,,ipv4,MOW,1.000,,,
35195,SIBENCO-AS,256,0.00,,,ipv4,MOW,1.000,,,
35304,KHB-AVIA-CENTER-AS,256,0.00,,,ipv4,KHA,1.000,,,
35354,B1RU-AS,256,0.00,,,ipv4,MOW,1.000,,,
35377,TRN-TELECOM-AS,256,0.00,,,ipv4,MOW,1.000,,,
35381,POLIGON-ISP POLIGON-ISP delegate by CrimeaCom South LLC,256,0.00,,,ipv4,LEN,1.000,,,
35387,SYNERGY-AS,256,0.00,,,ipv4,MOW,1.000,,,
35508,TERANET,256,0.00,,,ipv4,MOW,1.000,,,
35533,RU-SITECH,256,0.00,,,ipv4,LEN,1.000,,,
35580,ECG-AS,256,0.00,,,ipv4,MOW,1.000,,,
35631,SPB-BALTLINE-AS,256,0.00,,,ipv4,SPE,1.000,,,
35644,IQMEN-AS,256,0.00,,,ipv4,MOW,1.000,,,
35658,BULAT-AS,256,0.00,,,ipv4,MOS,1.000,,,
35683,DVBANK Vladivostok,256,0.00,PRI,,ipv4,PRI,1.000,,,
35730,OTR-2000-AS,256,0.00,,,ipv4,MOW,1.000,,,
35769,GPNS,256,0.00,,,ipv4,BA,1.000,,,
35774,INTERROS-AS,256,0.00,,,ipv4,MOW,1.000,,,
35783,INFO-CONNECT-AS,256,0.00,,,ipv4,NVS,1.000,,,
35802,NBKI-AS,256,0.00,,,ipv4,SPE,1.000,,,
35835,KUZDRAV-AS,256,0.00,,,ipv4,KEM,1.000,,,
38922,WILAND-AS,256,0.00,,,ipv4,MOW,1.000,,,
39048,RUNTIME-AS,256,0.00,,,ipv4,ME,1.000,,,
39073,FGKUES-AS,256,0.00,,,ipv4,SVE,1.000,,,
39092,VENA-AS,256,0.00,,,ipv4,SAM,1.000,,,
39113,SERVERSPRO-AS,256,0.00,,,ipv4,MOW,1.000,,,
39119,CM-RU-AS,256,0.00,,,ipv4,MOW,1.000,,,
39252,SCAC-AS,256,0.00,,,ipv4,MOW,1.000,,,
39254,ICBE,256,0.00,,,ipv4,SPE,1.000,,,
39317,AUTOLOCATOR,256,0.00,,,ipv4,IVA,1.000,,,
39321,GAZENERGOBANK,256,0.00,,,ipv4,KLU,1.000,,,
39323,RCUP-AS,256,0.00,,,ipv4,SAM,1.000,,,
39350,BMBANK Joint Stock Company BM-Bank,256,0.00,,,ipv4,MOW,1.000,,,
39379,UTB-RU-AS,256,0.00,,,ipv4,BA,1.000,,,
39395,VI-TELECOM,256,0.00,,,ipv4,VLA,1.000,,,
39548,SERVICETELEMATIC-AS,256,0.00,,,ipv4,MOW,1.000,,,
39561,AS-REG,256,0.00,,,ipv4,MOW,1.000,,,
39562,TVERREG-AS,256,0.00,,,ipv4,TVE,1.000,,,
39575,SIBINTEK-MR-CENTER-AS Makroregion Center,256,0.00,,,ipv4,MOW,1.000,,,
39585,RADIO-CONTINENTAL-AS,256,0.00,,,ipv4,CHE,1.000,,,
39594,ANEXTOUR,256,0.00,,,ipv4,MOW,1.000,,,
39631,APR-AS,256,0.00,,,ipv4,MOW,1.000,,,
39697,INCHCAPE-AS,256,0.00,,,ipv4,MOW,1.000,,,
39711,TRAN-AS,256,0.00,,,ipv4,MOW,1.000,,,
39713,KGMK-AS,256,0.00,,,ipv4,MUR,1.000,,,
39718,MIR-AS,256,0.00,,,ipv4,KDA,1.000,,,
39818,KFIB-OJSC-AS,256,0.00,,,ipv4,MOW,1.000,,,
39850,NB-TRUST,256,0.00,,,ipv4,MOW,1.000,,,
39901,APELSIN-AS,256,0.00,,,ipv4,SA,1.000,,,
39911,ROSNEFT-RN,256,0.00,,,ipv4,ROS,1.000,,,
39922,TLCM-AS,256,0.00,,,ipv4,MOS,1.000,,,
40997,INTELLIGENTARCHIVE-AS,256,0.00,,,ipv4,MOW,1.000,,,
41022,CCS-AS,256,0.00,,,ipv4,PER,1.000,,,
41029,SHM-AS,256,0.00,,,ipv4,MOW,1.000,,,
41060,PRIMBANK-AS,256,0.00,,,ipv4,PRI,1.000,,,
41102,ZRTELECOM-AS,256,0.00,,,ipv4,MOS,1.000,,,
41162,FRP-AS,256,0.00,,,ipv4,MOW,1.000,,,
41184,BFTCOM-AS,256,0.00,,,ipv4,MOW,1.000,,,
41212,CARCADE,256,0.00,,,ipv4,RYA,1.000,,,
41217,PNTZ-AS,256,0.00,,,ipv4,IVA,1.000,,,
41220,BKKVARTAL-AS,256,0.00,,,ipv4,SVE,1.000,,,
41226,SUPERBANK-RU-AS,256,0.00,,,ipv4,AMU,1.000,,,
41257,SAMMB-AS,256,0.00,,,ipv4,MOS,1.000,,,
41310,IPCT,256,0.00,,,ipv4,SVE,1.000,,,
41389,APKBANK-AS,256,0.00,,,ipv4,MOS,1.000,,,
41578,ERC-AS,256,0.00,,,ipv4,SVE,1.000,,,
41619,KOMMERSANT-AS,256,0.00,,,ipv4,MOW,1.000,,,
41636,MINFIN-AS,256,0.00,,,ipv4,MOW,1.000,,,
41667,TAMICO-AS,256,0.00,,,ipv4,MOS,1.000,,,
41688,CITYMALLS,256,0.00,,,ipv4,MOW,1.000,,,
41831,PRAVOVED-AS,256,0.00,,,ipv4,KYA,1.000,,,
41842,MEDIAL-AS,256,0.00,,,ipv4,MOW,1.000,,,
41845,FUNSK-RU-AS,256,0.00,,,ipv4,MOW,1.000,,,
41892,RSL-AS,256,0.00,,,ipv4,MOW,1.000,,,
41928,ITIS-AS,256,0.00,,,ipv4,SVE,1.000,,,
41975,SIMPLEX-KLGD-AS,256,0.00,,,ipv4,KGD,1.000,,,
41999,ALLUPNET-INT-AS,256,0.00,,,ipv4,TR,1.000,,,
42024,CRYPTOPRO-AS,256,0.00,,,ipv4,MOW,1.000,,,
42027,VOLMA-AS,256,0.00,,,ipv4,VGG,1.000,,,
42033,CINELAB-AS,256,0.00,,,ipv4,RYA,1.000,,,
42069,MSK-EFES-AS,256,0.00,,,ipv4,MOW,1.000,,,
42091,KHAKAS-AS PJSC Rostelecom. Abakan branch,256,0.00,KK,KK,ipv4,KK,1.000,,,1.000
42119,MELONFASHION-AS,256,0.00,,,ipv4,SPE,1.000,,,
42121,RSNET1-AS Russian State Internet Network,256,0.00,,,ipv4,MOW,1.000,,,
42178,ONETEK-AS,256,0.00,,,ipv4,NIZ,1.000,,,
42190,ENERGOMERA-AS,256,0.00,,,ipv4,STA,1.000,,,
42268,ROSNET-AS ROSNET ros-inet.ru,256,0.00,,,ipv4,RYA,1.000,,,
42340,TVSZ,256,0.00,,,ipv4,LEN,1.000,,,
42395,LISSU-AS,256,0.00,,,ipv4,LIP,1.000,,,
42444,ROSNO-AS,256,0.00,,,ipv4,RYA,1.000,,,
42483,SOTEX-AS,256,0.00,,,ipv4,MOW,1.000,,,
42524,CDEK-AS,256,0.00,,,ipv4,NVS,1.000,,,
42528,BALTSOYA-AS,256,0.00,,,ipv4,KGD,1.000,,,
42529,SLADKIHSNOV-AS,256,0.00,,,ipv4,MOW,1.000,,,
42534,INMEDIS-AS,256,0.00,,,ipv4,SPE,1.000,,,
42537,MSMR-AS,256,0.00,,,ipv4,PRI,1.000,,,
42554,PRSBM-AS,256,0.00,,,ipv4,MOW,1.000,,,
42559,BCS-MSK-AS,256,0.00,,,ipv4,NVS,1.000,,,
42582,"APKTMN-AS Tyumen, Russia",256,0.00,TYU,,ipv4,TYU,1.000,,,
42628,NPFSBERBANKA-AS,256,0.00,,,ipv4,MOW,1.000,,,
42661,DETSKYMIR-AS,256,0.00,,,ipv4,MOW,1.000,,,
42674,BANKSOYUZ-AS,256,0.00,,,ipv4,MOW,1.000,,,
42693,KMBBANK-AS,256,0.00,,,ipv4,LEN,1.000,,,
42696,UN AS,256,0.00,,,ipv4,MOW,1.000,,,
42758,PERVOBANK-AS,256,0.00,,,ipv4,SAM,1.000,,,
42762,ARMADILLO-AS,256,0.00,,,ipv4,MOW,1.000,,,
42776,ITHANDS,256,0.00,,,ipv4,SVE,1.000,,,
42822,PERMKRAI-AS,256,0.00,,,ipv4,PER,1.000,,,
42834,ASTROSTAR-AS,256,0.00,,,ipv4,MOW,1.000,,,
42862,"KOLTSOVO-AS Yekaterinburg, Russia",256,0.00,SVE,,ipv4,SVE,1.000,,,
42889,METAVIRA-AS,256,0.00,,,ipv4,MOW,1.000,,,
42899,PLUSINTERNET-AS,256,0.00,,,ipv4,PER,1.000,,,
42901,SIRENATRAVEL2-AS,256,0.00,,,ipv4,MOW,1.000,,,
42974,NET-SBERBANK-AST,256,0.00,,,ipv4,MOW,1.000,,,
43042,BST-AS,256,0.00,,,ipv4,MOW,1.000,,,
43089,ENLINE_LLC,256,0.00,,,ipv4,MOW,1.000,,,
43102,REDSOLEX,256,0.00,,,ipv4,MOW,1.000,,,
43170,ATES-AS,256,0.00,,,ipv4,KB,1.000,,,
43199,UEH-AS,256,0.00,,,ipv4,MOW,1.000,,,
43213,EKT-IX-RS Routing Arbiter for Ekaterinburg Internet Exchange EBURG Exchange is co-ordinated by RIPN,256,0.00,,,ipv4,MOW,1.000,,,
43234,CHIP-TELECOM-AS,256,0.00,,,ipv4,MOW,1.000,,,
43314,DIANET-AS,256,0.00,,,ipv4,ALT,1.000,,,
43321,SATELCOM-SERVICE-AS,256,0.00,,,ipv4,BRY,1.000,,,
43328,REDTELECOM-AS,256,0.00,,,ipv4,CHE,1.000,,,
43349,EVROLINE-NW-AS,256,0.00,,,ipv4,SPE,1.000,,,
43396,SBER-NSK-AS,256,0.00,,,ipv4,MOW,1.000,,,
43410,ASIAPAY-AS,256,0.00,,,ipv4,MOW,1.000,,,
43526,NOVIKOM-AS,256,0.00,,,ipv4,MOW,1.000,,,
43605,SET_LLC,256,0.00,,,ipv4,MOW,1.000,,,
43628,UNITEDMOTORS-AS,256,0.00,,,ipv4,MOW,1.000,,,
43696,TELEMIR-AS,256,0.00,,,ipv4,PRI,1.000,,,
43730,BGW-AS,256,0.00,,,ipv4,NIZ,1.000,,,
43781,HLEBNITSA-AS,256,0.00,,,ipv4,MOW,1.000,,,
43785,UVZ-AS Production Association URALVAGONZAVOD named after Felix E. Dzerzhinsky,256,0.00,,,ipv4,SVE,1.000,,,
43787,ING-MOSCOW-AS,256,0.00,MOW,,ipv4,MOW,1.000,,,
43795,CIT-AS,256,0.00,,,ipv4,VLG,1.000,,,
43805,LACTALIS-AS,256,0.00,,,ipv4,MOS,1.000,,,
43820,SIVMA-AS,256,0.00,,,ipv4,MOS,1.000,,,
43900,ANTCM-AS,256,0.00,,,ipv4,MOW,1.000,,,
43907,OPIN-AS,256,0.00,,,ipv4,MOW,1.000,,,
43917,UPEONET,256,0.00,,,ipv4,MOS,1.000,,,
43946,ABC-AS,256,0.00,,,ipv4,MOW,1.000,,,
43951,GT-LT,256,0.00,,,ipv4,SPE,1.000,,,
43952,ORI-AS,256,0.00,,,ipv4,MOW,1.000,,,
44039,CHTPZ-AS,256,0.00,,,ipv4,CHE,1.000,,,
44048,MOSOBLGAZ-AS,256,0.00,,,ipv4,IVA,1.000,,,
44093,ESTEITINVEST,256,0.00,,,ipv4,MOW,1.000,,,
44121,R-KLIMAT-AS,256,0.00,,,ipv4,MOW,1.000,,,
44126,TERRALINK-AS,256,0.00,,,ipv4,MOW,1.000,,,
44139,SIPAERO-AS,256,0.00,,,ipv4,ROS,1.000,,,
44151,MOBYLON-AS,256,0.00,,,ipv4,KYA,1.000,,,
44162,TAVRIA-AS,256,0.00,,,ipv4,CHE,1.000,,,
44200,REVOLAN-AS,256,0.00,,,ipv4,UA,1.000,,,
44223,CCBUFA,256,0.00,,,ipv4,MOW,1.000,,,
44240,ALGORYTHM-AS,256,0.00,,,ipv4,YAN,1.000,,,
44263,MODL-AS,256,0.00,,,ipv4,SPE,1.000,,,
44342,MARUSHKINONET,256,0.00,,,ipv4,MOW,1.000,,,
44345,SLATA-AS,256,0.00,,,ipv4,IRK,1.000,,,
44405,MELEUZ-AS,256,0.00,,,ipv4,BA,1.000,,,
44408,SBER-SMR-AS,256,0.00,,,ipv4,SAM,1.000,,,
44428,HOST-EXPERT,256,0.00,,,ipv4,SVE,1.000,,,
44505,BETA-AS,256,0.00,,,ipv4,MOW,1.000,,,
44532,WAPTAK-AS,256,0.00,,,ipv4,MOW,1.000,,,
44554,IMPERCOM-AS,256,0.00,,,ipv4,MOW,1.000,,,
44595,SEVEN-DAYS,256,0.00,,,ipv4,MOW,1.000,,,
44648,AVETEL-AS,256,0.00,,,ipv4,MOW,1.000,,,
44657,SPK-AS,256,0.00,,,ipv4,SVE,1.000,,,
44662,ARKHTELECENTR-AS,256,0.00,,,ipv4,SPE,1.000,,,
44687,NDBANK-AS,256,0.00,,,ipv4,MOW,1.000,,,
44751,KZN-KORSTON-AS,256,0.00,,,ipv4,TA,1.000,,,
44797,SUEK-OAO-AS,256,0.00,,,ipv4,MOW,1.000,,,
44799,ALADDIN-AS,256,0.00,,,ipv4,MOW,1.000,,,
44802,STM-MSK-AS LTD STANMIX OKO MSK Office,256,0.00,,,ipv4,MOW,1.000,,,
44835,PROSTOY-RU-AS,256,0.00,,,ipv4,MOW,1.000,,,
44840,KRONSHTADT-AS,256,0.00,,,ipv4,MOW,1.000,,,
44847,NETLINE-NSP-AS,256,0.00,,,ipv4,TYU,1.000,,,
44900,IZ-ITSOC-AS Autonomous system,256,0.00,,,ipv4,MOW,1.000,,,
44903,ASTEAMU,256,0.00,,,ipv4,MOW,1.000,,,
44917,NN-KBKA-AS,256,0.00,,,ipv4,MO,1.000,,,
45000,SBER-EKB-AS,256,0.00,,,ipv4,MOW,1.000,,,
47125,PROSERVICE-AS,256,0.00,,,ipv4,MOW,1.000,,,
47183,EXPERTRANET-AS,256,0.00,,,ipv4,MOW,1.000,,,
47231,GK-EHS-AS,256,0.00,,,ipv4,NGR,1.000,,,
47278,MMTS9-AS,256,0.00,,,ipv4,MOW,1.000,,,
47307,NCI-AS,256,0.00,,,ipv4,TA,1.000,,,
47358,PIROGOVCENTER-AS,256,0.00,,,ipv4,MOW,1.000,,,
47375,KAMCHATPROFITBANK-AS,256,0.00,,,ipv4,KAM,1.000,,,
47399,NOVOSHIP-AS,256,0.00,,,ipv4,KDA,1.000,,,
47407,YUZHNOSAKHALINSK-AS,256,0.00,,,ipv4,KHA,1.000,,,
47429,NLC-AS,256,0.00,,,ipv4,MOS,1.000,,,
47486,ASTELEKTA,256,0.00,,,ipv4,KYA,1.000,,,
47528,RU-PITER-IX-VDV,256,0.00,,,ipv4,SPE,1.000,,,
47533,CTIS-AS,256,0.00,,,ipv4,KYA,1.000,,,
47560,KIT-MAGADAN,256,0.00,MAG,,ipv4,MAG,1.000,,,
47577,IXBT-AS,256,0.00,,,ipv4,MOW,1.000,,,
47634,UDOKANCOPPER-AS,256,0.00,,,ipv4,ZAB,1.000,,,
47636,IPNITSORA-AS,256,0.00,,,ipv4,PRI,1.000,,,
47668,SCANEX-AS,256,0.00,,,ipv4,MOW,1.000,,,
47677,EUROCHEM-AS,256,0.00,,,ipv4,MOS,1.000,,,
47709,DONONLINE-AS,256,0.00,,,ipv4,ROS,1.000,,,
47758,RONTEL-AS,256,0.00,,,ipv4,CHE,1.000,,,
47763,AVTOSOYUZ-PLUS-AS,256,0.00,,,ipv4,TVE,1.000,,,
47783,FER-RUS-AS,256,0.00,,,ipv4,MOW,1.000,,,
47785,KANOPUS-NTSI,256,0.00,,,ipv4,MOW,1.000,,,
47808,FREIGHT-LINK-AS,256,0.00,,,ipv4,MOW,1.000,,,
47819,BUDU,256,0.00,,,ipv4,MOW,1.000,,,
47822,NIAC-AS,256,0.00,,,ipv4,MOW,1.000,,,
47842,TPCHEL-AS,256,0.00,,,ipv4,CHE,1.000,,,
47845,TIGER-TELECOM-AS,256,0.00,,,ipv4,LEN,1.000,,,
47851,METALLOINVEST-SERVICE-AS,256,0.00,,,ipv4,MOW,1.000,,,
47852,AFROASIA-AS,256,0.00,,,ipv4,MOW,1.000,,,
47857,COM-ON-AS,256,0.00,,,ipv4,MOW,1.000,,,
47905,ENERGOSBYT-AS,256,0.00,,,ipv4,NVS,1.000,,,
47910,HTBS-AS,256,0.00,,,ipv4,MOW,1.000,,,
47925,TNS-RU-AS,256,0.00,,,ipv4,MOW,1.000,,,
47968,DELOVAYA-SVYAZ-AS,256,0.00,,,ipv4,MOW,1.000,,,
47972,ORENE-AS,256,0.00,,,ipv4,TAM,1.000,,,
47976,MARITIME-BANK,256,0.00,,,ipv4,MOW,1.000,,,
48032,UMSN-AS,256,0.00,,,ipv4,NVS,1.000,,,
48033,GAZ-AS,256,0.00,,,ipv4,SVE,1.000,,,
48035,YAKOVLEV,256,0.00,,,ipv4,IRK,1.000,,,
48051,ALPLA-AS,256,0.00,,,ipv4,MOS,1.000,,,
48054,RBSRU-AS,256,0.00,,,ipv4,MOW,1.000,,,
48086,TRK555-AS,256,0.00,,,ipv4,LEN,1.000,,,
48099,VIAIP-AS,256,0.00,,,ipv4,SPE,1.000,,,
48104,SNGB-AS,256,0.00,,,ipv4,KHM,1.000,,,
48122,MIHELICOPTER-AS,256,0.00,,,ipv4,MOS,1.000,,,
48236,TOGLIATTIKHIMBANK-AS,256,0.00,,,ipv4,SAM,1.000,,,
48247,KD-GOV-AS,256,0.00,,,ipv4,KGD,1.000,,,
48276,IPSVYAZ-AS,256,0.00,,,ipv4,ROS,1.000,,,
48277,ESTP-AS,256,0.00,,,ipv4,SPE,1.000,,,
48389,ZVONOK-AS,256,0.00,,,ipv4,MOW,1.000,,,
48421,ATLAS-AS PJSC Rostelecom. Technical Team,256,0.00,,,ipv4,MOW,1.000,,,
48476,MONTAZH-CONTACT-AS,256,0.00,,,ipv4,MOW,1.000,,,
48477,RUSNARBANK-AS,256,0.00,,,ipv4,MOW,1.000,,,
48488,TNT-TV-AS,256,0.00,,,ipv4,MOS,1.000,,,
48528,AS-LIFETELECOM,256,0.00,,,ipv4,BRY,1.000,,,
48547,MCTOWER-AS,256,0.00,,,ipv4,SPE,1.000,,,
48552,ZVEZDA-AS,256,0.00,,,ipv4,MOW,1.000,,,
48566,DVBANK-SKH-AS Sakhalin branch AS,256,0.00,,,ipv4,SAK,1.000,,,
48578,VSEVTYRES-AS,256,0.00,,,ipv4,SPE,1.000,,,
48666,CSPFMBA-AS,256,0.00,,,ipv4,MOW,1.000,,,
48676,SVYAZENERGO-AS,256,0.00,,,ipv4,TA,1.000,,,
48699,DATA-POOL-LLC-KRK,256,0.00,,,ipv4,KYA,1.000,,,
48709,"ISP, Saratov, Russia.",256,0.00,SAR,SAR,ipv4,SAR,1.000,,,1.000
48733,OKBM-AFRIKANTOV-AS,256,0.00,,,ipv4,NIZ,1.000,,,
48802,PETC-AS,256,0.00,,,ipv4,ALT,1.000,,,
48816,ROSINTER-NET,256,0.00,,,ipv4,MOW,1.000,,,
48853,SEVMASH-AS,256,0.00,,,ipv4,ARK,1.000,,,
48890,SOLVO-AS,256,0.00,,,ipv4,SPE,1.000,,,
48914,ZEPPELIN-RUSLAND-AS,256,0.00,,,ipv4,MOW,1.000,,,
48916,KRAFTWAY,256,0.00,,,ipv4,MOW,1.000,,,
48933,NETSPB-AS,256,0.00,,,ipv4,SPE,1.000,,,
48946,KOMF,256,0.00,,,ipv4,MOS,1.000,,,
48975,RUS-TELECOM-AS,256,0.00,,,ipv4,SMO,1.000,,,
48991,NMS-AS,256,0.00,,,ipv4,MOS,1.000,,,
48995,NOVLINE-AS,256,0.00,,,ipv4,CE,1.000,,,
49003,ENERGOS,256,0.00,,,ipv4,PER,1.000,,,
49053,WB-TECH-AS,256,0.00,,,ipv4,MOW,1.000,,,
49093,PRIMORSKY-AS,256,0.00,,,ipv4,PRI,1.000,,,
49128,IVCSPBORW-AS,256,0.00,,,ipv4,MOW,1.000,,,
49140,LOGITEL-AS,256,0.00,,,ipv4,MOW,1.000,,,
49210,IT-TELECOM,256,0.00,,,ipv4,KYA,1.000,,,
49211,SITRONICS-KT,256,0.00,,,ipv4,SPE,1.000,,,
49246,GUM-AS,256,0.00,,,ipv4,MOW,1.000,,,
49267,SIBCOM-AS,256,0.00,,,ipv4,MOW,1.000,,,
49279,BEFL-AS,256,0.00,,,ipv4,ORL,1.000,,,
49326,PACGROUP-AS,256,0.00,,,ipv4,MOW,1.000,,,
49336,ZLATOTELECOM-AS,256,0.00,,,ipv4,SMO,1.000,,,
49347,TRANSCAPITALNET,256,0.00,,,ipv4,MOW,1.000,,,
49351,DIGITALCOMMUNICATIONSSTANDARDS-AS,256,0.00,,,ipv4,MOW,1.000,,,
49356,SAMARAENERGO-AS,256,0.00,,,ipv4,SAM,1.000,,,
49358,GUTABANK,256,0.00,,,ipv4,MOW,1.000,,,
49376,BELKA-TELECOM-AS,256,0.00,,,ipv4,KR,1.000,,,
49390,SPECDEP-AS,256,0.00,,,ipv4,MOW,1.000,,,
49394,ODANT-AS,256,0.00,,,ipv4,RYA,1.000,,,
49450,NCAGP-AS,256,0.00,,,ipv4,MOW,1.000,,,
49452,A1-SYSTEMS-AS,256,0.00,,,ipv4,MOW,1.000,,,
49513,CYBERSET-AS,256,0.00,,,ipv4,MOW,1.000,,,
49521,USLU-AS,256,0.00,,,ipv4,SVE,1.000,,,
49587,JSAGROUP-AS,256,0.00,,,ipv4,VOR,1.000,,,
49612,COGNITIVE-CLOUD-NET,256,0.00,,,ipv4,NL,1.000,,,
49617,IZMV-AS For inkerman.ru,256,0.00,,,ipv4,LEN,1.000,,,
49644,RAPIDA-NET,256,0.00,,,ipv4,MOW,1.000,,,
49648,IPSERVIS-AS,256,0.00,,,ipv4,TUL,1.000,,,
49684,MFMS-NET MFMSolutions Net,256,0.00,,,ipv4,MOW,1.000,,,
49712,TBM-AS,256,0.00,,,ipv4,MOS,1.000,,,
49742,IWT,256,0.00,,,ipv4,DA,1.000,,,
49764,SKSTROI-AS,256,0.00,,,ipv4,ULY,1.000,,,
49797,NESSLY,256,0.00,,,ipv4,MOW,1.000,,,
49799,PRIO-VNESHTORGBANK,256,0.00,,,ipv4,RYA,1.000,,,
49845,FORWARD_ENERGY_TMN,256,0.00,,,ipv4,TYU,1.000,,,
49854,STARLINKCOUNTRY-AS,256,0.00,,,ipv4,STA,1.000,,,
49905,ELOPAK-CIS-AS,256,0.00,,,ipv4,MOW,1.000,,,
49932,R19-AS,256,0.00,,,ipv4,NVS,1.000,,,
49939,EUBANK-AS,256,0.00,,,ipv4,KYA,1.000,,,
49951,DFW-AS,256,0.00,,,ipv4,MOW,1.000,,,
49955,KALINA-AS,256,0.00,,,ipv4,SVE,1.000,,,
49987,SPARK-AS,256,0.00,,,ipv4,NVS,1.000,,,
49993,"NOVOCOM-AS JSC Novocom, ISP",256,0.00,,,ipv4,MOW,1.000,,,
50001,LANTA-BANK,256,0.00,,,ipv4,MOW,1.000,,,
50002,RENAISSANCE-INS-AS Finance and Insurance,256,0.00,,,ipv4,MOW,1.000,,,
50024,KOMATSUBOTLFINANCECIS-AS,256,0.00,,,ipv4,MOW,1.000,,,
50044,TELEKOR-AS,256,0.00,,,ipv4,MOW,1.000,,,
50051,DANAFLEX-AS,256,0.00,,,ipv4,TA,1.000,,,
50122,BERG-AS,256,0.00,,,ipv4,MOW,1.000,,,
50140,YALTA-AS,256,0.00,,,ipv4,LEN,1.000,,,
50197,ERRU1,256,0.00,,,ipv4,MOW,1.000,,,
50218,RIGLA,256,0.00,,,ipv4,MOS,1.000,,,
50227,ORBITA-PLUS-GAGARIN LLC Orbita plus Gagarin,256,0.00,,,ipv4,SMO,1.000,,,
50248,VVO-AS,256,0.00,,,ipv4,PRI,1.000,,,
50279,DERZHAVA-AS,256,0.00,,,ipv4,MOW,1.000,,,
50282,MFNSO,256,0.00,,,ipv4,NVS,1.000,,,
50353,MASTERSOFT-AS,256,0.00,,,ipv4,ORE,1.000,,,
50356,CAMELOT-AS,256,0.00,,,ipv4,VOR,1.000,,,
50403,NORDSTAR-AS,256,0.00,,,ipv4,KYA,1.000,,,
50409,GKOSNOVA-AS,256,0.00,,,ipv4,MOS,1.000,,,
50416,TKBBANK PJSC TRANSCAPITALBANK,256,0.00,,,ipv4,MOW,1.000,,,
50425,TVS-AS,256,0.00,,,ipv4,MOW,1.000,,,
50452,CBACCEPT-AS,256,0.00,,,ipv4,NVS,1.000,,,
50483,KAI,256,0.00,,,ipv4,TA,1.000,,,
50502,GSRAN-AS,256,0.00,,,ipv4,RYA,1.000,,,
50523,ITELMA-AS,256,0.00,,,ipv4,PRI,1.000,,,
50571,PRLIB,256,0.00,,,ipv4,SPE,1.000,,,
50586,CMRBANK-AS,256,0.00,,,ipv4,MOW,1.000,,,
50587,ATB-AS,256,0.00,,,ipv4,MOS,1.000,,,
50608,HITECH,256,0.00,,,ipv4,MOW,1.000,,,
50619,RAZU,256,0.00,,,ipv4,MOW,1.000,,,
50645,TELEDYNAMIC-AS,256,0.00,,,ipv4,ROS,1.000,,,
50652,VI-AS,256,0.00,,,ipv4,MOW,1.000,,,
50654,LASPI-AS,256,0.00,,,ipv4,MOW,1.000,,,
50674,SPBEX-AS,256,0.00,,,ipv4,SPE,1.000,,,
50687,SAFETEL-AS,256,0.00,,,ipv4,MOW,1.000,,,
50701,KOMATSU-CIS,256,0.00,,,ipv4,CHE,1.000,,,
50703,GSRAS,256,0.00,,,ipv4,KLU,1.000,,,
50725,MRSK-AS,256,0.00,,,ipv4,MOW,1.000,,,
50739,ITTIT-AS,256,0.00,,,ipv4,MOW,1.000,,,
50741,ARISSPB,256,0.00,,,ipv4,SPE,1.000,,,
50753,RU-RN-INFORM-IRK,256,0.00,,,ipv4,IRK,1.000,,,
50762,RDTEX-AS,256,0.00,,,ipv4,MOW,1.000,,,
50787,KRSK-SBIT-AS,256,0.00,,,ipv4,KYA,1.000,,,
50793,BCS-RT-AS,256,0.00,,,ipv4,NVS,1.000,,,
50806,LCOM-AS,256,0.00,,,ipv4,MOW,1.000,,,
50820,OPFM-AS,256,0.00,,,ipv4,MOW,1.000,,,
50822,OSTANKINO-TELECOM,256,0.00,,,ipv4,MOW,1.000,,,
50878,BCS-QUIK-AS,256,0.00,,,ipv4,NVS,1.000,,,
50951,ISR-TRANS-AS,256,0.00,,,ipv4,MOW,1.000,,,
51027,ASN-TATINF,256,0.00,,,ipv4,TA,1.000,,,
51039,RFNC-VNIITF,256,0.00,,,ipv4,CHE,1.000,,,
51051,SARATOVGOV-AS,256,0.00,,,ipv4,SAR,1.000,,,
51071,SIBTELEKOM-AS,256,0.00,,,ipv4,KEM,1.000,,,
51117,DANAFLEX-NANO-NET,256,0.00,,,ipv4,TA,1.000,,,
51125,POLYANA,256,0.00,,,ipv4,KDA,1.000,,,
51181,SIBSAU-NET,256,0.00,,,ipv4,KYA,1.000,,,
51183,ACOMPS-NET,256,0.00,,,ipv4,MOW,1.000,,,
51193,"INBANK-AS Moscow, Russia",256,0.00,MOW,,ipv4,MOW,1.000,,,
51211,FORMER_RULEVAD,256,0.00,,,ipv4,MOW,1.000,,,
51238,KRASNODAR-RN-INFORM-AS Branch in Krasnodar,256,0.00,KDA,,ipv4,SPE,1.000,,,
51256,OEZ-AS,256,0.00,,,ipv4,TOM,1.000,,,
51292,SANOMA-INDEP-MEDIA,256,0.00,,,ipv4,MOW,1.000,,,
51293,OCEANTELECOM-NET,256,0.00,,,ipv4,PRI,1.000,,,
51317,YUGTELECOM-AS,256,0.00,,,ipv4,KDA,1.000,,,
51334,VSMPO-AVISMA,256,0.00,,,ipv4,SVE,1.000,,,
51348,AORS-AS,256,0.00,,,ipv4,ORE,1.000,,,
51384,GENDALF-AS,256,0.00,,,ipv4,ROS,1.000,,,
51456,KAPITAL-SVYAZ-AS,256,0.00,,,ipv4,MOW,1.000,,,
51470,VELPHARM-AS,256,0.00,,,ipv4,LEN,1.000,,,
51471,RUSSKIY-ALCOGOL-AS,256,0.00,,,ipv4,IVA,1.000,,,
51472,AIF,256,0.00,,,ipv4,MOW,1.000,,,
51488,GARANTTELESETI-AS,256,0.00,,,ipv4,UD,1.000,,,
51494,ELMA-AS,256,0.00,,,ipv4,UD,1.000,,,
51506,SVIAZ-SERVICE-NET,256,0.00,,,ipv4,NVS,1.000,,,
51536,GAZPROMBANK-KRASNOYARSK-AS,256,0.00,KYA,,ipv4,KYA,1.000,,,
51562,ALMAZOVCENTRE,256,0.00,,,ipv4,SPE,1.000,,,
51599,PRIMORNEFT-NET,256,0.00,,,ipv4,PRI,1.000,,,
51600,JSCB-ENISEY-AS,256,0.00,,,ipv4,KYA,1.000,,,
51633,CHRG-AS,256,0.00,,,ipv4,CHE,1.000,,,
51642,CREDITINFO,256,0.00,,,ipv4,MOW,1.000,,,
51667,RENCONS-AS,256,0.00,,,ipv4,SPE,1.000,,,
51680,SSIV-AS,256,0.00,,,ipv4,TVE,1.000,,,
51700,CTM_LTD-AS,256,0.00,,,ipv4,SPE,1.000,,,
51716,MOSRP-AS,256,0.00,,,ipv4,MOW,1.000,,,
51723,TKB_INVESTMENT_PARTNERS,256,0.00,,,ipv4,LEN,1.000,,,
51780,VNIIKR-AS,256,0.00,,,ipv4,MOW,1.000,,,
51804,NNOV-AS,256,0.00,,,ipv4,NIZ,1.000,,,
51831,TRETYAKOV-AS,256,0.00,,,ipv4,MOW,1.000,,,
51838,LESPROEKT-AS,256,0.00,,,ipv4,KYA,1.000,,,
51842,INET-AS,256,0.00,,,ipv4,KDA,1.000,,,
51869,SPBMAPO-NET,256,0.00,,,ipv4,SPE,1.000,,,
51882,GOV45-AS,256,0.00,,,ipv4,KGN,1.000,,,
51884,TERATEL-AS,256,0.00,,,ipv4,MOW,1.000,,,
51893,PROFCOMM-AS,256,0.00,,,ipv4,MOW,1.000,,,
51912,EAO-AS,256,0.00,,,ipv4,MOW,1.000,,,
51921,INTSYS-AS,256,0.00,,,ipv4,MOW,1.000,,,
51971,SKOLKOVO,256,0.00,,,ipv4,MOS,1.000,,,
51977,ROSGEOLFOND-AS,256,0.00,,,ipv4,MOW,1.000,,,
51981,FINSTAR-AS,256,0.00,,,ipv4,SPE,1.000,,,
51994,RUSAGRO,256,0.00,,,ipv4,MOS,1.000,,,
51998,ARHCITY,256,0.00,,,ipv4,ARK,1.000,,,
52002,PSOFT-AS,256,0.00,,,ipv4,NIZ,1.000,,,
52006,MOSCOWBREWINGCOMPANYAS,256,0.00,,,ipv4,MOS,1.000,,,
52010,STAVCOM-AS,256,0.00,,,ipv4,MOW,1.000,,,
52046,BASHNIPINEFT-AS,256,0.00,,,ipv4,MOW,1.000,,,
52047,M-VIDEO-AS,256,0.00,,,ipv4,MOW,1.000,,,
52069,VMTP-AS,256,0.00,,,ipv4,PRI,1.000,,,
52085,RU-MEDVEDHOLDING-NET,256,0.00,,,ipv4,KYA,1.000,,,
52090,UNICONF-AS,256,0.00,,,ipv4,MOW,1.000,,,
52094,BITBYTENET-AS,256,0.00,,,ipv4,ROS,1.000,,,
52096,ARMZ-AS,256,0.00,,,ipv4,MOW,1.000,,,
52108,ITC-AS,256,0.00,,,ipv4,SAM,1.000,,,
52118,GU-YAO-AS,256,0.00,,,ipv4,YAR,1.000,,,
52141,DELRUS-AS,256,0.00,,,ipv4,BA,1.000,,,
52156,KINEF,256,0.00,,,ipv4,LEN,1.000,,,
52184,GIVC,256,0.00,,,ipv4,MOW,1.000,,,
52197,SITC-OREL-MNT-AS GIR-OREL RU AS aut-num,256,0.00,,,ipv4,ORL,1.000,,,
52217,ISKRA-AS,256,0.00,,,ipv4,UD,1.000,,,
56358,BALTTELECOMPORT-AS,256,0.00,,,ipv4,SPE,1.000,,,
56383,NORDSKY-AS,256,0.00,,,ipv4,KYA,1.000,,,
56394,ITSYSTEMS,256,0.00,,,ipv4,MOW,1.000,,,
56398,PAYU-AS,256,0.00,,,ipv4,MOW,1.000,,,
56425,HANDY-AS,256,0.00,,,ipv4,MOW,1.000,,,
56445,NNP-AS,256,0.00,,,ipv4,TOM,1.000,,,
56483,AKTIV-SOFT-AS,256,0.00,,,ipv4,IVA,1.000,,,
56506,PDS-AS,256,0.00,,,ipv4,STA,1.000,,,
56537,CPL-AS,256,0.00,,,ipv4,MOW,1.000,,,
56557,VORONEZH-IT-AS,256,0.00,VOR,,ipv4,VOR,1.000,,,
56613,PSKAS,256,0.00,,,ipv4,PSK,1.000,,,
56666,ATLAS,256,0.00,,,ipv4,MOW,1.000,,,
56671,MEDIS-AS,256,0.00,,,ipv4,MOW,1.000,,,
56678,GYDROZO-AS,256,0.00,,,ipv4,IVA,1.000,,,
56686,YRI-RU-AS,256,0.00,,,ipv4,MOW,1.000,,,
56692,THEBANKOFKAZAN,256,0.00,,,ipv4,TA,1.000,,,
56721,LEGION-AS,256,0.00,,,ipv4,KHA,1.000,,,
56725,GOZNAK-AS,256,0.00,,,ipv4,MOW,1.000,,,
56785,GUP-GK-BERLIN-AS,256,0.00,,,ipv4,MOW,1.000,,,
56793,EFBANK-AS,256,0.00,,,ipv4,MOW,1.000,,,
56810,TOLMACHEVO-AS,256,0.00,,,ipv4,NVS,1.000,,,
56836,ZSSK-AS,256,0.00,,,ipv4,KHM,1.000,,,
56842,PLATFORMA-AS,256,0.00,,,ipv4,MOW,1.000,,,
56853,LMN-AS,256,0.00,,,ipv4,SPE,1.000,,,
56854,YEMELYANOVO-AIRPORT,256,0.00,,,ipv4,KYA,1.000,,,
56857,DKTEL-OPRF,256,0.00,,,ipv4,MOW,1.000,,,
56866,VSC-AS,256,0.00,,,ipv4,PRI,1.000,,,
56877,SPHAERA-AS,256,0.00,,,ipv4,MOW,1.000,,,
56886,REDSTAR-AS,256,0.00,,,ipv4,SPE,1.000,,,
56903,INTECH-GLOBAL,256,0.00,,,ipv4,MOW,1.000,,,
56928,BIZNESFON-AS,256,0.00,,,ipv4,MOW,1.000,,,
56935,CLINIC-AESTHETIC-MEDICINE,256,0.00,,,ipv4,SPE,1.000,,,
56939,CREDOS,256,0.00,,,ipv4,TUL,1.000,,,
56959,IBCZ1-AS,256,0.00,,,ipv4,IRK,1.000,,,
56964,IT-PARK-AS,256,0.00,,,ipv4,MOW,1.000,,,
56982,ENEL-OGK-5-AS,256,0.00,,,ipv4,MOW,1.000,,,
56985,RUSTEL-AS,256,0.00,,,ipv4,KDA,1.000,,,
56991,PLANETARIUM-AS,256,0.00,,,ipv4,IVA,1.000,,,
56996,ROSNEFTEFLOT-AS,256,0.00,,,ipv4,MOW,1.000,,,
57018,INLINETEL,256,0.00,,,ipv4,BEL,1.000,,,
57036,AVILON-AS,256,0.00,,,ipv4,MOW,1.000,,,
57046,AUCCTUR,256,0.00,,,ipv4,UD,1.000,,,
57047,ABIPRODUCT,256,0.00,,,ipv4,VLA,1.000,,,
57145,FOMS-AS,256,0.00,,,ipv4,MOW,1.000,,,
57182,SHOPPINGLIVE-AS,256,0.00,,,ipv4,MOW,1.000,,,
57191,ITB-AS,256,0.00,,,ipv4,MOW,1.000,,,
57200,ASMOIDOKUMENTI,256,0.00,,,ipv4,SVE,1.000,,,
57290,MPROV-,256,0.00,,,ipv4,MOW,1.000,,,
57296,MULTICARTA-OFC-AS,256,0.00,,,ipv4,MOW,1.000,,,
57312,ESOFT-AS,256,0.00,,,ipv4,MOW,1.000,,,
57352,ROSSIYA-SEGODNYA,256,0.00,,,ipv4,MOW,1.000,,,
57368,SST-AS,256,0.00,,,ipv4,MOS,1.000,,,
57375,VN,256,0.00,,,ipv4,MOW,1.000,,,
57410,M-BECON-AS,256,0.00,,,ipv4,MO,1.000,,,
57434,BAGIRA-AS,256,0.00,,,ipv4,KYA,1.000,,,
57438,KRASMED-AS,256,0.00,,,ipv4,KYA,1.000,,,
57449,ARENTEL-AS,256,0.00,,,ipv4,MOW,1.000,,,
57451,TV-MEDIA-AS,256,0.00,,,ipv4,PSK,1.000,,,
57490,SATTEL-AS,256,0.00,,,ipv4,MOW,1.000,,,
57501,UNECO-AS,256,0.00,,,ipv4,MOW,1.000,,,
57510,TSB-AS,256,0.00,,,ipv4,MOW,1.000,,,
57528,EKASSIR-AS,256,0.00,,,ipv4,SPE,1.000,,,
57541,INTER-AS,256,0.00,,,ipv4,TOM,1.000,,,
57549,SKS-AS,256,0.00,,,ipv4,NIZ,1.000,,,
57553,TENDENCE-AS,256,0.00,,,ipv4,MOW,1.000,,,
57561,SPATENT-AS,256,0.00,,,ipv4,MOW,1.000,,,
57572,LESTA-AS,256,0.00,,,ipv4,SPE,1.000,,,
57579,STAVROPOLSTROYOPTORG,256,0.00,,,ipv4,STA,1.000,,,
57589,ESUPPORT-AS,256,0.00,,,ipv4,MOW,1.000,,,
57596,ITH-AS,256,0.00,,,ipv4,MOW,1.000,,,
57609,KELLOGG-RUS-AS,256,0.00,,,ipv4,VOR,1.000,,,
57628,CFT-MSK-AS,256,0.00,,,ipv4,MOW,1.000,,,
57637,GOVKHABARK,256,0.00,,,ipv4,KHA,1.000,,,
57655,ITC-AS,256,0.00,,,ipv4,NVS,1.000,,,
57658,AUTOASSISTANCE,256,0.00,,,ipv4,MOW,1.000,,,
57680,LOKOMOTIV,256,0.00,,,ipv4,MOW,1.000,,,
57749,EUROMEDIA,256,0.00,,,ipv4,MOW,1.000,,,
57766,"ENERGOINFORM-AS Makhachkala, Daghestan, Russia",256,0.00,DA,,ipv4,DA,1.000,,,
57783,EXPERTIT-AS,256,0.00,,,ipv4,LIP,1.000,,,
57785,SISTEMABANK-AS,256,0.00,,,ipv4,MOW,1.000,,,
57796,FREIGHT-LINK-AS,256,0.00,,,ipv4,MOW,1.000,,,
57805,NUTEP-AS,256,0.00,,,ipv4,KDA,1.000,,,
57806,AKB-URAL-FD-AS,256,0.00,,,ipv4,PER,1.000,,,
57828,PRISTAV-AS,256,0.00,,,ipv4,MOW,1.000,,,
57856,LYCEUM1-AS,256,0.00,,,ipv4,KR,1.000,,,
57857,WINNER-ASN,256,0.00,,,ipv4,MOW,1.000,,,
57876,UAZ,256,0.00,,,ipv4,ULY,1.000,,,
57884,MAS-AS,256,0.00,,,ipv4,KDA,1.000,,,
57885,OIKUMENA-AS,256,0.00,,,ipv4,MOW,1.000,,,
57899,MASANDRA-AS For massandra.su,256,0.00,,,ipv4,LEN,1.000,,,
57917,MIDICT,256,0.00,,,ipv4,MOW,1.000,,,
57923,DYMOV-AS,256,0.00,,,ipv4,MOW,1.000,,,
57930,VTB_INSURANCE-AS,256,0.00,,,ipv4,IVA,1.000,,,
57947,BUSINESS-IT-NET,256,0.00,,,ipv4,STA,1.000,,,
57953,GRIDCOM-RT-AS,256,0.00,,,ipv4,TA,1.000,,,
57996,ROSGEOLOGIA-AS,256,0.00,,,ipv4,MOW,1.000,,,
58008,ASRUSHOLOD,256,0.00,,,ipv4,ALT,1.000,,,
58009,ENERGODATA-AS,256,0.00,,,ipv4,MOW,1.000,,,
58019,ARMTEK,256,0.00,,,ipv4,MOW,1.000,,,
58020,TERSYS-AS,256,0.00,,,ipv4,MOW,1.000,,,
58063,VSTU,256,0.00,,,ipv4,VOR,1.000,,,
58070,KSN-AS,256,0.00,,,ipv4,VLG,1.000,,,
58071,RUDN-AS,256,0.00,,,ipv4,MOW,1.000,,,
58100,DALCOMBANK-AS,256,0.00,,,ipv4,MOW,1.000,,,
58107,PERMENERGO-AS,256,0.00,,,ipv4,PER,1.000,,,
58108,USC-AS,256,0.00,,,ipv4,MOW,1.000,,,
58134,ASSVYAZSERVIS,256,0.00,,,ipv4,DA,1.000,,,
58135,ASKALUGAASTRAL,256,0.00,,,ipv4,KLU,1.000,,,
58147,BELLINTEGRATOR,256,0.00,,,ipv4,MOW,1.000,,,
58155,WEBDEPO-AS,256,0.00,,,ipv4,PER,1.000,,,
58163,ASEXIAR,256,0.00,,,ipv4,IVA,1.000,,,
58178,GRAND-AUTO-AS,256,0.00,,,ipv4,TVE,1.000,,,
58194,AVTOKONNEKS-AS,256,0.00,,,ipv4,MOW,1.000,,,
58228,IT-TELECOM,256,0.00,,,ipv4,KYA,1.000,,,
58229,SCORING,256,0.00,,,ipv4,MOW,1.000,,,
58240,ASNPODS,256,0.00,,,ipv4,NIZ,1.000,,,
58241,ASCABELTV,256,0.00,,,ipv4,SAR,1.000,,,
58257,ASAGROCOMGROUP,256,0.00,,,ipv4,ROS,1.000,,,
58268,NOVIIVEK,256,0.00,,,ipv4,MOW,1.000,,,
58278,ASSIST24-AS,256,0.00,,,ipv4,MOW,1.000,,,
58284,ASRTSTELECOM,256,0.00,,,ipv4,MOW,1.000,,,
58288,OTK-AS,256,0.00,,,ipv4,MOW,1.000,,,
58306,GALACTIKA-SERVICE-AS,256,0.00,,,ipv4,ROS,1.000,,,
58341,FREEDOM-FINANCE-AS,256,0.00,,,ipv4,MOW,1.000,,,
59392,FLASH-INTERNET-AS,256,0.00,,,ipv4,ZAB,1.000,,,
59412,WUERTHRUSSIA-AS,256,0.00,,,ipv4,MOW,1.000,,,
59416,NEVZ-AS,256,0.00,,,ipv4,ROS,1.000,,,
59420,MEDNET,256,0.00,,,ipv4,KIR,1.000,,,
59434,AUCTIONHOUSE-AS,256,0.00,,,ipv4,SPE,1.000,,,
59446,DOCTORWEB,256,0.00,,,ipv4,MOW,1.000,,,
59452,ZIS-AS,256,0.00,,,ipv4,MOW,1.000,,,
59465,SCIENER-AS,256,0.00,,,ipv4,BEL,1.000,,,
59483,NCSP-NET,256,0.00,,,ipv4,KDA,1.000,,,
59509,RESOURCE-MEDIA,256,0.00,,,ipv4,MOW,1.000,,,
59512,COALCO-AS,256,0.00,,,ipv4,MOW,1.000,,,
59530,AUTO,256,0.00,,,ipv4,MOW,1.000,,,
59535,ORANGE_GROUP_HH-AS,256,0.00,,,ipv4,NIZ,1.000,,,
59541,TECHCOR-AS,256,0.00,,,ipv4,MOW,1.000,,,
59558,RCP-AS,256,0.00,,,ipv4,PER,1.000,,,
59561,ASTLTSU,256,0.00,,,ipv4,SAM,1.000,,,
59603,KAMCHATKA-AS,256,0.00,KAM,,ipv4,KAM,1.000,,,
59604,INFOTECS-AS,256,0.00,,,ipv4,MOW,1.000,,,
59606,ETP-AS,256,0.00,,,ipv4,MOW,1.000,,,
59633,PESCO-AS,256,0.00,,,ipv4,MOW,1.000,,,
59653,ATEL-AS Alpha Online Team,256,0.00,,,ipv4,MOW,1.000,,,
59656,ER76-AS,256,0.00,,,ipv4,YAR,1.000,,,
59663,OLINE-CONTACT,256,0.00,,,ipv4,MOS,1.000,,,
59672,TDDT-AS,256,0.00,,,ipv4,MOW,1.000,,,
59673,EETP,256,0.00,,,ipv4,MOW,1.000,,,
59688,MARKET-FA,256,0.00,,,ipv4,IRK,1.000,,,
59696,ADMKRSK,256,0.00,,,ipv4,KYA,1.000,,,
59718,UPECO-AS,256,0.00,,,ipv4,MOS,1.000,,,
59722,ROSSIA-AIRLINES-AS,256,0.00,,,ipv4,SPE,1.000,,,
59801,GIVC,256,0.00,,,ipv4,MOW,1.000,,,
59825,VURNARY-AS,256,0.00,,,ipv4,CU,1.000,,,
59831,MEGATELEKOM-AS,256,0.00,,,ipv4,KEM,1.000,,,
59840,BALTBANK-AS,256,0.00,,,ipv4,MOW,1.000,,,
59846,FGC-AS,256,0.00,,,ipv4,SPE,1.000,,,
59906,MILANDR,256,0.00,,,ipv4,MOW,1.000,,,
59916,FORTEINVEST-AS,256,0.00,,,ipv4,MOW,1.000,,,
59928,ELECTROSIGNAL,256,0.00,,,ipv4,NVS,1.000,,,
59935,TUI-AS,256,0.00,,,ipv4,MOW,1.000,,,
59941,EVERGREEN-AS,256,0.00,,,ipv4,MOW,1.000,,,
59946,ORBITA-AS,256,0.00,,,ipv4,KDA,1.000,,,
59954,TN-IX-RS,256,0.00,,,ipv4,MOW,1.000,,,
59960,MEGA-AS,256,0.00,,,ipv4,KHA,1.000,,,
60005,IT-SERVICE-AS,256,0.00,,,ipv4,SVE,1.000,,,
60006,RADUGA-TELECOM,256,0.00,,,ipv4,LIP,1.000,,,
60028,ALATYR-AS,256,0.00,,,ipv4,CU,1.000,,,
60040,RBS-ITP,256,0.00,,,ipv4,MOW,1.000,,,
60048,FARMAIMPEX-AS,256,0.00,,,ipv4,TYU,1.000,,,
60065,LICARD-EU-AS EU,256,0.00,,,ipv4,MOW,1.000,,,
60067,N-TELECOM-AS,256,0.00,,,ipv4,MOW,1.000,,,
60081,LAMPYRIS-AS,256,0.00,,,ipv4,NVS,1.000,,,
60085,CONNECT-AS,256,0.00,,,ipv4,MOW,1.000,,,
60108,FUSION-AS,256,0.00,,,ipv4,NVS,1.000,,,
60122,SBERBANK-VDI,256,0.00,,,ipv4,MOW,1.000,,,
60231,TRAVELSOFT,256,0.00,,,ipv4,SPE,1.000,,,
60287,IPDOM-AS,256,0.00,,,ipv4,MOW,1.000,,,
60290,JSC-AS,256,0.00,,,ipv4,ORE,1.000,,,
60308,INTERNETTECHNOLOGY,256,0.00,,,ipv4,SAR,1.000,,,
60329,SAFIB,256,0.00,,,ipv4,VOR,1.000,,,
60346,V_F_TANKER-AS,256,0.00,,,ipv4,NIZ,1.000,,,
60361,BCS-QUIK-AS,256,0.00,,,ipv4,NVS,1.000,,,
60375,METHOLDING,256,0.00,,,ipv4,MOW,1.000,,,
60434,ALLSAFE-AS,256,0.00,,,ipv4,SPE,1.000,,,
60452,ENPLUSHYDRO-AS,256,0.00,,,ipv4,IRK,1.000,,,
60482,PJSCKOKS,256,0.00,,,ipv4,MOW,1.000,,,
60500,ASHCSIBIR,256,0.00,,,ipv4,NVS,1.000,,,
60513,RU-RN-INFORM-KOMSOMOLSK branch in Komsomolsk,256,0.00,,,ipv4,SVE,1.000,,,
60518,ARRIAH,256,0.00,,,ipv4,VLA,1.000,,,
60519,SHLH,256,0.00,,,ipv4,MOW,1.000,,,
60523,KAROFILM,256,0.00,,,ipv4,MOW,1.000,,,
60553,RIGLA-MO-AS,256,0.00,,,ipv4,MOS,1.000,,,
60556,LTUS-AS,256,0.00,,,ipv4,IRK,1.000,,,
60575,SIBSERVISSVYAZ,256,0.00,,,ipv4,KYA,1.000,,,
60579,STM-CHT-AS LTD STANMIX OKO CHT Office,256,0.00,,,ipv4,MOW,1.000,,,
60598,LABIRINT-AS,256,0.00,,,ipv4,MOW,1.000,,,
60600,HSDT-AS,256,0.00,,,ipv4,MOW,1.000,,,
60625,RU-RESTRAN,256,0.00,,,ipv4,MOW,1.000,,,
60628,ROSENERGO,256,0.00,,,ipv4,MOW,1.000,,,
60635,VOICECOM-NET,256,0.00,,,ipv4,VLA,1.000,,,
60642,PRESNYA,256,0.00,,,ipv4,MOW,1.000,,,
60655,INTEGRAL-AS,256,0.00,,,ipv4,MOW,1.000,,,
60660,ASTOTALVIDEO,256,0.00,,,ipv4,MOW,1.000,,,
60678,RCC,256,0.00,,,ipv4,ALT,1.000,,,
60681,BIOCOMBINAT,256,0.00,,,ipv4,MOW,1.000,,,
60702,POSTBANK,256,0.00,,,ipv4,MOW,1.000,,,
60716,IUT-AS,256,0.00,,,ipv4,SVE,1.000,,,
60726,MOSOBLBANK-AS,256,0.00,,,ipv4,MOW,1.000,,,
60753,ABBGROM,256,0.00,,,ipv4,MOW,1.000,,,
60779,STROYMONTAG-AS,256,0.00,,,ipv4,MOW,1.000,,,
60796,CUSTOMSCARD,256,0.00,,,ipv4,MOW,1.000,,,
60818,NPOTELEMETRY,256,0.00,,,ipv4,KLU,1.000,,,
60835,NSOMED MIAC ensures functioning of medical institutions of the Novosibirsk region,256,0.00,NVS,,ipv4,NVS,1.000,,,
60837,PKT,256,0.00,,,ipv4,MOW,1.000,,,
60854,EDERI,256,0.00,,,ipv4,ZAB,1.000,,,
60862,CIT-KUZBASSA-AS,256,0.00,,,ipv4,KEM,1.000,,,
60865,ASKUBAN,256,0.00,,,ipv4,KDA,1.000,,,
60872,KTI-AS,256,0.00,,,ipv4,KYA,1.000,,,
60913,UR-AS,256,0.00,,,ipv4,SPE,1.000,,,
60919,TKVV-AS,256,0.00,,,ipv4,SPE,1.000,,,
60942,KALASHNIKOV-AS,256,0.00,,,ipv4,UD,1.000,,,
60944,ALPHA-CAPITAL-AS,256,0.00,,,ipv4,MOW,1.000,,,
60956,OTHREE-AS,256,0.00,,,ipv4,MOW,1.000,,,
60957,OFFICEMAG-AS,256,0.00,,,ipv4,VOR,1.000,,,
60967,IPPS-AS National system of payment cards Joint-stock Company NSPK,256,0.00,,,ipv4,MOW,1.000,,,
60980,ORIONNET-ZLGK,256,0.00,,,ipv4,KYA,1.000,,,
61009,TYUMBIT-AS,256,0.00,,,ipv4,TYU,1.000,,,
61011,ROSSETI-SK,256,0.00,,,ipv4,STA,1.000,,,
61014,KMZ-AS,256,0.00,,,ipv4,KGN,1.000,,,
61035,CISCOM,256,0.00,,,ipv4,MOW,1.000,,,
61039,ZMZ,256,0.00,,,ipv4,NIZ,1.000,,,
61041,ALBVVP-AS,256,0.00,,,ipv4,SA,1.000,,,
61052,YAMALSETSERVICE,256,0.00,,,ipv4,LEN,1.000,,,
61118,VIKOM-AS,256,0.00,,,ipv4,KK,1.000,,,
61123,EKONIVA-AS,256,0.00,,,ipv4,MOS,1.000,,,
61141,OST-AS,256,0.00,,,ipv4,MOW,1.000,,,
61156,IFORUM-AS,256,0.00,,,ipv4,SPE,1.000,,,
61166,FSRAR-AS,256,0.00,,,ipv4,KDA,1.000,,,
61175,STM-KHB-AS LTD STANMIX OKO KHB Office,256,0.00,,,ipv4,KHA,1.000,,,
61187,FIPS-AS,256,0.00,,,ipv4,MOW,1.000,,,
61197,N-L-E,256,0.00,,,ipv4,SPE,1.000,,,
61230,IPTT-AS,256,0.00,,,ipv4,PER,1.000,,,
61249,NL-TELECOM-AS,256,0.00,,,ipv4,MOW,1.000,,,
61259,SUPERWAVE-AS,256,0.00,,,ipv4,MOW,1.000,,,
61261,AUTOCENTERCITY,256,0.00,,,ipv4,MOW,1.000,,,
61264,IT-AS,256,0.00,,,ipv4,MOW,1.000,,,
61265,CSOFTVORONEZH,256,0.00,,,ipv4,MOW,1.000,,,
61291,TFOMSSK,256,0.00,,,ipv4,STA,1.000,,,
61305,TECHNOCYCLE-AS,256,0.00,,,ipv4,MOW,1.000,,,
61306,LITRES-AS,256,0.00,,,ipv4,MOW,1.000,,,
61326,STRADING-AS,256,0.00,,,ipv4,MOW,1.000,,,
61358,MZRD-AS,256,0.00,,,ipv4,MOW,1.000,,,
61375,VIPSERVICE-AS,256,0.00,,,ipv4,MOW,1.000,,,
61379,MKBINVESTMENTS-AS,256,0.00,,,ipv4,MOW,1.000,,,
61383,IRONLOGIC,256,0.00,,,ipv4,SPE,1.000,,,
61410,CSISTEALTH-AS,256,0.00,,,ipv4,MOW,1.000,,,
61435,ARKHBUM-AS,256,0.00,,,ipv4,ARK,1.000,,,
61980,CINEPOST,256,0.00,,,ipv4,MOW,1.000,,,
61991,KRAUS-M-AS,256,0.00,,,ipv4,MOW,1.000,,,
62046,GTLINK-AS,256,0.00,,,ipv4,SPE,1.000,,,
62056,MIAC-AS,256,0.00,,,ipv4,ARK,1.000,,,
62063,BOLSHOI-AS,256,0.00,,,ipv4,MOW,1.000,,,
62115,EXIMBANK-AS,256,0.00,,,ipv4,MOW,1.000,,,
62122,RENLIFE-AS,256,0.00,,,ipv4,MOW,1.000,,,
62143,DVRC-AS,256,0.00,,,ipv4,MOW,1.000,,,
62150,BARS-GROUP-AS,256,0.00,,,ipv4,TA,1.000,,,
62207,U1HOLDING-AS,256,0.00,,,ipv4,MOW,1.000,,,
62243,VKONTAKTE-SPBZN-AS,256,0.00,,,ipv4,SPE,1.000,,,
62264,RIHMI-WDC,256,0.00,,,ipv4,KLU,1.000,,,
62272,OBLTELECOMSERV,256,0.00,,,ipv4,MOW,1.000,,,
62287,REGION-AS,256,0.00,,,ipv4,MAG,1.000,,,
62288,ZORRO,256,0.00,,,ipv4,VOR,1.000,,,
62330,ASH-AS,256,0.00,,,ipv4,SPE,1.000,,,
62333,YULIA,256,0.00,,,ipv4,MOW,1.000,,,
62344,ITAR-TASS-AS2,256,0.00,,,ipv4,MOW,1.000,,,
62345,GSKB,256,0.00,,,ipv4,MOW,1.000,,,
62358,MOSENERGOSBYT-AS,256,0.00,,,ipv4,MOW,1.000,,,
62360,TELENET-DN-AS,256,0.00,,,ipv4,ROS,1.000,,,
62378,MIATEL-AS,256,0.00,,,ipv4,SPE,1.000,,,
62389,YAKOVLEV,256,0.00,,,ipv4,MOW,1.000,,,
62402,KLGD-AS,256,0.00,,,ipv4,KGD,1.000,,,
62422,FAS,256,0.00,,,ipv4,MOW,1.000,,,
62426,ESTEITINVEST,256,0.00,,,ipv4,MOW,1.000,,,
62439,REDLINE,256,0.00,,,ipv4,MOW,1.000,,,
62446,NIKA-TELECOM-AS,256,0.00,,,ipv4,MOW,1.000,,,
62461,"ODS57-AS Orel, Russia",256,0.00,,,ipv4,ORL,1.000,,,
64450,YADRO-AS,256,0.00,,,ipv4,MOW,1.000,,,
64461,SMARTAVIA-AS,256,0.00,,,ipv4,ARK,1.000,,,
196667,APEKSSECURITY-AS,256,0.00,,,ipv4,MOW,1.000,,,
196716,CHNG-AS CHNG-AS,256,0.00,,,ipv4,RU,1.000,,,
196780,RU-SYSTEMS-AS,256,0.00,,,ipv4,MOW,1.000,,,
196796,GEPB-AS,256,0.00,,,ipv4,MOW,1.000,,,
196884,TONB-AS,256,0.00,,,ipv4,TYU,1.000,,,
197007,LASERCRAFT,256,0.00,,,ipv4,SVE,1.000,,,
197052,YANKOVSKIY-AS,256,0.00,,,ipv4,SPE,1.000,,,
197097,BIS-AS,256,0.00,,,ipv4,MOW,1.000,,,
197140,DSSV-NET,256,0.00,,,ipv4,MOW,1.000,,,
197193,MICEXIT-AS,256,0.00,,,ipv4,MOW,1.000,,,
197243,IB_SYSTEMS_SUPPORT - I B SYSTEMS SUPPORT Ltd,256,0.00,,,ipv4,SPE,1.000,,,
197257,ARES-AS,256,0.00,,,ipv4,LEN,1.000,,,
197268,BASIS - LLC Basis,256,0.00,,,ipv4,SPE,1.000,,,
197273,OGK4-AS,256,0.00,,,ipv4,MOW,1.000,,,
197276,VOXYS-AS,256,0.00,,,ipv4,MOW,1.000,,,
197280,VTS-AS,256,0.00,,,ipv4,SVE,1.000,,,
197306,ICL-AS,256,0.00,,,ipv4,KO,1.000,,,
197363,fedin - Fedin Vladislav Andreevich,256,0.00,,,ipv4,VGG,1.000,,,
197366,PT-AS,256,0.00,,,ipv4,PER,1.000,,,
197379,INVITRO-AS,256,0.00,,,ipv4,MOW,1.000,,,
197382,BAL-TV,256,0.00,,,ipv4,MOS,1.000,,,
197420,LUZANOV_ANTON_ALEKSANDROVICH,256,0.00,,,ipv4,AL,1.000,,,
197489,VEB-AS,256,0.00,,,ipv4,MOW,1.000,,,
197526,ROSNOU-AS,256,0.00,,,ipv4,MOW,1.000,,,
197529,LSOFT - Lsoft Laboratoriya LTD,256,0.00,,,ipv4,MOW,1.000,,,
197553,GOSNIIAS,256,0.00,,,ipv4,MOW,1.000,,,
197559,RUWUAS,256,0.00,,,ipv4,IVA,1.000,,,
197571,SPUTNIK,256,0.00,,,ipv4,SPE,1.000,,,
197591,CROSSTECH,256,0.00,,,ipv4,MOW,1.000,,,
197596,DECLARANT-AS,256,0.00,,,ipv4,NIZ,1.000,,,
197627,EGY4-AS,256,0.00,,,ipv4,MOS,1.000,,,
197668,AKO-NET,256,0.00,,,ipv4,KIR,1.000,,,
197728,MVI61-AS,256,0.00,,,ipv4,NVS,1.000,,,
197760,CSAT-AS,256,0.00,,,ipv4,MOS,1.000,,,
197773,EESK-AS,256,0.00,,,ipv4,SVE,1.000,,,
197780,CMIRIT-AS,256,0.00,,,ipv4,VLG,1.000,,,
197783,BRYANSK_ENGINEERING_WORKS-AS,256,0.00,BRY,,ipv4,BRY,1.000,,,
197808,TSK-AS,256,0.00,,,ipv4,MOS,1.000,,,
197815,TCAMT,256,0.00,,,ipv4,MOW,1.000,,,
197821,AKRIKHIN-AS,256,0.00,,,ipv4,MOW,1.000,,,
197857,COMPASSPLUS-AS,256,0.00,,,ipv4,CHE,1.000,,,
197865,KALEVA-AS,256,0.00,,,ipv4,TUL,1.000,,,
197873,ENERGOBANK-AS,256,0.00,,,ipv4,TA,1.000,,,
197878,M2M-ALTAI-AS,256,0.00,AL,,ipv4,ALT,1.000,,,
197905,KODEKSCOM-AS,256,0.00,,,ipv4,SPE,1.000,,,
197934,BALTINVESTBANK,256,0.00,,,ipv4,SPE,1.000,,,
197952,DCOMAS,256,0.00,,,ipv4,SPE,1.000,,,
197955,ANGSTREM-AS,256,0.00,,,ipv4,MOW,1.000,,,
197972,ASN-INTELE-2,256,0.00,,,ipv4,MOW,1.000,,,
198021,BA-NSK-AS,256,0.00,,,ipv4,NVS,1.000,,,
198039,RUSCONSULTING-AS,256,0.00,,,ipv4,MOW,1.000,,,
198062,FUNDCENTER,256,0.00,,,ipv4,MOW,1.000,,,
198069,RUSFUNDNET,256,0.00,,,ipv4,MOW,1.000,,,
198074,PESSPB-AS,256,0.00,,,ipv4,SPE,1.000,,,
198076,LITEGROUP,256,0.00,,,ipv4,VOR,1.000,,,
198117,KORUSC-AS,256,0.00,,,ipv4,SPE,1.000,,,
198134,GETWIFI-AS,256,0.00,,,ipv4,SPE,1.000,,,
198181,OPENTECH-NSK,256,0.00,,,ipv4,NVS,1.000,,,
198195,BLIZCO-AS,256,0.00,,,ipv4,MOW,1.000,,,
198207,EUL-AS,256,0.00,,,ipv4,ULY,1.000,,,
198210,BAYKALSR-AS,256,0.00,,,ipv4,MOW,1.000,,,
198258,NAUMEN-AS,256,0.00,,,ipv4,SVE,1.000,,,
198261,INTELCOMTG-AS,256,0.00,,,ipv4,MOW,1.000,,,
198350,RU-RN-INFORM-NEFTEUGANSK,256,0.00,,,ipv4,SPE,1.000,,,
198369,ASMELENKINET,256,0.00,,,ipv4,VLA,1.000,,,
198390,FINAMTECH-TP-AS,256,0.00,,,ipv4,RYA,1.000,,,
198437,DSTAR-AS,256,0.00,,,ipv4,MOW,1.000,,,
198445,RDI-AS,256,0.00,,,ipv4,MOS,1.000,,,
198449,URALAIRLINES,256,0.00,,,ipv4,SVE,1.000,,,
198456,INNOSTAGE-AS,256,0.00,,,ipv4,SPE,1.000,,,
198502,CAMC2-AS,256,0.00,,,ipv4,MOW,1.000,,,
198515,MULTICOM-NET,256,0.00,,,ipv4,TAM,1.000,,,
198523,MOEK-AS,256,0.00,,,ipv4,MOW,1.000,,,
198544,UXM-AS,256,0.00,,,ipv4,SVE,1.000,,,
198598,GARDEN-AS,256,0.00,,,ipv4,MOS,1.000,,,
198645,IAK-NET,256,0.00,,,ipv4,KDA,1.000,,,
198654,AS198654 - PEKITEL Ltd.,256,0.00,,,ipv4,MOW,1.000,,,
198667,RADIOC,256,0.00,,,ipv4,MOS,1.000,,,
198677,ULKT-AS,256,0.00,,,ipv4,SPE,1.000,,,
198688,RTN-AS,256,0.00,,,ipv4,MOW,1.000,,,
198693,URALFINANCE-AS,256,0.00,,,ipv4,SVE,1.000,,,
198700,MPMANAGEMENT,256,0.00,,,ipv4,MOW,1.000,,,
198716,S7-AS,256,0.00,,,ipv4,NVS,1.000,,,
198728,PANASONICRUS,256,0.00,,,ipv4,MOW,1.000,,,
198762,MIGCREDIT,256,0.00,,,ipv4,MOW,1.000,,,
198778,ELECTRONIC-RADIO-OPTICAL-SYSTEMS-AS,256,0.00,,,ipv4,VGG,1.000,,,
198809,IP_PRASCHARUK-AS,256,0.00,,,ipv4,CHE,1.000,,,
198816,RU-PERMTELECOM,256,0.00,,,ipv4,PER,1.000,,,
198817,S7-AS,256,0.00,,,ipv4,MOS,1.000,,,
198819,OZK-AS,256,0.00,,,ipv4,MOW,1.000,,,
198821,ALKOR-AS,256,0.00,,,ipv4,LEN,1.000,,,
198832,OPTICAL-TRANSPORT-NETWORK-AS,256,0.00,,,ipv4,KYA,1.000,,,
198842,PRODUCT-SERVICE-AS,256,0.00,,,ipv4,NIZ,1.000,,,
198856,VALMAKS-AS,256,0.00,,,ipv4,CHE,1.000,,,
198873,SOGLASIE,256,0.00,,,ipv4,MOW,1.000,,,
198929,SENTINEL-AS,256,0.00,,,ipv4,MOW,1.000,,,
198932,CEK-AS,256,0.00,,,ipv4,NIZ,1.000,,,
198933,OOO-SEVERO-ZAPADNYE-TELEKOMMUNIKACII-AS,256,0.00,,,ipv4,MOW,1.000,,,
198976,RU-VM,256,0.00,,,ipv4,MOW,1.000,,,
199007,ROLIS-AS,256,0.00,,,ipv4,SPE,1.000,,,
199010,SWLIFE-AS,256,0.00,,,ipv4,KHA,1.000,,,
199014,KOMOS,256,0.00,,,ipv4,UD,1.000,,,
199022,FALCON-PLUS-AS,256,0.00,,,ipv4,ARK,1.000,,,
199024,OJSC-TH-RUSSKIY-KHOLOD-AS,256,0.00,,,ipv4,ALT,1.000,,,
199032,STROYLESBANK,256,0.00,,,ipv4,TYU,1.000,,,
199049,ICC-AS,256,0.00,,,ipv4,MOW,1.000,,,
199063,PEREMENA-AS,256,0.00,,,ipv4,VOR,1.000,,,
199080,BKHLYNOV,256,0.00,,,ipv4,KIR,1.000,,,
199089,INVESTTORGBANK,256,0.00,,,ipv4,MOW,1.000,,,
199093,MOSPOLYTECH-AS,256,0.00,,,ipv4,NVS,1.000,,,
199112,SIGMA-AS,256,0.00,,,ipv4,SPE,1.000,,,
199120,SINARA-GROUP-AS,256,0.00,,,ipv4,SVE,1.000,,,
199126,VOLKSWAGENBANK-AS,256,0.00,,,ipv4,MOW,1.000,,,
199145,ASFARMSTANDART,256,0.00,,,ipv4,MOS,1.000,,,
199146,ATSCRIPTUM-AS,256,0.00,,,ipv4,SPE,1.000,,,
199148,MINZDRAV-RF-AS,256,0.00,,,ipv4,MOW,1.000,,,
199153,PSF-MAXIMUM-AS,256,0.00,,,ipv4,CHE,1.000,,,
199161,PKO-NHO-AS,256,0.00,,,ipv4,MOW,1.000,,,
199179,MAJOR,256,0.00,,,ipv4,MOS,1.000,,,
199184,MADRIGAL-AS,256,0.00,,,ipv4,ROS,1.000,,,
199194,MONTSYSTEM-AS,256,0.00,,,ipv4,MOW,1.000,,,
199259,USSC,256,0.00,,,ipv4,SVE,1.000,,,
199261,SAKHMARKET-AS,256,0.00,,,ipv4,MOW,1.000,,,
199264,EUROPLAST-AS,256,0.00,,,ipv4,MOS,1.000,,,
199280,MEGAPAGE,256,0.00,,,ipv4,MOW,1.000,,,
199287,FTELECOM2-AS,256,0.00,,,ipv4,MOW,1.000,,,
199314,DRIVE-CLICK,256,0.00,,,ipv4,MOW,1.000,,,
199316,AVTOTOR-AS,256,0.00,,,ipv4,MOW,1.000,,,
199317,PERMSATURN-R,256,0.00,,,ipv4,ORE,1.000,,,
199377,M-PLUS,256,0.00,,,ipv4,BA,1.000,,,
199394,RTL-AS,256,0.00,,,ipv4,SPE,1.000,,,
199424,GRANDCAPITAL,256,0.00,,,ipv4,MOW,1.000,,,
199430,GOODWOOD,256,0.00,,,ipv4,MOS,1.000,,,
199514,LANCET-CLOUD Lancet Cloud,256,0.00,,,ipv4,NL,1.000,,,
199521,FK-PULS-AS,256,0.00,,,ipv4,MOW,1.000,,,
199537,KITNPF-AS,256,0.00,,,ipv4,MOW,1.000,,,
199576,UGSK-SUR-AS,256,0.00,,,ipv4,KHM,1.000,,,
199602,GORSUP,256,0.00,,,ipv4,MOW,1.000,,,
199619,INTERSVYAZ,256,0.00,,,ipv4,SVE,1.000,,,
199622,DKTEL-USPENSKIY,256,0.00,,,ipv4,MOW,1.000,,,
199623,DKTEL-SCHERBINKA,256,0.00,,,ipv4,MOW,1.000,,,
199647,DKTEL-FEDERAL-BTI,256,0.00,,,ipv4,MOW,1.000,,,
199651,CLOUDTRANSIT-AS Internet Network Services,256,0.00,,,ipv4,MOW,1.000,,,
199726,STROYLANDIA-AS,256,0.00,,,ipv4,MOW,1.000,,,
199730,MSTELECOM-AS,256,0.00,,,ipv4,SAM,1.000,,,
199778,LAMA-AS,256,0.00,,,ipv4,NVS,1.000,,,
199798,ABSOLUT,256,0.00,,,ipv4,MOW,1.000,,,
199858,GENBANK-AS,256,0.00,,,ipv4,MOW,1.000,,,
199862,RENOVA-GR-AS,256,0.00,,,ipv4,MOW,1.000,,,
199901,S-TELECOM-AS,256,0.00,,,ipv4,OMS,1.000,,,
199956,IT-SETI,256,0.00,,,ipv4,SVE,1.000,,,
199991,CYBER-TELECOM-AS,256,0.00,,,ipv4,IVA,1.000,,,
200007,SEVSU-AS,256,0.00,,,ipv4,RU,1.000,,,
200022,AIRNET-AS,256,0.00,,,ipv4,MOS,1.000,,,
200048,ALEAN-AS,256,0.00,,,ipv4,MOW,1.000,,,
200054,OKBANK,256,0.00,,,ipv4,MOW,1.000,,,
200122,CENTRAL_UNIVERSITY,256,0.00,,,ipv4,MOW,1.000,,,
200152,SYNOVATE_COMCON-AS,256,0.00,,,ipv4,MOW,1.000,,,
200166,STROYMONTAG-AS,256,0.00,,,ipv4,MOW,1.000,,,
200172,MKK-LUNA,256,0.00,,,ipv4,MOW,1.000,,,
200175,NFA-AS,256,0.00,,,ipv4,SPE,1.000,,,
200214,SOFTTIME,256,0.00,,,ipv4,SPE,1.000,,,
200215,FABRIKA-KUKHNYA-AS,256,0.00,,,ipv4,MOW,1.000,,,
200219,TVSERVICE-AS,256,0.00,,,ipv4,ROS,1.000,,,
200264,BSH-NL-AMS,256,0.00,,,ipv4,MOW,1.000,,,
200285,SUZUKI-AS,256,0.00,,,ipv4,MOW,1.000,,,
200294,GAU-RD-CIT-RSNET,256,0.00,,,ipv4,DA,1.000,,,
200323,POI-FEBRAS-AS,256,0.00,,,ipv4,PRI,1.000,,,
200328,BEV-AS,256,0.00,,,ipv4,ORL,1.000,,,
200340,SKMIAC,256,0.00,,,ipv4,STA,1.000,,,
200364,ALTAY-ADM-AS,256,0.00,,,ipv4,ALT,1.000,,,
200452,PROMSORT-TULA,256,0.00,TUL,,ipv4,MOW,1.000,,,
200453,STPR-AS,256,0.00,,,ipv4,SPE,1.000,,,
200466,TCT-AS,256,0.00,,,ipv4,KLU,1.000,,,
200496,CIT2-AS,256,0.00,,,ipv4,VLG,1.000,,,
200505,USERVICE,256,0.00,,,ipv4,MOW,1.000,,,
200551,TORGRYADY-AS,256,0.00,,,ipv4,MOS,1.000,,,
200575,INTEGRA,256,0.00,,,ipv4,MOW,1.000,,,
200619,VKT-AS,256,0.00,,,ipv4,NIZ,1.000,,,
200620,YUNAI,256,0.00,,,ipv4,MOW,1.000,,,
200622,GPRM,256,0.00,,,ipv4,MOW,1.000,,,
200624,RZD-PARTNER,256,0.00,,,ipv4,SPE,1.000,,,
200627,BPCPROCESSING,256,0.00,,,ipv4,MOW,1.000,,,
200634,ISC-AS,256,0.00,,,ipv4,VLA,1.000,,,
200637,ABSOLUTINS-AS,256,0.00,,,ipv4,MOW,1.000,,,
200644,PROGRESS-AS,256,0.00,,,ipv4,SAM,1.000,,,
200686,RUSTEST,256,0.00,,,ipv4,MOW,1.000,,,
200687,PROGRESSFOOD,256,0.00,,,ipv4,KZ,1.000,,,
200697,KUZSTU-AS,256,0.00,,,ipv4,KEM,1.000,,,
200722,CUBE-AS,256,0.00,,,ipv4,MOS,1.000,,,
200725,IXCELLERATE,256,0.00,,,ipv4,MOW,1.000,,,
200734,AIRLINK-AS,256,0.00,,,ipv4,SPE,1.000,,,
200743,POLYMEDIA-AS,256,0.00,,,ipv4,MOW,1.000,,,
200762,KARTOTEKA-AS,256,0.00,,,ipv4,MOW,1.000,,,
200778,ELEKTROSET-AS,256,0.00,,,ipv4,MOS,1.000,,,
200928,RTTV,256,0.00,,,ipv4,MOW,1.000,,,
200935,KODA-AS,256,0.00,,,ipv4,MOW,1.000,,,
200938,WISPLINE,256,0.00,,,ipv4,MOW,1.000,,,
201009,SUPPORTIT-AS,256,0.00,,,ipv4,MOW,1.000,,,
201016,BERCUT-AS,256,0.00,,,ipv4,SPE,1.000,,,
201018,ERKAFARM-AS,256,0.00,,,ipv4,MOS,1.000,,,
201037,TRUE-ENGINEERING,256,0.00,,,ipv4,MOW,1.000,,,
201065,CENTERBUKETOV,256,0.00,,,ipv4,NVS,1.000,,,
201092,AVIALESOOKHRANA-AS,256,0.00,,,ipv4,MOS,1.000,,,
201195,MMK,256,0.00,,,ipv4,MOW,1.000,,,
201231,VNET24-AS,256,0.00,,,ipv4,SA,1.000,,,
201244,RSF-AS,256,0.00,,,ipv4,MOW,1.000,,,
201275,CANPACK-AS,256,0.00,,,ipv4,MOW,1.000,,,
201297,IITS-AS,256,0.00,,,ipv4,NIZ,1.000,,,
201298,MIKROTEK-AS,256,0.00,,,ipv4,MOW,1.000,,,
201312,BPCBT-AS,256,0.00,,,ipv4,MOW,1.000,,,
201368,KBNK,256,0.00,,,ipv4,SAM,1.000,,,
201389,ITEXPERT,256,0.00,,,ipv4,KDA,1.000,,,
201429,TRANSAVTOLIZ-AS,256,0.00,,,ipv4,MOW,1.000,,,
201430,BANKROUND-AS,256,0.00,,,ipv4,MOW,1.000,,,
201443,SVYAZ-PROJECT-AS,256,0.00,,,ipv4,MOW,1.000,,,
201468,AGROSVYAZ-AS,256,0.00,,,ipv4,VGG,1.000,,,
201475,STC-AS,256,0.00,,,ipv4,SPE,1.000,,,
201498,MXMANAGEMENT-AS,256,0.00,,,ipv4,MOS,1.000,,,
201499,SPRINTHOST,256,0.00,,,ipv4,AM,1.000,,,
201515,XXICENTURE,256,0.00,,,ipv4,SPE,1.000,,,
201564,STG,256,0.00,,,ipv4,MOW,1.000,,,
201571,TOYOTABANK-AS,256,0.00,,,ipv4,MOW,1.000,,,
201588,MOSCONNECT-AS,256,0.00,,,ipv4,MOW,1.000,,,
201631,TRANSASIALOGISTIC,256,0.00,,,ipv4,KDA,1.000,,,
201669,UTG,256,0.00,,,ipv4,MOW,1.000,,,
201677,TENEX-AS,256,0.00,,,ipv4,MOW,1.000,,,
201721,DVABEREGA,256,0.00,,,ipv4,SPE,1.000,,,
201752,NCA,256,0.00,,,ipv4,MOW,1.000,,,
201774,FINSERVICE-AS,256,0.00,,,ipv4,MOW,1.000,,,
201778,UNIVOREL,256,0.00,,,ipv4,ORL,1.000,,,
201788,RUSENERGOSBYT,256,0.00,,,ipv4,MOW,1.000,,,
201797,SB_SERVICE-AS,256,0.00,,,ipv4,SPE,1.000,,,
201839,ZAYMER2-AS,256,0.00,,,ipv4,NVS,1.000,,,
201913,THEOREMA-EXT,256,0.00,,,ipv4,IRK,1.000,,,
201914,ROZTEH-AS,256,0.00,,,ipv4,MOS,1.000,,,
201916,AVOSEND-SD,256,0.00,,,ipv4,MOW,1.000,,,
201970,ASKOMANDOR,256,0.00,,,ipv4,KYA,1.000,,,
202000,ZHOST-AS,256,0.00,,,ipv4,MOW,1.000,,,
202009,TIETORUS-AS,256,0.00,,,ipv4,MOW,1.000,,,
202082,ILOT,256,0.00,,,ipv4,MOW,1.000,,,
202091,ZEON-AS,256,0.00,,,ipv4,KDA,1.000,,,
202104,SERVERPLUS-AS,256,0.00,,,ipv4,SMO,1.000,,,
202127,SPLAV-AS,256,0.00,,,ipv4,MOW,1.000,,,
202156,EVERIA-LIFE,256,0.00,,,ipv4,MOW,1.000,,,
202216,LISSIB,256,0.00,,,ipv4,NVS,1.000,,,
202250,CDEK5-AS,256,0.00,,,ipv4,NVS,1.000,,,
202273,MKB-AS,256,0.00,,,ipv4,MOW,1.000,,,
202289,LOVITEL-WIFI-AS,256,0.00,,,ipv4,MOW,1.000,,,
202290,IK-HOST-AS,256,0.00,,,ipv4,SVE,1.000,,,
202317,FONCOR,256,0.00,,,ipv4,MOW,1.000,,,
202326,BRTTELECOM-AS,256,0.00,,,ipv4,KDA,1.000,,,
202342,GNCK,256,0.00,,,ipv4,MOW,1.000,,,
202345,CANALPRIEGO,256,0.00,,,ipv4,MOS,1.000,,,
202378,METINVEST-AS,256,0.00,,,ipv4,MOW,1.000,,,
202446,SMARTS_AS,256,0.00,,,ipv4,SAM,1.000,,,
202493,INTERCOM-AS,256,0.00,,,ipv4,KIR,1.000,,,
202533,VIBORS-AS,256,0.00,,,ipv4,KDA,1.000,,,
202537,ETM,256,0.00,,,ipv4,SPE,1.000,,,
202542,MF-SAKHALIN-ISLAND,256,0.00,,SAK,ipv4,SAK,1.000,,,1.000
202570,RU-RADUGA-AM5,256,0.00,,,ipv4,MOW,1.000,,,
202633,TRANSOIL,256,0.00,,,ipv4,SPE,1.000,,,
202642,JSCC5-AS,256,0.00,,,ipv4,SPE,1.000,,,
202674,MAKS-AS,256,0.00,,,ipv4,MOW,1.000,,,
202752,"AS202752 - OOO ""Spacetel""",256,0.00,,,ipv4,MOW,1.000,,,
202760,DIXY-GROUP-AS,256,0.00,,,ipv4,MOS,1.000,,,
202768,ARIANA-ASN,256,0.00,,,ipv4,SE,1.000,,,
202770,FINSDEKLA-AS,256,0.00,,,ipv4,NVS,1.000,,,
202778,MEDSOFT-AS,256,0.00,,,ipv4,LIP,1.000,,,
202781,ITSERVICE-AS,256,0.00,,,ipv4,MOW,1.000,,,
202795,TRANS-MISSIA_AS,256,0.00,,,ipv4,MOW,1.000,,,
202800,TECHNOKOM,256,0.00,,,ipv4,CHE,1.000,,,
202801,BCS-AS,256,0.00,,,ipv4,NVS,1.000,,,
202802,SBR-AS,256,0.00,,,ipv4,IVA,1.000,,,
202824,ATS-AS,256,0.00,,,ipv4,MOW,1.000,,,
202832,PROBANK-AS,256,0.00,,,ipv4,MOW,1.000,,,
202835,PROM-KOMPLEKT-AS,256,0.00,,,ipv4,CHE,1.000,,,
202871,SFERA-AS,256,0.00,,,ipv4,NVS,1.000,,,
202880,ESK-AS,256,0.00,,,ipv4,MOW,1.000,,,
202974,FIRST_SERVICE_PROVIDER,256,0.00,,,ipv4,SPE,1.000,,,
202985,DIASOFT,256,0.00,,,ipv4,MOW,1.000,,,
202989,OFIS24,256,0.00,,,ipv4,SPE,1.000,,,
203006,ITS-AS,256,0.00,,,ipv4,MOW,1.000,,,
203032,MAKSM-AS,256,0.00,,,ipv4,MOW,1.000,,,
203093,ZARUBEZHNEFT-AS,256,0.00,,,ipv4,MOW,1.000,,,
203121,CORE-01,256,0.00,,,ipv4,NO,1.000,,,
203270,RU_FORWARD_ENERGO_MSC,256,0.00,,,ipv4,MOW,1.000,,,
203344,TTKOM-AS,256,0.00,,,ipv4,KHM,1.000,,,
203353,ASAGRISOVGAS,256,0.00,,,ipv4,KLU,1.000,,,
203371,TRANSINFORM-AS,256,0.00,,,ipv4,VOR,1.000,,,
203407,RCC-GROUP-AS,256,0.00,,,ipv4,SVE,1.000,,,
203456,BORK,256,0.00,,,ipv4,MOW,1.000,,,
203492,POWERTELECOM-AS,256,0.00,,,ipv4,MOW,1.000,,,
203509,INNOPOLIS-AS,256,0.00,,,ipv4,TA,1.000,,,
203542,IT-PROF-AS,256,0.00,,,ipv4,MOW,1.000,,,
203563,VOSTOK-AS,256,0.00,,,ipv4,MOW,1.000,,,
203599,BANK_LEVOBEREZHNY,256,0.00,,,ipv4,NVS,1.000,,,
203627,POBEDA-AS,256,0.00,,,ipv4,NVS,1.000,,,
203699,CHERNOGOLOVKA-AS,256,0.00,,,ipv4,MOS,1.000,,,
203746,INTERBCI,256,0.00,,,ipv4,MOW,1.000,,,
203749,O2CLOUD,256,0.00,,,ipv4,MOW,1.000,,,
203753,CLOUDRACK2,256,0.00,,,ipv4,SAM,1.000,,,
203803,TELVIO-AS  RECONN Link,256,0.00,,,ipv4,SPE,1.000,,,
203805,ASINFOLINE,256,0.00,,,ipv4,TYU,1.000,,,
203831,NEW-POINT-AS,256,0.00,,,ipv4,MOW,1.000,,,
203832,PROITR,256,0.00,,,ipv4,MOW,1.000,,,
203841,RUSACCREDITATION,256,0.00,,,ipv4,MOW,1.000,,,
203844,INTOM-AS,256,0.00,,,ipv4,SVE,1.000,,,
203858,PESCO-AS,256,0.00,,,ipv4,MOS,1.000,,,
203869,RAZVITIE-AS,256,0.00,,,ipv4,MOW,1.000,,,
203883,AVERSBANK-AS,256,0.00,,,ipv4,TA,1.000,,,
203907,EVOTOR-AS1,256,0.00,,,ipv4,MOW,1.000,,,
203922,ML-AS,256,0.00,,,ipv4,VLA,1.000,,,
203948,MARF-LLCFLEX-AS,256,0.00,,,ipv4,MOW,1.000,,,
203974,GPM-KIT,256,0.00,,,ipv4,MOW,1.000,,,
204039,CITYTELECOM-VOIP-MSK-AS,256,0.00,,,ipv4,MOW,1.000,,,
204067,BIGCIRC-AS,256,0.00,,,ipv4,MOW,1.000,,,
204112,G1-AS,256,0.00,,,ipv4,PRI,1.000,,,
204159,ADK-AS,256,0.00,,,ipv4,MOW,1.000,,,
204173,KOMPROMISS-AS,256,0.00,,,ipv4,MOW,1.000,,,
204217,SLAVIA-AS,256,0.00,,,ipv4,MOW,1.000,,,
204219,PETROLESPORT,256,0.00,,,ipv4,SPE,1.000,,,
204231,SYSTEMATIC-AS,256,0.00,,,ipv4,MOW,1.000,,,
204237,METALLPROFIL,256,0.00,,,ipv4,MOW,1.000,,,
204271,SHOWJET-AS,256,0.00,,,ipv4,SPE,1.000,,,
204277,MEGALINK-AS,256,0.00,,,ipv4,BU,1.000,,,
204298,ASTODEP,256,0.00,,,ipv4,TYU,1.000,,,
204304,NEFTEGAZHOLDING,256,0.00,,,ipv4,KGD,1.000,,,
204314,NSELECTRONICS-AS,256,0.00,,,ipv4,STA,1.000,,,
204323,NOVEX-AS,256,0.00,,,ipv4,ALT,1.000,,,
204337,RUSNANO,256,0.00,,,ipv4,MOW,1.000,,,
204357,VWRUS-AS,256,0.00,,,ipv4,MOW,1.000,,,
204362,ELINK48-AS,256,0.00,,,ipv4,LIP,1.000,,,
204459,DC-THREEDATA-AS,256,0.00,,,ipv4,MOW,1.000,,,
204474,METRO-CC-AS,256,0.00,,,ipv4,MOW,1.000,,,
204477,URALKALI-AS,256,0.00,,,ipv4,PER,1.000,,,
204489,KVADO-AS Kvartplata Onlain LLC.,256,0.00,,,ipv4,SPE,1.000,,,
204492,NSK-AS,256,0.00,,,ipv4,MOW,1.000,,,
204520,OIS-AS,256,0.00,,,ipv4,MOW,1.000,,,
204525,DIGITALLAB-AS,256,0.00,,,ipv4,MOW,1.000,,,
204531,GLOBUS-AS,256,0.00,,,ipv4,SPE,1.000,,,
204551,UTS-AS,256,0.00,,,ipv4,VOR,1.000,,,
204553,TOPMEDIA,256,0.00,,,ipv4,TOM,1.000,,,
204574,IZ-AS,256,0.00,,,ipv4,MOW,1.000,,,
204587,ION-AS,256,0.00,,,ipv4,SAM,1.000,,,
204665,THREEDATA-AS,256,0.00,,,ipv4,MOW,1.000,,,
204678,DC_USERGATE,256,0.00,,,ipv4,NVS,1.000,,,
204696,AUCHAN-RU-AS,256,0.00,,,ipv4,MOW,1.000,,,
204703,PLANETA-CLOUD,256,0.00,,,ipv4,MOW,1.000,,,
204713,UKK-AS,256,0.00,,,ipv4,CHE,1.000,,,
204752,NSOTELECOM-AS,256,0.00,,,ipv4,NVS,1.000,,,
204791,STARLINK-CRIMEA-AS,256,0.00,,,ipv4,MOW,1.000,,,
204820,MACHTA-AS,256,0.00,,,ipv4,SA,1.000,,,
204822,ATH-AS,256,0.00,,,ipv4,MOW,1.000,,,
204825,RESCOM-AS,256,0.00,,,ipv4,MOW,1.000,,,
204827,RESO-AS,256,0.00,,,ipv4,MOW,1.000,,,
204829,ASONET,256,0.00,,,ipv4,MOW,1.000,,,
204846,ROSTPAY-AS,256,0.00,,,ipv4,ROS,1.000,,,
204848,COLVIR-AS,256,0.00,,,ipv4,MOW,1.000,,,
204908,RU-SHARK,256,0.00,,,ipv4,MOS,1.000,,,
204919,KRASAVIA,256,0.00,,,ipv4,KYA,1.000,,,
204952,AS for client VCIOM,256,0.00,,,ipv4,PER,1.000,,,
204991,AVSELECTRO-AS,256,0.00,,,ipv4,VOR,1.000,,,
205047,GEVURA-AS,256,0.00,,,ipv4,MOW,1.000,,,
205060,DEPARTMENT_IT_OF_SMOLENSK_REGION,256,0.00,SMO,,ipv4,KDA,1.000,,,
205084,ASK-IT-AS,256,0.00,,,ipv4,SVE,1.000,,,
205135,LLC12BIT-AS 12bit-AS41904,256,0.00,,,ipv4,SA,1.000,,,
205158,SBRF-CAPITAL,256,0.00,,,ipv4,MOW,1.000,,,
205161,SBER-SPB-AS,256,0.00,,,ipv4,MOW,1.000,,,
205194,INFO-LINE,256,0.00,,,ipv4,SVE,1.000,,,
205297,NSBL-AS,256,0.00,,,ipv4,SPE,1.000,,,
205324,HYPERGLOBUS-AS,256,0.00,,,ipv4,MOW,1.000,,,
205349,BANK-PERESVET,256,0.00,,,ipv4,MOW,1.000,,,
205387,HYBRID-AS,256,0.00,,,ipv4,TAM,1.000,,,
205396,PRIAN-AS,256,0.00,,,ipv4,SPE,1.000,,,
205429,BRIDGELINE-AS,256,0.00,,,ipv4,TYU,1.000,,,
205432,GPUDC,256,0.00,,,ipv4,SPE,1.000,,,
205433,INFOBIS_AS,256,0.00,,,ipv4,SAR,1.000,,,
205482,DMAIL,256,0.00,,,ipv4,MOW,1.000,,,
205528,MIDION-AS,256,0.00,,,ipv4,VOR,1.000,,,
205562,NOVACARD,256,0.00,,,ipv4,NIZ,1.000,,,
205567,GEMOTEST-AS,256,0.00,,,ipv4,MOW,1.000,,,
205576,STADION_SPARTAK,256,0.00,,,ipv4,KDA,1.000,,,
205611,DM-BASIS-AS,256,0.00,,,ipv4,MOW,1.000,,,
205628,MIG-SRV-AS-1,256,0.00,,,ipv4,MOS,1.000,,,
205641,ELCOM-AS,256,0.00,,,ipv4,KHA,1.000,,,
205657,SPA-TELECOM-AS,256,0.00,,,ipv4,MOW,1.000,,,
205701,ABSOLUT,256,0.00,,,ipv4,SPE,1.000,,,
205720,MALTAT,256,0.00,,,ipv4,KYA,1.000,,,
205735,MITRA-AS,256,0.00,,,ipv4,KHM,1.000,,,
205754,TK-ALPHA,256,0.00,,,ipv4,TVE,1.000,,,
205765,NTV-PLUS,256,0.00,,,ipv4,MOW,1.000,,,
205799,SPOTTELECOM-AS,256,0.00,,,ipv4,TVE,1.000,,,
205824,LAGUNSTOV,256,0.00,,,ipv4,MOW,1.000,,,
205849,ISTEIT-AS,256,0.00,,,ipv4,SPE,1.000,,,
205907,MSU-1-AS,256,0.00,,,ipv4,MOS,1.000,,,
205954,CLOUD-VDS,256,0.00,,,ipv4,MOW,1.000,,,
205978,LONMADI,256,0.00,,,ipv4,MOS,1.000,,,
206027,FREIGHT-LINK-AS,256,0.00,,,ipv4,MOW,1.000,,,
206153,PROSVESHCHENIYE-AS,256,0.00,,,ipv4,MOW,1.000,,,
206156,RU-RADUGA-NEXTTELL,256,0.00,,,ipv4,MOW,1.000,,,
206179,GARANT-AS,256,0.00,,,ipv4,MOW,1.000,,,
206213,ASZHUCKOV,256,0.00,,,ipv4,MOS,1.000,,,
206247,SAVCHUK,256,0.00,,,ipv4,NVS,1.000,,,
206256,REGIONTEHSVYAZ-AS,256,0.00,,,ipv4,VGG,1.000,,,
206301,RUPROFIT-01,256,0.00,,,ipv4,MOW,1.000,,,
206323,SBI_BANK_AS,256,0.00,,,ipv4,MOW,1.000,,,
206334,START-TELE-RADIO,256,0.00,,,ipv4,MOW,1.000,,,
206337,IPE-RAS,256,0.00,,,ipv4,MOW,1.000,,,
206338,MRSK,256,0.00,,,ipv4,SPE,1.000,,,
206395,RCIB-AS,256,0.00,,,ipv4,VOR,1.000,,,
206396,ITK-AS,256,0.00,,,ipv4,MOW,1.000,,,
206403,FUND_OF_GRANOV,256,0.00,,,ipv4,SPE,1.000,,,
206407,RECONN-SPB,256,0.00,,,ipv4,MOW,1.000,,,
206465,ORGKHIM-AS,256,0.00,,,ipv4,NIZ,1.000,,,
206501,RCLOUD-AS,256,0.00,,,ipv4,MOW,1.000,,,
206503,CYBER-AVANGARD-AS,256,0.00,,,ipv4,MOW,1.000,,,
206515,A1-SYSTEMS-AS2,256,0.00,,,ipv4,MOW,1.000,,,
206536,JSNS2-AS,256,0.00,,,ipv4,SPE,1.000,,,
206538,ALFA-AS,256,0.00,,,ipv4,CHE,1.000,,,
206572,BARNAUL-ADM-AS,256,0.00,ALT,,ipv4,ALT,1.000,,,
206630,STD-TLC-NET,256,0.00,,,ipv4,MOS,1.000,,,
206631,PENOPLEX-AS,256,0.00,,,ipv4,MOW,1.000,,,
206707,IEGUTOV-AS,256,0.00,,,ipv4,NIZ,1.000,,,
206710,INVEST-PALATA,256,0.00,,,ipv4,MOW,1.000,,,
206724,LT-AS,256,0.00,,,ipv4,MOW,1.000,,,
206764,MEDIASOFT-AS,256,0.00,,,ipv4,MOW,1.000,,,
206817,AS-SIBDATA,256,0.00,,,ipv4,NVS,1.000,,,
206827,TMTR-,256,0.00,,,ipv4,MOW,1.000,,,
206845,BAKULEV-CENTER-AS,256,0.00,,,ipv4,MOW,1.000,,,
206850,NEOFLEX,256,0.00,,,ipv4,MOW,1.000,,,
206871,FINSIB,256,0.00,,,ipv4,MOW,1.000,,,
206965,CORPORATSIAZNAKAS,256,0.00,,,ipv4,MOW,1.000,,,
206968,ROSSETI-AS,256,0.00,,,ipv4,MOW,1.000,,,
207016,AS-GUOV,256,0.00,,,ipv4,MOW,1.000,,,
207025,RARUS,256,0.00,,,ipv4,MOW,1.000,,,
207049,TRK-ASN,256,0.00,,,ipv4,SPE,1.000,,,
207055,BCS2-AS,256,0.00,,,ipv4,NVS,1.000,,,
207078,CREDITURALBANK-AS,256,0.00,,,ipv4,TYU,1.000,,,
207093,TELE-K,256,0.00,,,ipv4,SVE,1.000,,,
207124,MAKFA-AS,256,0.00,,,ipv4,CHE,1.000,,,
207235,GURZUF-21-VEK-AS,256,0.00,,,ipv4,AMU,1.000,,,
207259,ENERGO,256,0.00,,,ipv4,SPE,1.000,,,
207284,ASPECT-AS1,256,0.00,,,ipv4,RYA,1.000,,,
207288,TOLEDO-AS,256,0.00,,,ipv4,NIZ,1.000,,,
207320,KOMPLEKS-MEDIA-AS,256,0.00,,,ipv4,CE,1.000,,,
207321,NMG-AS,256,0.00,,,ipv4,MOW,1.000,,,
207347,CIT2-AS,256,0.00,,,ipv4,KEM,1.000,,,
207361,AS_USERGATE,256,0.00,,,ipv4,NVS,1.000,,,
207373,ALTSPU-AS,256,0.00,,,ipv4,ALT,1.000,,,
207380,TECHNOTORG-AS,256,0.00,,,ipv4,UD,1.000,,,
207384,ORIGINAL-AS,256,0.00,,,ipv4,KYA,1.000,,,
207387,GRAVITEL-AS,256,0.00,,,ipv4,MOW,1.000,,,
207397,EFIR-MUROM-AS,256,0.00,,,ipv4,VLA,1.000,,,
207433,METROVAGONMASH,256,0.00,,,ipv4,MOS,1.000,,,
207438,ORG-SA4498-RIPE,256,0.00,,,ipv4,SPE,1.000,,,
207457,AT-AVIA,256,0.00,,,ipv4,MOW,1.000,,,
207472,LIVETEX-2,256,0.00,,,ipv4,SPE,1.000,,,
207501,BIKIN-AS,256,0.00,,,ipv4,KHA,1.000,,,
207504,INVINN-AS,256,0.00,,,ipv4,PER,1.000,,,
207548,SHVABE,256,0.00,,,ipv4,MOW,1.000,,,
207608,ANGARA-ASSISTANCE,256,0.00,,,ipv4,MOW,1.000,,,
207634,DIGITAL-LINK,256,0.00,,,ipv4,MOW,1.000,,,
207648,VDI-SERVICE,256,0.00,,,ipv4,SPE,1.000,,,
207657,ERC-ROSATOM,256,0.00,,,ipv4,SPE,1.000,,,
207665,OSS-SPB-AS,256,0.00,,,ipv4,SPE,1.000,,,
207698,ROSTURNER,256,0.00,,,ipv4,SPE,1.000,,,
207718,RU-HOSTER Anycast Ru-hoster network with DDoS protection,256,0.00,,,ipv4,NL,1.000,,,
207759,CLOUDIUM-AS,256,0.00,,,ipv4,NVS,1.000,,,
207859,GLAVSTROY-AS,256,0.00,,,ipv4,MOW,1.000,,,
207862,ELEKSIR-AS,256,0.00,,,ipv4,MOW,1.000,,,
207967,IPOCEAN  UPLINKS,256,0.00,,,ipv4,MOW,1.000,,,
207970,MAILRU-AS,256,0.00,,,ipv4,MOW,1.000,,,
207978,KSC-SB-RAS-AS,256,0.00,,,ipv4,KYA,1.000,,,
208047,INSERVICECENTER,256,0.00,,,ipv4,MOW,1.000,,,
208075,RSVO_MIRIT_SOCHI,256,0.00,,,ipv4,MOW,1.000,,,
208090,ACOSC-CRIMEA,256,0.00,,,ipv4,RU,1.000,,,
208099,TR-AS,256,0.00,,,ipv4,KDA,1.000,,,
208165,SBERLEASING,256,0.00,,,ipv4,MOW,1.000,,,
208186,ASN-KONSOM,256,0.00,,,ipv4,MOW,1.000,,,
208193,COAL-TRANS,256,0.00,,,ipv4,MOW,1.000,,,
208207,SKGELIOS-AS,256,0.00,,,ipv4,MOW,1.000,,,
208219,ROSTRANSMODERNIZATSIYA-AS,256,0.00,,,ipv4,MOW,1.000,,,
208252,ICOW,256,0.00,,,ipv4,MOW,1.000,,,
208274,NETUP-AS,256,0.00,,,ipv4,MOW,1.000,,,
208291,ONL-AS,256,0.00,,,ipv4,IRK,1.000,,,
208300,SOKIRKIN,256,0.00,,,ipv4,MOW,1.000,,,
208303,SKI-AS,256,0.00,,,ipv4,MOW,1.000,,,
208325,EUSPB,256,0.00,,,ipv4,MOW,1.000,,,
208345,MEBIUS-AS,256,0.00,,,ipv4,MOW,1.000,,,
208352,HKSY,256,0.00,,,ipv4,MOW,1.000,,,
208371,BOOKVOED,256,0.00,,,ipv4,SPE,1.000,,,
208380,ASMIRAM,256,0.00,,,ipv4,SPE,1.000,,,
208388,ODEZHDA3000-AS,256,0.00,,,ipv4,MOW,1.000,,,
208401,SVJAZNOY,256,0.00,,,ipv4,EE,1.000,,,
208409,FKP-PLANT-NAMED-AFTER-YMSVERDLOV FKP PLANT NAMED AFTER Y.M.SVERDLOV,256,0.00,,,ipv4,NIZ,1.000,,,
208461,NIPBANK,256,0.00,,,ipv4,MOW,1.000,,,
208503,LORD-AS,256,0.00,,,ipv4,MOW,1.000,,,
208509,PLUSSERVER-DRS,256,0.00,,,ipv4,IRK,1.000,,,
208511,R-INDUSTRY-AS,256,0.00,,,ipv4,MOW,1.000,,,
208547,VOLGA-AS,256,0.00,,,ipv4,MOW,1.000,,,
208573,SAYANNET-AS,256,0.00,,,ipv4,KYA,1.000,,,
208580,DEPO,256,0.00,,,ipv4,MOW,1.000,,,
208587,ARKATEK-AS-2,256,0.00,,,ipv4,MOW,1.000,,,
208604,PETROVISER,256,0.00,,,ipv4,TVE,1.000,,,
208605,MAGADAN-IT-AS,256,0.00,MAG,,ipv4,MAG,1.000,,,
208615,CDBMB-AS,256,0.00,,,ipv4,MOW,1.000,,,
208629,GOLDAPPLE,256,0.00,,,ipv4,SVE,1.000,,,
208631,PSKB-AS,256,0.00,,,ipv4,PRI,1.000,,,
208752,BAYKONURSVYAZINFORM-AS,256,0.00,,,ipv4,MOW,1.000,,,
208774,ASTTS,256,0.00,,,ipv4,MOW,1.000,,,
208894,TRM,256,0.00,,,ipv4,SPE,1.000,,,
208912,STARTELECOM,256,0.00,,,ipv4,KYA,1.000,,,
208936,COMVIP-AS,256,0.00,,,ipv4,MOS,1.000,,,
208942,FIRMA-ZDOROVYE-AS,256,0.00,,,ipv4,MOW,1.000,,,
208945,USTEK-CHELYABINSK,256,0.00,CHE,,ipv4,MOW,1.000,,,
208977,AS366,256,0.00,,,ipv4,MOW,1.000,,,
209008,UGTELECOM,256,0.00,,,ipv4,ROS,1.000,,,
209067,AS-AVIVA-TELECOM,256,0.00,,,ipv4,ALT,1.000,,,
209096,ANT-DS,256,0.00,,,ipv4,SPE,1.000,,,
209099,NONSTOP-AS,256,0.00,,,ipv4,TYU,1.000,,,
209119,ENERGOGARANT-AS,256,0.00,,,ipv4,MOW,1.000,,,
209188,TMHOLDING-AS,256,0.00,,,ipv4,MOW,1.000,,,
209217,RRPK-VL-AS,256,0.00,,,ipv4,IRK,1.000,,,
209228,MPNEDVIZHIMOST-AS,256,0.00,,,ipv4,MOS,1.000,,,
209249,KOV5-AS,256,0.00,,,ipv4,GB,1.000,,,
209313,INSVC-AS,256,0.00,,,ipv4,LEN,1.000,,,
209339,NSC-FIX-AS,256,0.00,,,ipv4,SPE,1.000,,,
209351,FINAMTECH-TT2,256,0.00,,,ipv4,RYA,1.000,,,
209415,LLC123PROD-AS,256,0.00,,,ipv4,MOW,1.000,,,
209458,DN-TELECOM-AS,256,0.00,,,ipv4,MOW,1.000,,,
209517,TCS-AS,256,0.00,,,ipv4,NIZ,1.000,,,
209546,NK-AS,256,0.00,,,ipv4,KLU,1.000,,,
209558,-Reserved AS-,256,0.00,,,ipv4,KL,1.000,,,
209592,INTERNET42-AS,256,0.00,,,ipv4,KEM,1.000,,,
209636,TRANSMOST,256,0.00,,,ipv4,SPE,1.000,,,
209655,FIBERTEL,256,0.00,,,ipv4,SPE,1.000,,,
209656,ROSTERMINALUGOL-NET,256,0.00,,,ipv4,LEN,1.000,,,
209657,APELSIN-AS,256,0.00,,,ipv4,SVE,1.000,,,
209666,SHAKHMIN-AS,256,0.00,,,ipv4,SVE,1.000,,,
209667,SMART-OFFICE,256,0.00,,,ipv4,SPE,1.000,,,
209679,GBUZ49,256,0.00,,,ipv4,SPE,1.000,,,
209698,VSUT-AS,256,0.00,,,ipv4,ME,1.000,,,
209747,MAY-NET,256,0.00,,,ipv4,AD,1.000,,,
209751,AT-VEGA,256,0.00,,,ipv4,MOW,1.000,,,
209763,IKINVESTOR-AS,256,0.00,,,ipv4,TA,1.000,,,
209773,NEWRADIO-AS,256,0.00,,,ipv4,MOS,1.000,,,
209779,SOLID-AS,256,0.00,,,ipv4,SAM,1.000,,,
209785,REPRO,256,0.00,,,ipv4,MOW,1.000,,,
209794,COOLCLEVER,256,0.00,,,ipv4,NIZ,1.000,,,
209796,RUSHYDRO,256,0.00,,,ipv4,MOW,1.000,,,
209867,SCORPION-NET,256,0.00,,,ipv4,MOW,1.000,,,
209873,RELYEFCENTRAS,256,0.00,,,ipv4,RYA,1.000,,,
209885,AKIAC-AS,256,0.00,,,ipv4,ALT,1.000,,,
209890,RENAULT-AS,256,0.00,,,ipv4,MOW,1.000,,,
209926,SKYSTREAM-AS,256,0.00,,,ipv4,BRY,1.000,,,
209932,CREDITDATA-AS,256,0.00,,,ipv4,NVS,1.000,,,
209954,STAR-TELECOM-AS,256,0.00,,,ipv4,CHE,1.000,,,
209962,MRSKVOLGI-AS,256,0.00,,,ipv4,MOW,1.000,,,
210038,ETPGPB,256,0.00,,,ipv4,MOW,1.000,,,
210067,SKYLINE-AS,256,0.00,,,ipv4,MOW,1.000,,,
210071,WEBGET,256,0.00,,,ipv4,MOW,1.000,,,
210113,BANK-ROSSIYA-2-AS,256,0.00,,,ipv4,SPE,1.000,,,
210160,ALMAZERGIENBANK-AS,256,0.00,,,ipv4,MOW,1.000,,,
210188,FLORISH,256,0.00,,,ipv4,MOW,1.000,,,
210209,VEELAN,256,0.00,,,ipv4,MOW,1.000,,,
210342,CKU-IT,256,0.00,,,ipv4,MOW,1.000,,,
210357,SHAHB-AS,256,0.00,,,ipv4,DA,1.000,,,
210408,IQRUS-AS,256,0.00,,,ipv4,SAM,1.000,,,
210416,SVRHOUSE,256,0.00,,,ipv4,PSK,1.000,,,
210451,RBK-INVEST,256,0.00,,,ipv4,RU,1.000,,,
210493,ITS-PRO-AS,256,0.00,,,ipv4,KLU,1.000,,,
210494,NETHOUSE,256,0.00,,,ipv4,SPE,1.000,,,
210553,CONNECT-AS,256,0.00,,,ipv4,MOW,1.000,,,
210600,SELIGDAR,256,0.00,,,ipv4,SA,1.000,,,
210682,A3PAY-AS,256,0.00,,,ipv4,MOW,1.000,,,
210702,TELECOMV4-AS,256,0.00,,,ipv4,MOS,1.000,,,
210706,STCK-AS,256,0.00,,,ipv4,MOW,1.000,,,
210720,INTERNET-TELECOM-AS,256,0.00,,,ipv4,MOW,1.000,,,
210725,GLAVKINO-AS,256,0.00,,,ipv4,MOW,1.000,,,
210735,BIT-AS,256,0.00,,,ipv4,ROS,1.000,,,
210753,TILDAPUBLISHING-RU-1,256,0.00,,,ipv4,MOW,1.000,,,
210786,ASEFKO,256,0.00,,,ipv4,MOW,1.000,,,
210787,CDEK4-AS,256,0.00,,,ipv4,AST,1.000,,,
210827,AURORA-AS,256,0.00,,,ipv4,LEN,1.000,,,
210828,PROFHOLOD,256,0.00,,,ipv4,MOS,1.000,,,
210889,KRASTSVETMET,256,0.00,,,ipv4,KYA,1.000,,,
210899,NEFTM-AS,256,0.00,,,ipv4,MOW,1.000,,,
210914,CITYLAB,256,0.00,,,ipv4,MOW,1.000,,,
210926,WORLDBYTE-NET,256,0.00,,,ipv4,FR,1.000,,,
210931,VDSTEL-AS,256,0.00,,,ipv4,MOW,1.000,,,
210956,ATK-AS,256,0.00,,,ipv4,KDA,1.000,,,
210989,VAC,256,0.00,,,ipv4,MOW,1.000,,,
211002,G2NET-AS,256,0.00,,,ipv4,KHM,1.000,,,
211063,AS-E,256,0.00,,,ipv4,GB,1.000,,,
211078,ORSAVIA,256,0.00,,,ipv4,MOW,1.000,,,
211114,-Reserved AS-,256,0.00,,,ipv4,ROS,1.000,,,
211150,SVYAZINFORM-KURSK-AS,256,0.00,KRS,KRS,ipv4,KRS,1.000,,,1.000
211173,NZRRTA,256,0.00,,,ipv4,MOW,1.000,,,
211185,RUSCHEMALLIANCE-AS,256,0.00,,,ipv4,MOW,1.000,,,
211229,LION-TRADE,256,0.00,,,ipv4,PER,1.000,,,
211240,KRASSETI,256,0.00,,,ipv4,KYA,1.000,,,
211247,HEYLING,256,0.00,,,ipv4,MOW,1.000,,,
211258,MGIMO,256,0.00,,,ipv4,MOW,1.000,,,
211311,FESCO-NET-2,256,0.00,,,ipv4,MOW,1.000,,,
211343,NSK-LLCFLEX-AS,256,0.00,,,ipv4,MOW,1.000,,,
211379,ASNEOTELECOMPLUS,256,0.00,,,ipv4,KK,1.000,,,
211404,RG-AS,256,0.00,,,ipv4,MOW,1.000,,,
211406,REANTACLOUD-AS,256,0.00,,,ipv4,MOW,1.000,,,
211446,A-GROUP,256,0.00,,,ipv4,MOW,1.000,,,
211497,TAVROS-AS,256,0.00,,,ipv4,MOW,1.000,,,
211503,TRINITY,256,0.00,,,ipv4,SPE,1.000,,,
211506,SLAVCOM,256,0.00,,,ipv4,MOW,1.000,,,
211520,AMBER,256,0.00,,,ipv4,MOW,1.000,,,
211529,O-TEPLOSET,256,0.00,,,ipv4,AMU,1.000,,,
211532,MTUCI-AS,256,0.00,,,ipv4,MOW,1.000,,,
211542,RKS-ENERGO,256,0.00,,,ipv4,MOW,1.000,,,
211563,STILKUHNI,256,0.00,,,ipv4,MOW,1.000,,,
211587,ASF-AS,256,0.00,,,ipv4,IRK,1.000,,,
211605,VECTORTEL,256,0.00,,,ipv4,MOW,1.000,,,
211618,MEDMA,256,0.00,,,ipv4,SVE,1.000,,,
211620,-Reserved AS-,256,0.00,,,ipv4,CHE,1.000,,,
211624,TETRON-AS,256,0.00,,,ipv4,MOW,1.000,,,
211631,SBERINS,256,0.00,,,ipv4,MOW,1.000,,,
211637,SIMPLE-SPB,256,0.00,,,ipv4,MOW,1.000,,,
211639,KORNET,256,0.00,,,ipv4,MOW,1.000,,,
211641,ARSTELECOM-AS,256,0.00,,,ipv4,PRI,1.000,,,
211663,GALEON-AS,256,0.00,,,ipv4,SPE,1.000,,,
211692,LVLDN-AS,256,0.00,,,ipv4,MOW,1.000,,,
211697,CARDSTANDART,256,0.00,,,ipv4,NVS,1.000,,,
211712,AS7UTRA,256,0.00,,,ipv4,VOR,1.000,,,
211714,MIAC-AS,256,0.00,,,ipv4,ORL,1.000,,,
211716,TK-ALFA-NET,256,0.00,,,ipv4,TVE,1.000,,,
211730,CPP,256,0.00,,,ipv4,NVS,1.000,,,
211773,VOSTOK-SERVICE-AS,256,0.00,,,ipv4,MOW,1.000,,,
211778,INTARMIT,256,0.00,,,ipv4,MOW,1.000,,,
211795,FJ-VOLGA,256,0.00,,,ipv4,SAR,1.000,,,
211801,SSKZVEZDA,256,0.00,,,ipv4,PRI,1.000,,,
211821,BAKAEV-AS,256,0.00,,,ipv4,NVS,1.000,,,
211825,BOLSHIE_SVYAZI-AS,256,0.00,,,ipv4,CE,1.000,,,
211845,DDEVICE,256,0.00,,,ipv4,MOW,1.000,,,
211866,SINTEL-AS,256,0.00,,,ipv4,MOW,1.000,,,
211867,ALL-INC-AS,256,0.00,,,ipv4,AD,1.000,,,
211928,ALFALEASING-AS,256,0.00,,,ipv4,MOW,1.000,,,
211930,FSKNW,256,0.00,,,ipv4,SPE,1.000,,,
211932,OLYMP-AS,256,0.00,,,ipv4,MOW,1.000,,,
212006,KARIZON-AS,256,0.00,,,ipv4,MOW,1.000,,,
212015,KASATKA,256,0.00,,,ipv4,NIZ,1.000,,,
212016,ZVD423AS,256,0.00,,,ipv4,MOW,1.000,,,
212075,RENTV-AS,256,0.00,,,ipv4,MOW,1.000,,,
212092,TELEMNET,256,0.00,,,ipv4,MOW,1.000,,,
212095,RECONN-GVSERVICES,256,0.00,,,ipv4,MOW,1.000,,,
212114,BBR-NET,256,0.00,,,ipv4,MOW,1.000,,,
212126,ASVOLSK,256,0.00,,,ipv4,SAR,1.000,,,
212134,DANFOSS-NET,256,0.00,,,ipv4,MOW,1.000,,,
212205,TELECOMSYSTEMS-AS,256,0.00,,,ipv4,RU,1.000,,,
212206,MAXTELECOM,256,0.00,,,ipv4,STA,1.000,,,
212213,AVOSEND-DL,256,0.00,,,ipv4,MOW,1.000,,,
212247,ITSERVICE-AS,256,0.00,,,ipv4,SPE,1.000,,,
212260,BIENERGETIK,256,0.00,,,ipv4,MOS,1.000,,,
212266,NPCPROM-AS,256,0.00,,,ipv4,SVE,1.000,,,
212272,VTK-SPB,256,0.00,,,ipv4,SPE,1.000,,,
212273,YLP,256,0.00,,,ipv4,SPE,1.000,,,
212275,GMK-AS,256,0.00,,,ipv4,KYA,1.000,,,
212277,NPFF,256,0.00,,,ipv4,MOW,1.000,,,
212303,CONTACT-PLUS-AS,256,0.00,,,ipv4,MOS,1.000,,,
212333,ARTEKS,256,0.00,,,ipv4,SPE,1.000,,,
212352,RESHENIE-AS,256,0.00,,,ipv4,MOW,1.000,,,
212366,UTBACKAS-AS,256,0.00,,,ipv4,MOS,1.000,,,
212395,SUENCO,256,0.00,,,ipv4,MOW,1.000,,,
212410,VTBF-AS,256,0.00,,,ipv4,MOW,1.000,,,
212439,ETPGPB2,256,0.00,,,ipv4,MOW,1.000,,,
212456,TELECOM-OREL-AS,256,0.00,,,ipv4,KRS,1.000,,,
212480,RUS-AS,256,0.00,,,ipv4,MOW,1.000,,,
212490,SETI,256,0.00,,,ipv4,MOW,1.000,,,
212491,CONTINENT-AS,256,0.00,,,ipv4,MOW,1.000,,,
212545,FSK-AS,256,0.00,,,ipv4,MOW,1.000,,,
212566,VVLON-AS,256,0.00,,,ipv4,SPE,1.000,,,
212575,IITRUST-AS,256,0.00,,,ipv4,MOW,1.000,,,
212600,NEWNET-SAMARA,256,0.00,SAM,SAM,ipv4,MOW,1.000,,,0.000
212620,RGH-AS,256,0.00,,,ipv4,MOW,1.000,,,
212712,IP-AS,256,0.00,,,ipv4,TVE,1.000,,,
212728,SMARTSVYAZ,256,0.00,,,ipv4,MOW,1.000,,,
212732,JSC_TSNIIMASH,256,0.00,,,ipv4,KDA,1.000,,,
212747,NIIR-AS,256,0.00,,,ipv4,MOW,1.000,,,
212750,ENERGOTRANSBANK-AS,256,0.00,,,ipv4,KGD,1.000,,,
212863,BITELECOM,256,0.00,,,ipv4,MOW,1.000,,,
212869,LANTABANK,256,0.00,,,ipv4,MOW,1.000,,,
212919,BIOVITRUMRU-ASN,256,0.00,,,ipv4,SPE,1.000,,,
212936,ZEONIT-AS,256,0.00,,,ipv4,MOW,1.000,,,
212964,TEKSPB-AS,256,0.00,,,ipv4,SPE,1.000,,,
213041,UGSK,256,0.00,,,ipv4,KHM,1.000,,,
213046,PROCYON-AS,256,0.00,,,ipv4,KDA,1.000,,,
213077,BEYS-AS,256,0.00,,,ipv4,DA,1.000,,,
213105,AS_EAPTEKA,256,0.00,,,ipv4,MOS,1.000,,,
213117,RCRAB RussianCrab office,256,0.00,,,ipv4,PRI,1.000,,,
213133,CORPNETACADEMY,256,0.00,,,ipv4,MOW,1.000,,,
213175,TESLA-SVYAZ,256,0.00,,,ipv4,MOW,1.000,,,
213191,IVC-DON-AS,256,0.00,,,ipv4,UA,1.000,,,
213194,NECHAEVDS-AS,256,0.00,,,ipv4,NL,1.000,,,
213235,MAILRU-AS,256,0.00,,,ipv4,MOW,1.000,,,
213258,CHYUS-NET-1,256,0.00,,,ipv4,ME,1.000,,,
213329,GLIPTIKA-AS,256,0.00,,,ipv4,SAM,1.000,,,
213381,PANDORATRADE-AS,256,0.00,,,ipv4,KLU,1.000,,,
213435,TRUCKSVOSTOK,256,0.00,,,ipv4,MOW,1.000,,,
213457,FEMCO-AS,256,0.00,,,ipv4,SAK,1.000,,,
213478,INTELLECTMONEY-AS,256,0.00,,,ipv4,TAM,1.000,,,
213480,STROYPROEKTSERVIS,256,0.00,,,ipv4,IRK,1.000,,,
213497,KRASHKOM,256,0.00,,,ipv4,MOW,1.000,,,
213498,INFRONET-AS,256,0.00,,,ipv4,MOS,1.000,,,
213503,ITSPROJECT-AS,256,0.00,,,ipv4,MOS,1.000,,,
213508,MAIN,256,0.00,,,ipv4,MOW,1.000,,,
213523,GIS-NBGI GIS National Database of Genetic Information,256,0.00,,,ipv4,MOW,1.000,,,
213553,BRTERMINAL,256,0.00,,,ipv4,MOW,1.000,,,
213555,ITH-AS,256,0.00,,,ipv4,MOW,1.000,,,
213602,BK-OLIMP,256,0.00,,,ipv4,MOW,1.000,,,
213666,BRIDGE,256,0.00,,,ipv4,SPE,1.000,,,
213761,MSU-RCC ORG-RCCO1-RIPE  Research Computing Center of Lomonosov Moscow State University,256,0.00,MOW,,ipv4,MOW,1.000,,,
213789,WINLINE,256,0.00,,,ipv4,MOW,1.000,,,
213805,EFFINVEST-AS,256,0.00,,,ipv4,MOW,1.000,,,
213810,SONET-AS,256,0.00,,,ipv4,MOS,1.000,,,
213829,SOYUZSNAB-AS,256,0.00,,,ipv4,MOS,1.000,,,
213853,CMU_GRCHC,256,0.00,,,ipv4,PSK,1.000,,,
213926,AIBANK-AS Commercial bank Asia-Invest Bank joint-stock company,256,0.00,,,ipv4,MOW,1.000,,,
213933,DELTALEASING-AS,256,0.00,,,ipv4,PRI,1.000,,,
213937,GAGRATEL-AS,256,0.00,,,ipv4,GE,1.000,,,
213961,FORAPROM,256,0.00,,,ipv4,MOW,1.000,,,
213995,FROSTYHOSTING-AS,256,0.00,,,ipv4,MOW,1.000,,,
214066,TATSPIRTPROM-AS,256,0.00,,,ipv4,TA,1.000,,,
214069,TELE-SERVICE,256,0.00,,,ipv4,SPE,1.000,,,
214081,KOSHELNIK,256,0.00,,,ipv4,BEL,1.000,,,
214115,TOPNET72-AS,256,0.00,,,ipv4,TYU,1.000,,,
214141,-Reserved AS-,256,0.00,,,ipv4,MOW,1.000,,,
214152,ASNUM-IRB,256,0.00,,,ipv4,MOW,1.000,,,
214201,MIREA,256,0.00,,,ipv4,MOW,1.000,,,
214210,ELEMENT,256,0.00,,,ipv4,SMO,1.000,,,
214218,MIRONOV,256,0.00,,,ipv4,MOW,1.000,,,
214306,SKRYSPORTS-AS,256,0.00,,,ipv4,NVS,1.000,,,
214356,UNIT7,256,0.00,,,ipv4,MOW,1.000,,,
214367,RU-PAYGINE,256,0.00,,,ipv4,SPE,1.000,,,
214385,OPSYGEN,256,0.00,,,ipv4,MOW,1.000,,,
214395,NOOSPHERE,256,0.00,,,ipv4,MOS,1.000,,,
214463,INVERSTELECOM-AS,256,0.00,,,ipv4,KK,1.000,,,
214511,YTSS,256,0.00,,,ipv4,MOW,1.000,,,
214535,BIOTECH-CAMPUS,256,0.00,,,ipv4,MOW,1.000,,,
214540,LIFEPAY-AS,256,0.00,,,ipv4,MOW,1.000,,,
214573,MOBILECARD,256,0.00,,,ipv4,SPE,1.000,,,
214612,NNPF-AS,256,0.00,,,ipv4,TA,1.000,,,
214624,RHMV,256,0.00,,,ipv4,KYA,1.000,,,
214631,GKTOCHNOTELECOMAS,256,0.00,,,ipv4,KDA,1.000,,,
214653,SOLARSPACE,256,0.00,,,ipv4,MOW,1.000,,,
214664,BUDUSCHEE,256,0.00,,,ipv4,MOW,1.000,,,
214683,ULTRAMAR,256,0.00,,,ipv4,LEN,1.000,,,
214697,KOMTEL,256,0.00,,,ipv4,NGR,1.000,,,
214702,ATSERVICE,256,0.00,,,ipv4,MUR,1.000,,,
214767,YUG-AS,256,0.00,,,ipv4,LEN,1.000,,,
214793,BARYSHKOV-AA,256,0.00,,,ipv4,SPE,1.000,,,
214817,ATD-ASE,256,0.00,,,ipv4,MOW,1.000,,,
214856,ILEASING,256,0.00,,,ipv4,MOW,1.000,,,
214870,AS214870 - YAKOV & PARTNERS LLC,256,0.00,,,ipv4,MOW,1.000,,,
214872,EXAHOST-AS,256,0.00,,,ipv4,MOW,1.000,,,
214883,DELTEKS-AS,256,0.00,,,ipv4,MOW,1.000,,,
214887,DEFO-MEBEL,256,0.00,,,ipv4,SPE,1.000,,,
214951,S7IT-AS-2,256,0.00,,,ipv4,NVS,1.000,,,
214956,NEW-IT-PROJECT-AS,256,0.00,,,ipv4,MOW,1.000,,,
214975,GIREY-NET-AS,256,0.00,,,ipv4,MOW,1.000,,,
215032,ELKOMA-AS,256,0.00,,,ipv4,CE,1.000,,,
215055,TENSOR-LTD,256,0.00,,,ipv4,MOW,1.000,,,
215077,SKAISKOR-AS,256,0.00,,,ipv4,OMS,1.000,,,
215121,SMINEX-AS,256,0.00,,,ipv4,MOW,1.000,,,
215167,KRYMTELECOM_LTD,256,0.00,,,ipv4,MOW,1.000,,,
215226,SIRIUS-AS,256,0.00,,,ipv4,MOW,1.000,,,
215244,RED_WINGS,256,0.00,,,ipv4,MOW,1.000,,,
215259,-Reserved AS-,256,0.00,,,ipv4,MOW,1.000,,,
215279,BAZIS,256,0.00,,,ipv4,ALT,1.000,,,
215349,ITUSLUGI-SPB-AS,256,0.00,,,ipv4,SPE,1.000,,,
215394,IVA-AS,256,0.00,,,ipv4,MOW,1.000,,,
215438,LEBEDEV-A-E,256,0.00,,,ipv4,MOW,1.000,,,
215456,GAZSTROYPROM-AS,256,0.00,,,ipv4,SPE,1.000,,,
215469,VDSPLUS-AS,256,0.00,,,ipv4,NVS,1.000,,,
215498,FONCOR,256,0.00,,,ipv4,MOW,1.000,,,
215519,-Reserved AS-,256,0.00,,,ipv4,MOW,1.000,,,
215539,-Reserved AS-,256,0.00,,,ipv4,SPE,1.000,,,
215572,GOODPROVIDER-AS,256,0.00,,,ipv4,BRY,1.000,,,
215584,IT-NS,256,0.00,,,ipv4,MOW,1.000,,,
215589,VARTON-AS,256,0.00,,,ipv4,MOS,1.000,,,
215634,TRINFICO,256,0.00,,,ipv4,MOW,1.000,,,
215678,KEV,256,0.00,,,ipv4,SAR,1.000,,,
215688,MODUM-AS,256,0.00,,,ipv4,MOW,1.000,,,
215705,MRIYA-LCC,256,0.00,,,ipv4,RU,1.000,,,
215809,MINSTROYRF,256,0.00,,,ipv4,MOW,1.000,,,
215810,X5-CORPORATECENTER,256,0.00,,,ipv4,MOW,1.000,,,
215818,B4COM,256,0.00,,,ipv4,MOW,1.000,,,
215851,JOINNET-AS,256,0.00,,,ipv4,MOW,1.000,,,
215881,"ELYTRIUM-AS Elytrium LLC, Russian Federation",256,0.00,,,ipv4,MOW,1.000,,,
215897,NEUROLAND,256,0.00,,,ipv4,ALT,1.000,,,
215943,FOTON-AS,256,0.00,,,ipv4,SAM,1.000,,,
215944,ISLAB,256,0.00,,,ipv4,MOW,1.000,,,
215979,MAKSAVIT-AS,256,0.00,,,ipv4,NIZ,1.000,,,
215997,AQ-AS,256,0.00,,,ipv4,MOW,1.000,,,
216011,DOBNWFD-AS,256,0.00,,,ipv4,MOW,1.000,,,
216090,SERVICE-V,256,0.00,,,ipv4,MOW,1.000,,,
216103,PAYMENTCENTER,256,0.00,,,ipv4,NVS,1.000,,,
216119,ERICOM-AS,256,0.00,,,ipv4,MOW,1.000,,,
216128,SOFTM,256,0.00,,,ipv4,PER,1.000,,,
216158,TELEPORTMEDIA-AS,256,0.00,,,ipv4,PER,1.000,,,
216178,SVYAZON-AS,256,0.00,,,ipv4,MOW,1.000,,,
216185,BILETIK_ONLAIN,256,0.00,,,ipv4,YAN,1.000,,,
216201,CLSL,256,0.00,,,ipv4,MOW,1.000,,,
216203,PHSTD-AS,256,0.00,,,ipv4,MOS,1.000,,,
216214,PROFINF,256,0.00,,,ipv4,MOW,1.000,,,
216218,DATA-1-AS,256,0.00,,,ipv4,MOW,1.000,,,
216234,SERVER-21-AS,256,0.00,,,ipv4,MOW,1.000,,,
216236,NOVOFON-AS,256,0.00,,,ipv4,MOW,1.000,,,
216290,TENDER-BANK,256,0.00,,,ipv4,MOW,1.000,,,
216317,TRUBNAYASIV,256,0.00,,,ipv4,MOW,1.000,,,
216335,KALIBR-SB-AS,256,0.00,,,ipv4,MOS,1.000,,,
216377,CTDL-MSK,256,0.00,,,ipv4,NIZ,1.000,,,
216379,CIFRABEAT,256,0.00,,,ipv4,MOW,1.000,,,
216460,POLYPLAST,256,0.00,,,ipv4,MOW,1.000,,,
218504,NORDGARD-TELECOM - LIRANET LLC,256,0.00,,,ipv4,MOW,1.000,,,
218523,CF-AS - LLC CLOUD FACILITIES,256,0.00,,,ipv4,MOW,1.000,,,
218597,BIOGARDA-AS - Biogarda LLC,256,0.00,,,ipv4,MOW,1.000,,,
218621,WCLOUD-HOST-AS - Victor Polenok,256,0.00,,,ipv4,US,1.000,,,
218765,SHINRIDEVELOPMENT-AS - Shinri Development LLC,256,0.00,,,ipv4,MOW,1.000,,,
218952,HR-LINK-AS - Innovatsii v upravlenii kadrami LLC,256,0.00,,,ipv4,SPE,1.000,,,
219061,"FREETATO - ""Fritato Group"" Limited Liability Company",256,0.00,,,ipv4,ROS,1.000,,,
219081,BZKLINIKA-AS - Klinika Bud Zdorov LLC,256,0.00,,,ipv4,MOW,1.000,,,
219089,MI-CLOUD - M-Cloud LLC,256,0.00,,,ipv4,MOW,1.000,,,
219112,MRI-AS - Mukhayarov Rinat Ildusovich,256,0.00,,,ipv4,MOW,1.000,,,
219120,Cifrovoy_svod - Cifrovoy svod LLC,256,0.00,,,ipv4,MOS,1.000,,,
219137,ATS-AS - ATS LLC,256,0.00,,,ipv4,MOW,1.000,,,
219165,"Programmnye-Resheniya-AS - OOO ""Programmnye Resheniya""",256,0.00,,,ipv4,NVS,1.000,,,
219183,MyCheapHost - Artem Vilyevich Filippov,256,0.00,,,ipv4,MOW,1.000,,,
219201,SISTEMAGOROD-AS - Sistema Gorod JSC,256,0.00,,,ipv4,ORE,1.000,,,
219216,TELECOMSTROYSERVICE-AS - OOO TELECOMSTROYSERVICE,256,0.00,,,ipv4,NIZ,1.000,,,
219225,IDRIS-ASN - Idris Alaudievich Umaev,256,0.00,,,ipv4,CE,1.000,,,
219238,NSKIB-ASN - NSKIB LLC,256,0.00,,,ipv4,PL,1.000,,,
219305,elenahost - Center of Hosting Network Elena Hosting LLC,256,0.00,,,ipv4,TOM,1.000,,,
219340,KUSIGMA - KUSIGMA LLC,256,0.00,,,ipv4,SPE,1.000,,,
219341,MILLWOOD - Chalet Life LLC,256,0.00,,,ipv4,BRY,1.000,,,
219413,ServiceCom-AS - ServiceCom Ltd.,256,0.00,,,ipv4,IRK,1.000,,,
202079,NIIME-AS,32,0.00,,,ipv4,MOW,1.000,,,
212423,ALITER-AS,16,0.00,,,ipv4,SPE,1.000,,,
212452,ALITER-AS,16,0.00,,,ipv4,SPE,1.000,,,
